"ANIO","MES","FECHA_REGISTRO","DEPARTAMENTO","MUNICIPIO","VEREDA_CORREGIMIENTO","PREDIO_BARRIO","AREA_PROTEGIDA_NACIONAL","LATITUD","LONGITUD","ELEVACION_MSNM","AREA_COPA_HA","AREA_SUPERFICIAL_HA","AREA_SUBTERRANEO_HA","AREA_MIXTO_HA","AREA_OTRO_TIPO_HA","CAUSA_QUEMA_FUERA_CONTROL","CAUSA_DESCUIDO_NEGLIGENCIA","CAUSA_INTENCIONAL","CAUSA_ACCIDENTAL","CAUSA_REACTIVACION_FOCOS","CAUSA_OTRA","COB_BOSQUE_NATURAL_DENSO","COB_BOSQUE_INTERVENIDO","COB_BOSQUE_PLANTADO","COB_BOSQUE_SECO","COB_CULTIVOS","COB_PARAMOS","COB_SABANAS_PASTIZALES","COB_PASTOS_MANEJADOS","COB_RASTROJO","COB_VEGETACION_SECA","COB_COBERTURA_SIN_DETERMINAR","AREA_TOTAL_HA","ENTIDAD_REPORTA","FUENTE_HOJA"
"2021","Enero","2021-01-02","BOLIVAR","El Peñon","","","N","","","","","","","","","","","","","","","","","","","","","","","","","","6","","BD_ICV_2021"
"2021","Junio","2021-06-17","QUINDÍO","Córdoba","Travesías","","N","","","","","","","","","","","","","","","","","","","","","","","","","","0.01","","BD_ICV_2021"
"2021","Junio","2021-06-07","HUILA","Campoalegre","Vereda Llano Sur","","N","","","","","","","","","","","","","","","","","","","","","","","","","","1.5","","BD_ICV_2021"
"2021","Junio","2021-06-07","HUILA","Yaguará","Vereda Vilu (Sector El Cucharo).","","N","","","","","","","","","","","","","","","","","","","","","","","","","","15","","BD_ICV_2021"
"2021","Junio","2021-06-15","HUILA","Palermo","Vereda Buenos Aires (finca Corral de Piedra)","","N","","","","","","","","","","","","","","","","","","","","","","","","","","1","","BD_ICV_2021"
"2021","Mayo","2021-05-25","AMAZONAS","Leticia","","","N","","","","","","","","","","","","","","","","","","","","","","","","","","60","","BD_ICV_2021"
"2021","Mayo","2021-05-23","SANTANDER","Rionegro","Llano de Palmas","","N","","","","","","","","","","","","","","","","","","","","","","","","","","0.18","","BD_ICV_2021"
"2021","Abril","2021-04-05","QUINDÍO","Calarcá","La Paloma","","S","","","","","","","","","","","","","","","","","","","","","","","","","","1.55","","BD_ICV_2021"
"2021","Abril","2021-04-02","CUNDINAMARCA","Facatativá","VEREDA MANCILLA","","S","","","","","","","","","","","","","","","","","","","","","","","","","","5.2","","BD_ICV_2021"
"2021","Abril","2021-04-24","CUNDINAMARCA","Cucunubá","VEREDA PEÑA","","N","","","","","","","","","","","","","","","","","","","","","","","","","","1.1200000000000001","","BD_ICV_2021"
"2021","Abril","2021-04-18","CUNDINAMARCA","Susa","vereda CASCADAS","","N","","","","","","","","","","","","","","","","","","","","","","","","","","7.8","","BD_ICV_2021"
"2021","Abril","2021-04-15","CAUCA","Totoró","Vereda Bajo Palace","","N","","","","","","","","","","","","","","","","","","","","","","","","","","0.5","","BD_ICV_2021"
"2021","Abril","2021-04-24","SANTANDER","Girón","Altos de llano Grande","","N","","","","","","","","","","","","","","","","","","","","","","","","","","15","","BD_ICV_2021"
"2021","Abril","2021-04-11","BOYACÁ","Cucaita","VDA. CHIPACATA","","N","","","","","","","","","","","","","","","","","","","","","","","","","","1.55","","BD_ICV_2021"
"2021","Abril","2021-04-22","BOYACÁ","Samacá","VDA. SALAMANCA Y PATAGUY","","N","","","","","","","","","","","","","","","","","","","","","","","","","","1.81","","BD_ICV_2021"
"2021","Abril","2021-04-13","CUNDINAMARCA","Guaduas","vereda El Escritorio sector la Manga","","N","","","","","","","","","","","","","","","","","","","","","","","","","","10","","BD_ICV_2021"
"2021","Abril","2021-04-09","SUCRE","Ovejas","Medellin","","N","","","","","","","","","","","","","","","","","","","","","","","","","","10","","BD_ICV_2021"
"2021","Abril","2021-04-09","SUCRE","Ovejas","","","N","","","","","","","","","","","","","","","","","","","","","","","","","","698.3","","BD_ICV_2021"
"2021","Marzo","2021-03-03","NORTE DE SANTANDER","Cáchira","Guerrero","","N","","","","","","","","","","","","","","","","","","","","","","","","","","2.5","","BD_ICV_2021"
"2021","Marzo","2021-03-30","QUINDÍO","Génova","El Cedral","","S","","","","","","","","","","","","","","","","","","","","","","","","","","0.54","","BD_ICV_2021"
"2021","Marzo","2021-03-01","CESAR","Valledupar","CTO DE VALENCIA DE JESUS","","N","","","","","","","","","","","","","","","","","","","","","","","","","","2.14","","BD_ICV_2021"
"2021","Marzo","2021-03-01","CESAR","Valledupar","CTO DE VALENCIA DE JESUS","","N","","","","","","","","","","","","","","","","","","","","","","","","","","6.1","","BD_ICV_2021"
"2021","Marzo","2021-03-01","CESAR","Valledupar","CTO DE VALENCIA DE JESUS","","N","","","","","","","","","","","","","","","","","","","","","","","","","","45.3","","BD_ICV_2021"
"2021","Marzo","2021-03-01","CESAR","Valledupar","CTO DE VALENCIA DE JESUS","","N","","","","","","","","","","","","","","","","","","","","","","","","","","46.3","","BD_ICV_2021"
"2021","Marzo","2021-03-01","CESAR","Valledupar","CTO DE VALENCIA DE JESUS","","N","","","","","","","","","","","","","","","","","","","","","","","","","","4.12","","BD_ICV_2021"
"2021","Marzo","2021-03-06","CUNDINAMARCA","Tibirita","VEREDA GUSVITA","","N","","","","","","","","","","","","","","","","","","","","","","","","","","7","","BD_ICV_2021"
"2021","Marzo","2021-03-14","CESAR","Valledupar","CARACOLÍ","","N","","","","","","","","","","","","","","","","","","","","","","","","","","2932","","BD_ICV_2021"
"2021","Marzo","2021-03-09","CESAR","Valledupar","AZUCARBUENA","","N","","","","","","","","","","","","","","","","","","","","","","","","","","343","","BD_ICV_2021"
"2021","Marzo","2021-03-04","SANTANDER","El Playón","San Pero de las Cruces","","N","","","","","","","","","","","","","","","","","","","","","","","","","","1","","BD_ICV_2021"
"2021","Marzo","2021-03-12","SUCRE","San Marcos","EL PITAL","","N","","","","","","","","","","","","","","","","","","","","","","","","","","17.3","","BD_ICV_2021"
"2021","Marzo","2021-03-03","SUCRE","Guaranda","BOCA DEL CANAL","","N","","","","","","","","","","","","","","","","","","","","","","","","","","0.7","","BD_ICV_2021"
"2021","Marzo","2021-03-15","CESAR","Valledupar","LA GUITARRA","","N","","","","","","","","","","","","","","","","","","","","","","","","","","6543.03","","BD_ICV_2021"
"2021","Marzo","2021-03-26","CESAR","El Copey","El Saltillo-Las Cumbres","","N","","","","","","","","","","","","","","","","","","","","","","","","","","1554.49","","BD_ICV_2021"
"2021","Marzo","2021-03-09","CESAR","Valledupar","AZUCARBUENA","","N","","","","","","","","","","","","","","","","","","","","","","","","","","357.92","","BD_ICV_2021"
"2021","Marzo","2021-03-03","BOYACÁ","Guateque","Chorro Tinto y Pozoz","","N","","","","","","","","","","","","","","","","","","","","","","","","","","4","","BD_ICV_2021"
"2021","Febrero","2021-02-04","BOYACÁ","Caldas","","","N","","","","","","","","","","","","","","","","","","","","","","","","","","9","","BD_ICV_2021"
"2021","Febrero","2021-02-11","BOYACÁ","Almeida","","","S","","","","","","","","","","","","","","","","","","","","","","","","","","5","","BD_ICV_2021"
"2021","Febrero","2021-02-18","SANTANDER","El Playón","V Playón","","N","","","","","","","","","","","","","","","","","","","","","","","","","","3.31","","BD_ICV_2021"
"2021","Febrero","2021-02-08","SANTANDER","El Playón","V Límite","","N","","","","","","","","","","","","","","","","","","","","","","","","","","2.16","","BD_ICV_2021"
"2021","Febrero","2021-02-18","SANTANDER","El Playón","V Playón","","N","","","","","","","","","","","","","","","","","","","","","","","","","","2.83","","BD_ICV_2021"
"2021","Febrero","2021-02-05","QUINDÍO","Calarcá","Santo Domingo Bajo","","N","","","","","","","","","","","","","","","","","","","","","","","","","","0.02","","BD_ICV_2021"
"2021","Febrero","2021-02-03","SANTANDER","Suratá","V El Mohán","","S","","","","","","","","","","","","","","","","","","","","","","","","","","305.08999999999997","","BD_ICV_2021"
"2021","Febrero","2021-02-08","NORTE DE SANTANDER","Durania","Sepiulturas","","N","","","","","","","","","","","","","","","","","","","","","","","","","","6.29","","BD_ICV_2021"
"2021","Febrero","2021-02-12","QUINDÍO","Montenegro","El Gigante","","N","","","","","","","","","","","","","","","","","","","","","","","","","","0.02","","BD_ICV_2021"
"2021","Febrero","2021-02-12","QUINDÍO","Montenegro","La Paloma","","N","","","","","","","","","","","","","","","","","","","","","","","","","","0.04","","BD_ICV_2021"
"2021","Febrero","2021-02-09","QUINDÍO","Córdoba","Rio verde","","N","","","","","","","","","","","","","","","","","","","","","","","","","","0.01","","BD_ICV_2021"
"2021","Febrero","2021-02-15","ANTIOQUIA","Medellín","Santa Elena","","S","","","","","","","","","","","","","","","","","","","","","","","","","","2.96","","BD_ICV_2021"
"2021","Febrero","2021-02-07","ANTIOQUIA","Medellín","Santa Elena","","N","","","","","","","","","","","","","","","","","","","","","","","","","","8.3699999999999992","","BD_ICV_2021"
"2021","Febrero","2021-02-03","NORTE DE SANTANDER","Arboledas","Playonsito","","N","","","","","","","","","","","","","","","","","","","","","","","","","","90.42","","BD_ICV_2021"
"2021","Febrero","2021-02-11","NORTE DE SANTANDER","Sardinata","Abejales","","N","","","","","","","","","","","","","","","","","","","","","","","","","","4","","BD_ICV_2021"
"2021","Febrero","2021-02-18","NORTE DE SANTANDER","Cácota","Don antonio","","N","","","","","","","","","","","","","","","","","","","","","","","","","","4.05","","BD_ICV_2021"
"2021","Febrero","2021-02-14","BOGOTÁ D.C.","Bogota D.C.","KENNEDY-OSORIO XII","","N","","","","","","","","","","","","","","","","","","","","","","","","","","3.04","","BD_ICV_2021"
"2021","Febrero","2021-02-02","CUNDINAMARCA","Facatativá","VAREDA LOS MANZANOS","","N","","","","","","","","","","","","","","","","","","","","","","","","","","3.11","","BD_ICV_2021"
"2021","Febrero","2021-02-26","BOYACÁ","Guateque","Cantoras","","N","","","","","","","","","","","","","","","","","","","","","","","","","","1.01","","BD_ICV_2021"
"2021","Febrero","2021-02-07","SUCRE","El Roble","Grillo Alegre","","N","","","","","","","","","","","","","","","","","","","","","","","","","","7","","BD_ICV_2021"
"2021","Febrero","2021-02-07","SUCRE","El Roble","","","N","","","","","","","","","","","","","","","","","","","","","","","","","","7","","BD_ICV_2021"
"2021","Febrero","2021-02-01","ANTIOQUIA","Abejorral","EL CAUNZAL","","N","","","","","","","","","","","","","","","","","","","","","","","","","","1","","BD_ICV_2021"
"2021","Febrero","2021-02-05","ANTIOQUIA","San Roque","EL IRIS","","N","","","","","","","","","","","","","","","","","","","","","","","","","","0.5","","BD_ICV_2021"
"2021","Febrero","2021-02-16","ANTIOQUIA","San Roque","EL PIRAMO","","N","","","","","","","","","","","","","","","","","","","","","","","","","","0.5","","BD_ICV_2021"
"2021","Febrero","2021-02-02","ANTIOQUIA","San Carlos","LA HONDITA","","N","","","","","","","","","","","","","","","","","","","","","","","","","","0.41","","BD_ICV_2021"
"2021","Febrero","2021-02-16","ANTIOQUIA","Santo Domingo","LOS PLANES","","N","","","","","","","","","","","","","","","","","","","","","","","","","","2","","BD_ICV_2021"
"2021","Febrero","2021-02-02","ANTIOQUIA","Santo Domingo","PIEDRAS BLANCAS","","N","","","","","","","","","","","","","","","","","","","","","","","","","","2.5","","BD_ICV_2021"
"2021","Febrero","2021-02-03","BOYACÁ","Floresta","VDA HORNO Y VIVAS","","N","","","","","","","","","","","","","","","","","","","","","","","","","","2.95","","BD_ICV_2021"
"2021","Febrero","2021-02-03","BOYACÁ","Santa Rosa de Viterbo","VDA. LOS OLIVOS","","","","","","","","","","","","","","","","","","","","","","","","","","","","16.3","","BD_ICV_2021"
"2021","Febrero","2021-02-01","HUILA","Timaná","La Victoria","","","","","","","","","","","","","","","","","","","","","","","","","","","","2","","BD_ICV_2021"
"2021","Febrero","2021-02-01","HUILA","Gigante","Sector Bengala ruta 4505","","","","","","","","","","","","","","","","","","","","","","","","","","","","1.5","","BD_ICV_2021"
"2021","Febrero","2021-02-01","HUILA","Gigante","finca la Esmeralda","","","","","","","","","","","","","","","","","","","","","","","","","","","","2","","BD_ICV_2021"
"2021","Febrero","2021-02-02","HUILA","Algeciras","vía Neiva","","","","","","","","","","","","","","","","","","","","","","","","","","","","5","","BD_ICV_2021"
"2021","Enero","2021-01-29","SANTANDER","Bucaramanga","ZONA URBANA","","NO","","","","","","","","","","","","","","","","","","","","","","","","","","1","","BD_ICV_2021"
"2021","Enero","2021-01-31","SANTANDER","Floridablanca","V Ruitoque Bajo","","NO","","","","","","","","","","","","","","","","","","","","","","","","","","2.4500000000000002","","BD_ICV_2021"
"2021","Enero","2021-01-04","MAGDALENA","Nueva Granada","CABECERA MUNICIPAL","","NO","","","","","","","","","","","","","","","","","","","","","","","","","","0.11","","BD_ICV_2021"
"2021","Enero","2021-01-18","SANTANDER","Tona","V. Ocatá","","SI","","","","","","","","","","","","","","","","","","","","","","","","","","10.7","","BD_ICV_2021"
"2021","Enero","2021-01-28","SANTANDER","El Playón","V Planadas de Betania","","NO","","","","","","","","","","","","","","","","","","","","","","","","","","17.96","","BD_ICV_2021"
"2021","Enero","2021-01-28","SANTANDER","El Playón","V Tres Portones","","NO","","","","","","","","","","","","","","","","","","","","","","","","","","1.57","","BD_ICV_2021"
"2021","Enero","2021-01-15","SANTANDER","Girón","V Palogordo","","NO","","","","","","","","","","","","","","","","","","","","","","","","","","4.2","","BD_ICV_2021"
"2021","Enero","2021-01-28","NORTE DE SANTANDER","Gramalote","Villa Nueva, Fátima","","NO","","","","","","","","","","","","","","","","","","","","","","","","","","3.58","","BD_ICV_2021"
"2021","Enero","2021-01-27","QUINDÍO","Génova","El Dorado","","NO","","","","","","","","","","","","","","","","","","","","","","","","","","0.32","","BD_ICV_2021"
"2021","Enero","2021-01-20","QUINDÍO","Córdoba","Siberia baja","","NO","","","","","","","","","","","","","","","","","","","","","","","","","","0.12","","BD_ICV_2021"
"2021","Enero","2021-01-29","QUINDÍO","Montenegro","Once casa","","NO","","","","","","","","","","","","","","","","","","","","","","","","","","0.1","","BD_ICV_2021"
"2021","Enero","2021-01-30","SANTANDER","Girón","La Meseta II","","NO","","","","","","","","","","","","","","","","","","","","","","","","","","0.3","","BD_ICV_2021"
"2021","Enero","2021-01-20","SANTANDER","Matanza","El tanque","","NO","","","","","","","","","","","","","","","","","","","","","","","","","","20","","BD_ICV_2021"
"2021","Enero","2021-01-03","SANTANDER","Barrancabermeja","La Meseta II","","NO","","","","","","","","","","","","","","","","","","","","","","","","","","8","","BD_ICV_2021"
"2021","Enero","2021-01-03","CASANARE","Hato Corozal","El tanque","","NO","","","","","","","","","","","","","","","","","","","","","","","","","","100","","BD_ICV_2021"
"2021","Enero","2021-01-04","BOYACÁ","Chita","","","","","","","","","","","","","","","","","","","","","","","","","","","","","1","","BD_ICV_2021"
"2021","Enero","2021-01-28","HUILA","Acevedo","Vereda Las Mercedes","","NO","","","","","","","","","","","","","","","","","","","","","","","","","","8","","BD_ICV_2021"
"2021","Enero","2021-01-28","HUILA","Santa María","Vereda el Censo","","NO","","","","","","","","","","","","","","","","","","","","","","","","","","1.5","","BD_ICV_2021"
"2021","Enero","2021-01-30","HUILA","San Agustín","La Chaquira","","NO","","","","","","","","","","","","","","","","","","","","","","","","","","4","","BD_ICV_2021"
"2021","Enero","2021-01-30","HUILA","San Agustín","Vereda la Antigua","","NO","","","","","","","","","","","","","","","","","","","","","","","","","","1","","BD_ICV_2021"
"2021","Enero","2021-01-27","HUILA","La Plata","Vereda el Carmelo","","NO","","","","","","","","","","","","","","","","","","","","","","","","","","5","","BD_ICV_2021"
"2021","Enero","2021-01-29","HUILA","Oporapa","Vereda la Esperanza","","NO","","","","","","","","","","","","","","","","","","","","","","","","","","4","","BD_ICV_2021"
"2021","Enero","2021-01-04","ANTIOQUIA","Guarne","","","","","","","","","","","","","","","","","","","","","","","","","","","","","1.3","","BD_ICV_2021"
"2021","Enero","2021-01-19","CUNDINAMARCA","Zipaquirá","EL TUNAL","","SI","","","","","SI","","","","","","","","","","","","","","","","","","","","","3.42","","BD_ICV_2021"
"2021","Enero","2021-01-27","CUNDINAMARCA","Tabio","RIO FRIO OCCIDENTAL","","SI","","","","","SI","","","","","","","","","","","","","","","","","","","","","1","","BD_ICV_2021"
"2021","Enero","2021-01-12","CUNDINAMARCA","Chía","VEREDA CERCA DE PIEDRA","","SI","","","","","SI","","","","","","","","","","","","","","","","","","","","","0.4","","BD_ICV_2021"
"2021","Enero","2021-01-21","CUNDINAMARCA","Ubaté","VEREDA SOAGA Y VOLVAN","","NO","","","","","SI","","","","","","","","","","","","","","","","","","","","","0.5","","BD_ICV_2021"
"2021","Enero","2021-01-29","CUNDINAMARCA","Guachetá","VEREDA GACHA","","NO","","","","","SI","","","","","","","","","","","","","","","","","","","","","3.59","","BD_ICV_2021"
"2021","Enero","2021-01-23","CUNDINAMARCA","Guatavita","VEREDA MONTECILLO","","SI","","","","","SI","","","","","","","","","","","","","","","","","","","","","3.68","","BD_ICV_2021"
"2021","Enero","2021-01-30","CUNDINAMARCA","Girardot","km 3 via Girardor - Tocaima sector avicola Avima","","NO","","","","","SI","","","","","","","","","","","","","","","","","","","","","3.69","","BD_ICV_2021"
"2021","Enero","2021-01-16","CASANARE","Paz de Ariporo","Varsovia","","NO","","","","","SI","","","","","","","","","","","","","","","","","","","","","609","","BD_ICV_2021"
"2021","Enero","2021-01-27","BOYACÁ","Guateque","Chinquica","","NO","","","","","","","","","","","","","","","","","","","","","","","","","","3.33","","BD_ICV_2021"
"2021","Enero","2021-01-19","BOYACÁ","Macanal","Pantanos","","NO","","","","","","","","","","","","","","","","","","","","","","","","","","25.09","","BD_ICV_2021"
"2021","Enero","2021-01-04","BOYACÁ","Guateque","Pozos","","NO","","","","","","","","","","","","","","","","","","","","","","","","","","0.12","","BD_ICV_2021"
"2021","Enero","2021-01-16","BOYACÁ","Sutatenza","Siguique (Guayabal)","","NO","","","","","","","","","","","","","","","","","","","","","","","","","","8.16","","BD_ICV_2021"
"2021","Enero","2021-01-17","BOYACÁ","Sutatenza","Siguique (Arbol)","","NO","","","","","","","","","","","","","","","","","","","","","","","","","","5.82","","BD_ICV_2021"
"2021","Enero","2021-01-13","BOYACÁ","Sogamoso","VDA LAS CAÑAS","","NO","","","","","SI","","","","","","SI","","","","","","","","","","","","","","","155.35","","BD_ICV_2021"
"2021","Enero","2021-01-30","BOYACÁ","Duitama","VDA SANTA HELENA","","NO","","","","","SI","","","","SI","","","","","","","","","","","","","","","","","4.0199999999999996","","BD_ICV_2021"
"2021","Enero","2021-01-15","BOYACÁ","Floresta","VDA POTRERO","","NO","","","","","SI","","","","","","","SI","","","","","","","","","","","","","","9.06","","BD_ICV_2021"
"2021","Enero","2021-01-29","BOYACÁ","Floresta","VDA TENERIA","","NO","","","","","SI","","","","","","SI","","","","","","","","","","","","","","","115.1","","BD_ICV_2021"
"2021","Enero","2021-01-31","BOYACÁ","Sotaquirá","El Manzano","","NO","","","","","SI","","","","","","","SI","","","","","","","","","","","","","","2.2799999999999998","","BD_ICV_2021"
"2021","Enero","2021-01-12","BOGOTÁ D.C.","Bogotá D.C.","BOSA-ELCORZO","","NO","","","","","SI","","","","","","","","","","","","","","","","","","","","","1.1399999999999999","","BD_ICV_2021"
"2021","Enero","2021-01-20","BOGOTÁ D.C.","Bogotá D.C.","vereda Barrancas Oriental 43","","NO","","","","","SI","","","","","","","","","","","","","","","","","","","","","1.1299999999999999","","BD_ICV_2021"
"2021","Enero","2021-01-17","ANTIOQUIA","Medellín","Santa Elena - El Plan","","NO","","","","","","","SI","","","","","","","","","","","","","","","","","","","6.22","","BD_ICV_2021"
"2021","Enero","2021-01-31","ANTIOQUIA","San Luis","LA CUBA","","NO","","","","","SI","","","","","","","","","","","","","","","","","","","","","0.28000000000000003","","BD_ICV_2021"
"2021","Enero","2021-01-04","ANTIOQUIA","Abejorral","LA LOMA","","NO","","","","","SI","","","","","","","","","","","","","","","","","","","","","8.1999999999999993","","BD_ICV_2021"
"2021","Enero","2021-01-25","ANTIOQUIA","Abejorral","EL CAUNZAL","","NO","","","","","SI","","","","","","","","","","","","","","","","","","","","","1","","BD_ICV_2021"
"2021","Enero","2021-01-04","ANTIOQUIA","Retiro","LA HONDITA","","","","","","","SI","","","","","","","","","","","","","","","","","","","","","1.5","","BD_ICV_2021"
"2021","Enero","2021-01-05","ANTIOQUIA","Bello","","","","","","","","","","","","","","SI","","","","","","","","","","","","","","","4","","BD_ICV_2021"
"2021","Enero","2021-01-05","SANTANDER","Barbosa","","","","","","","","","","","","","","","","","","","","","","","","","","","","","4","","BD_ICV_2021"
"2021","Enero","2021-01-05","GUAVIARE","San Jose del Guaviare","","","","","","","","","","","","","","","","","","","","","","","","","","","","","11.5","","BD_ICV_2021"
"2021","Enero","2021-01-05","META","San Carlos de Guaroa","","","","","","","","","","","","","","","","","","","","","","","","","","","","","40","","BD_ICV_2021"
"2021","Enero","2021-01-05","SUCRE","Galeras","","","","","","","","","","","","","","","","","","","","","","","","","","","","","3","","BD_ICV_2021"
"2021","Enero","2021-01-05","CASANARE","Yopal","","","","","","","","","","","","","","","","","","","","","","","","","","","","","4","","BD_ICV_2021"
"2021","Enero","2021-01-06","BOYACÁ","Guateque","","","","","","","","","","","","","","","","","","","","","","","","","","","","","1","","BD_ICV_2021"
"2021","Enero","2021-01-05","ANTIOQUIA","Amalfi","","","","","","","","","","","","","","","","","","","","","","","","","","","","","","","BD_ICV_2021"
"2021","Enero","2021-01-07","CUNDINAMARCA","Villapinzon","","","","","","","","","","","","","","","","","","","","","","","","","","","","","","","BD_ICV_2021"
"2021","Enero","2021-01-07","CUNDINAMARCA","Soacha","","","","","","","","","","","","","","","","","","","","","","","","","","","","","","","BD_ICV_2021"
"2021","Enero","2021-01-06","CUNDINAMARCA","Ricaurte","","","","","","","","","","","","","","","","","","","","","","","","","","","","","1","","BD_ICV_2021"
"2021","Enero","2021-01-09","CUNDINAMARCA","Subachoque","","","","","","","","","","","","","","","","","","","","","","","","","","","","","","","BD_ICV_2021"
"2021","Enero","2021-01-08","CUNDINAMARCA","Tenjo","","","","","","","","","","","","","","","","","","","","","","","","","","","","","2","","BD_ICV_2021"
"2021","Enero","2021-01-10","CESAR","Bosconia","","","","","","","","","","","","","","","","","","","","","","","","","","","","","72","","BD_ICV_2021"
"2021","Enero","2021-01-12","SUCRE","Galeras","","","","","","","","","","","","","","","","","","","","","","","","","","","","","5","","BD_ICV_2021"
"2021","Enero","2021-01-12","CUNDINAMARCA","Chía","","","","","","","","","","","","","","","","","","","","","","","","","","","","","1","","BD_ICV_2021"
"2021","Enero","2021-01-13","CUNDINAMARCA","Chipaque","","","","","","","","","","","","","","","","","","","","","","","","","","","","","","","BD_ICV_2021"
"2021","Enero","2021-01-13","SANTANDER","Barbosa","","","","","","","","","","","","","","","","","","","","","","","","","","","","","1","","BD_ICV_2021"
"2021","Enero","2021-01-13","SUCRE","Galeras","","","","","","","","","","","","","","","","","","","","","","","","","","","","","3","","BD_ICV_2021"
"2021","Enero","2021-01-15","GUAVIARE","San Jose del Guaviare","","","","","","","","","","","","","","","","","","","","","","","","","","","","","","","BD_ICV_2021"
"2021","Enero","2021-01-15","CUNDINAMARCA","Cáqueza","","","","","","","","","","","","","","","","","","","","","","","","","","","","","1","","BD_ICV_2021"
"2021","Enero","2021-01-16","CUNDINAMARCA","Ubalá","","","","","","","","","","","","","","","","","","","","","","","","","","","","","2","","BD_ICV_2021"
"2021","Enero","2021-01-16","CESAR","El Paso","","","","","","","","","","","","","","","","","","","","","","","","","","","","","120","","BD_ICV_2021"
"2021","Enero","2021-01-16","META","Puerto Gaitan","","","","","","","","","","","","","","","","","","","","","","","","","","","","","50","","BD_ICV_2021"
"2021","Enero","2021-01-17","ANTIOQUIA","Medellin","","","","","","","","","","","","","","","","","","","","","","","","","","","","","","","BD_ICV_2021"
"2021","Enero","2021-01-17","CUNDINAMARCA","Tabio","","","","","","","","","","","","","","","","","","","","","","","","","","","","","1","","BD_ICV_2021"
"2021","Enero","2021-01-17","CAQUETA","Florencia","","","","","","","","","","","","","","","","","","","","","","","","","","","","","3","","BD_ICV_2021"
"2021","Enero","2021-01-17","SANTANDER","Girón","","","","","","","","","","","","","","","","","","","","","","","","","","","","","5","","BD_ICV_2021"
"2021","Enero","2021-01-17","SANTANDER","Chima","","","","","","","","","","","","","","","","","","","","","","","","","","","","","2","","BD_ICV_2021"
"2021","Enero","2021-01-18","BOYACÁ","Tota","","","","","","","","","","","","","","","","","","","","","","","","","","","","","","","BD_ICV_2021"
"2021","Enero","2021-01-18","CUNDINAMARCA","Junín","","","","","","","","","","","","","","","","","","","","","","","","","","","","","12","","BD_ICV_2021"
"2021","Enero","2021-01-16","BOYACÁ","Cuitiva","","","","","","","","","","","","","","","","","","","","","","","","","","","","","2","","BD_ICV_2021"
"2021","Enero","2021-01-18","CUNDINAMARCA","Madrid","","","","","","","","","","","","","","","","","","","","","","","","","","","","","1","","BD_ICV_2021"
"2021","Enero","2021-01-18","CESAR","Astrea","","","","","","","","","","","","","","","","","","","","","","","","","","","","","4","","BD_ICV_2021"
"2021","Enero","2021-01-18","SANTANDER","Tona","","","","","","","","","","","","","","","","","","","","","","","","","","","","","7","","BD_ICV_2021"
"2021","Enero","2021-01-18","SANTANDER","Puerto Wilches","","","","","","","","","","","","","","","","","","","","","","","","","","","","","10","","BD_ICV_2021"
"2021","Enero","2021-01-19","META","Puerto Gaitan","","","","","","","","","","","","","","","","","","","","","","","","","","","","","","","BD_ICV_2021"
"2021","Enero","2021-01-19","META","El Castillo","","","","","","","","","","","","","","","","","","","","","","","","","","","","","","","BD_ICV_2021"
"2021","Enero","2021-01-19","META","Puerto Lopez","","","","","","","","","","","","","","","","","","","","","","","","","","","","","","","BD_ICV_2021"
"2021","Enero","2021-01-19","CASANARE","Yopal","","","","","","","","","","","","","","","","","","","","","","","","","","","","","","","BD_ICV_2021"
"2021","Enero","2021-01-19","CUNDINAMARCA","Pandi","","","","","","","","","","","","","","","","","","","","","","","","","","","","","1","","BD_ICV_2021"
"2021","Enero","2021-01-19","ANTIOQUIA","Caldas","","","","","","","","","","","","","","","","","","","","","","","","","","","","","1","","BD_ICV_2021"
"2021","Enero","2021-01-19","BOYACÁ","Jerico","","","","","","","","","","","","","","","","","","","","","","","","","","","","","3","","BD_ICV_2021"
"2021","Enero","2021-01-19","ANTIOQUIA","Caucasia","","","","","","","","","","","","","","","","","","","","","","","","","","","","","23","","BD_ICV_2021"
"2021","Enero","2021-01-20","NORTE DE SANTANDER","Ocaña","","","","","","","","","","","","","","","","","","","","","","","","","","","","","15","","BD_ICV_2021"
"2021","Enero","2021-01-20","SUCRE","Tolu Viejo","","","","","","","","","","","","","","","","","","","","","","","","","","","","","1","","BD_ICV_2021"
"2021","Enero","2021-01-20","CUNDINAMARCA","Fosca","","","","","","","","","","","","","","","","","","","","","","","","","","","","","60","","BD_ICV_2021"
"2021","Enero","2021-01-20","SANTANDER","Tona","","","","","","","","","","","","","","","","","","","","","","","","","","","","","2","","BD_ICV_2021"
"2021","Enero","2021-01-21","BOGOTÁ D.C.","Bogota, D.C.","","","","","","","","","","","","","","","","","","","","","","","","","","","","","","","BD_ICV_2021"
"2021","Enero","2021-01-20","CUNDINAMARCA","Guayabetal","","","","","","","","","","","","","","","","","","","","","","","","","","","","","0.5","","BD_ICV_2021"
"2021","Enero","2021-01-20","SUCRE","Los Palmitos","","","","","","","","","","","","","","","","","","","","","","","","","","","","","3","","BD_ICV_2021"
"2021","Enero","2021-01-18","ANTIOQUIA","Bello","","","","","","","","","","","","","","","","","","","","","","","","","","","","","1","","BD_ICV_2021"
"2021","Enero","2021-01-19","BOYACÁ","Floresta","","","","","","","","","","","","","","","","","","","","","","","","","","","","","20","","BD_ICV_2021"
"2021","Enero","2021-01-20","SANTANDER","El Playón","","","","","","","","","","","","","","","","","","","","","","","","","","","","","3","","BD_ICV_2021"
"2021","Enero","2021-01-21","CUNDINAMARCA","Junín","","","","","","","","","","","","","","","","","","","","","","","","","","","","","1","","BD_ICV_2021"
"2021","Enero","2021-01-21","CUNDINAMARCA","Cáqueza","","","","","","","","","","","","","","","","","","","","","","","","","","","","","10","","BD_ICV_2021"
"2021","Enero","2021-01-21","CUNDINAMARCA","Ubaté","","","","","","","","","","","","","","","","","","","","","","","","","","","","","1","","BD_ICV_2021"
"2021","Enero","2021-01-22","CAUCA","Purace","","","","","","","","","","","","","","","","","","","","","","","","","","","","","","","BD_ICV_2021"
"2021","Enero","2021-01-23","SANTANDER","Aratoca","","","","","","","","","","","","","","","","","","","","","","","","","","","","","80","","BD_ICV_2021"
"2021","Enero","2021-01-21","MAGDALENA","Santa Marta","","","","","","","","","","","","","","","","","","","","","","","","","","","","","1.1000000000000001","","BD_ICV_2021"
"2021","Enero","2021-01-22","META","Puerto Gaitan","","","","","","","","","","","","","","","","","","","","","","","","","","","","","1","","BD_ICV_2021"
"2021","Enero","2021-01-22","SANTANDER","Sabana de Torres","","","","","","","","","","","","","","","","","","","","","","","","","","","","","10","","BD_ICV_2021"
"2021","Enero","2021-01-23","ANTIOQUIA","Caldas","","","","","","","","","","","","","","","","","","","","","","","","","","","","","1","","BD_ICV_2021"
"2021","Enero","2021-01-24","SANTANDER","Sabana de Torres","","","","","","","","","","","","","","","","","","","","","","","","","","","","","2","","BD_ICV_2021"
"2021","Enero","2021-01-25","NORTE DE SANTANDER","Abrego","","","","","","","","","","","","","","","","","","","","","","","","","","","","","4","","BD_ICV_2021"
"2021","Enero","2021-01-25","SANTANDER","Socorro","","","","","","","","","","","","","","","","","","","","","","","","","","","","","1","","BD_ICV_2021"
"2021","Enero","2021-01-25","SANTANDER","Guaca","","","","","","","","","","","","","","","","","","","","","","","","","","","","","6","","BD_ICV_2021"
"2021","Enero","2021-01-26","META","La Macarena","","","","","","","","","","","","","","","","","","","","","","","","","","","","","50","","BD_ICV_2021"
"2021","Enero","2021-01-27","META","Puerto Lopez","","","","","","","","","","","","","","","","","","","","","","","","","","","","","30","","BD_ICV_2021"
"2021","Enero","2021-01-25","ANTIOQUIA","Urrao","","","","","","","","","","","","","","","","","","","","","","","","","","","","","1","","BD_ICV_2021"
"2021","Enero","2021-01-26","BOYACÁ","Chita","","","","","","","","","","","","","","","","","","","","","","","","","","","","","20","","BD_ICV_2021"
"2021","Enero","2021-01-26","BOYACÁ","Sativanorte","","","","","","","","","","","","","","","","","","","","","","","","","","","","","4","","BD_ICV_2021"
"2021","Enero","2021-01-19","BOYACÁ","Iza","","","","","","","","","","","","","","","","","","","","","","","","","","","","","1","","BD_ICV_2021"
"2021","Enero","2021-01-19","BOYACÁ","Mongua","","","","","","","","","","","","","","","","","","","","","","","","","","","","","8","","BD_ICV_2021"
"2021","Enero","2021-01-27","CUNDINAMARCA","Pacho","","","","","","","","","","","","","","","","","","","","","","","","","","","","","1","","BD_ICV_2021"
"2021","Enero","2021-01-27","BOYACÁ","Susacon","","","","","","","","","","","","","","","","","","","","","","","","","","","","","2","","BD_ICV_2021"
"2021","Enero","2021-01-27","CUNDINAMARCA","Pacho","","","","","","","","","","","","","","","","","","","","","","","","","","","","","1","","BD_ICV_2021"
"2021","Enero","2021-01-27","SANTANDER","Sabana de Torres","","","","","","","","","","","","","","","","","","","","","","","","","","","","","10","","BD_ICV_2021"
"2021","Enero","2021-01-27","HUILA","Tello","","","","","","","","","","","","","","","","","","","","","","","","","","","","","1","","BD_ICV_2021"
"2021","Enero","2021-01-28","BOYACÁ","Garagoa","","","","","","","","","","","","","","","","","","","","","","","","","","","","","6","","BD_ICV_2021"
"2021","Enero","2021-01-28","META","Puerto Gaitan","","","","","","","","","","","","","","","","","","","","","","","","","","","","","","","BD_ICV_2021"
"2021","Enero","2021-01-28","META","Villavicencio","","","","","","","","","","","","","","","","","","","","","","","","","","","","","10","","BD_ICV_2021"
"2021","Enero","2021-01-28","GUAVIARE","San Jose del Guaviare","","","","","","","","","","","","","","","","","","","","","","","","","","","","","","","BD_ICV_2021"
"2021","Enero","2021-01-27","NORTE DE SANTANDER","Gramalote","","","","","","","","","","","","","","","","","","","","","","","","","","","","","","","BD_ICV_2021"
"2021","Enero","2021-01-28","NORTE DE SANTANDER","Ocaña","","","","","","","","","","","","","","","","","","","","","","","","","","","","","10","","BD_ICV_2021"
"2021","Enero","2021-01-28","CASANARE","Aguazul","","","","","","","","","","","","","","","","","","","","","","","","","","","","","40","","BD_ICV_2021"
"2021","Enero","2021-01-24","CESAR","San Martin","","","","","","","","","","","","","","","","","","","","","","","","","","","","","7","","BD_ICV_2021"
"2021","Enero","2021-01-19","CESAR","Valledupar","","","","","","","","","","","","","","","","","","","","","","","","","","","","","5","","BD_ICV_2021"
"2021","Enero","2021-01-28","CESAR","Valledupar","","","","","","","","","","","","","","","","","","","","","","","","","","","","","10","","BD_ICV_2021"
"2021","Enero","2021-01-29","SANTANDER","Mogotes","","","","","","","","","","","","","","","","","","","","","","","","","","","","","30","","BD_ICV_2021"
"2021","Enero","2021-01-29","META","Puerto Gaitan","","","","","","","","","","","","","","","","","","","","","","","","","","","","","20","","BD_ICV_2021"
"2021","Enero","2021-01-30","CUNDINAMARCA","Girardot","","","","","","","","","","","","","","","","","","","","","","","","","","","","","5","","BD_ICV_2021"
"2021","Enero","2021-01-30","META","Puerto Gaitan","","","","","","","","","","","","","","","","","","","","","","","","","","","","","20","","BD_ICV_2021"
"2021","Enero","2021-01-30","CUNDINAMARCA","Ubaque","","","","","","","","","","","","","","","","","","","","","","","","","","","","","8","","BD_ICV_2021"
"2021","Enero","2021-01-29","BOYACÁ","Floresta","","","","","","","","","","","","","","","","","","","","","","","","","","","","","","","BD_ICV_2021"
"2021","Enero","2021-01-31","ANTIOQUIA","Bello","","","","","","","","","","","","","","","","","","","","","","","","","","","","","2","","BD_ICV_2021"
"2021","Enero","2021-01-31","CUNDINAMARCA","Gachetá","","","","","","","","","","","","","","","","","","","","","","","","","","","","","1","","BD_ICV_2021"
"2021","Enero","2021-01-31","NORTE DE SANTANDER","Ocaña","","","","","","","","","","","","","","","","","","","","","","","","","","","","","1","","BD_ICV_2021"
"2021","Enero","2021-01-31","CUNDINAMARCA","Zipaquirá","","","","","","","","","","","","","","","","","","","","","","","","","","","","","3","","BD_ICV_2021"
"2021","Enero","2021-01-31","CUNDINAMARCA","Gachalá","","","","","","","","","","","","","","","","","","","","","","","","","","","","","1","","BD_ICV_2021"
"2021","Enero","2021-01-31","BOYACÁ","San Mateo","","","","","","","","","","","","","","","","","","","","","","","","","","","","","3","","BD_ICV_2021"
"2021","Enero","2021-01-31","SANTANDER","Lebrija","","","","","","","","","","","","","","","","","","","","","","","","","","","","","4","","BD_ICV_2021"
"2021","Enero","2021-01-31","SANTANDER","Velez","","","","","","","","","","","","","","","","","","","","","","","","","","","","","1","","BD_ICV_2021"
"2021","Enero","2021-01-19","CESAR","El Paso","","","","","","","","","","","","","","","","","","","","","","","","","","","","","120","","BD_ICV_2021"
"2021","Enero","2021-01-20","CESAR","El Paso","","","","","","","","","","","","","","","","","","","","","","","","","","","","","10","","BD_ICV_2021"
"2021","Enero","2021-01-21","CESAR","El Paso","","","","","","","","","","","","","","","","","","","","","","","","","","","","","2","","BD_ICV_2021"
"2021","Enero","2021-01-22","CESAR","El Paso","","","","","","","","","","","","","","","","","","","","","","","","","","","","","10","","BD_ICV_2021"
"2021","Enero","2021-01-22","CESAR","El Paso","","","","","","","","","","","","","","","","","","","","","","","","","","","","","20","","BD_ICV_2021"
"2021","Enero","2021-01-30","ANTIOQUIA","Puerto Berrio","","","","","","","","","","","","","","","","","","","","","","","","","","","","","5","","BD_ICV_2021"
"2021","Enero","2021-01-31","CESAR","Curumani","","","","","","","","","","","","","","","","","","","","","","","","","","","","","80","","BD_ICV_2021"
"2021","Enero","2021-01-29","BOYACÁ","Chiquinquira","","","","","","","","","","","","","","","","","","","","","","","","","","","","","1","","BD_ICV_2021"
"2021","Enero","2021-01-30","BOYACÁ","Sogamoso","","","","","","","","","","","","","","","","","","","","","","","","","","","","","","","BD_ICV_2021"
"2021","Enero","2021-01-30","BOYACÁ","Tópaga","","","","","","","","","","","","","","","","","","","","","","","","","","","","","8","","BD_ICV_2021"
"2021","Enero","2021-01-31","BOYACÁ","Sotaquirá","","","","","","","","","","","","","","","","","","","","","","","","","","","","","3","","BD_ICV_2021"
"2021","Febrero","2021-02-01","ANTIOQUIA","Amalfi","","","","","","","","","","","","","","","","","","","","","","","","","","","","","2","","BD_ICV_2021"
"2021","Febrero","2021-02-01","ANTIOQUIA","Bello","","","","","","","","","","","","","","","","","","","","","","","","","","","","","4","","BD_ICV_2021"
"2021","Febrero","2021-02-01","SANTANDER","Páramo","","","","","","","","","","","","","","","","","","","","","","","","","","","","","5","","BD_ICV_2021"
"2021","Febrero","2021-02-01","SANTANDER","Zapatoca","","","","","","","","","","","","","","","","","","","","","","","","","","","","","1","","BD_ICV_2021"
"2021","Febrero","2021-02-01","META","Puerto Gaitan","","","","","","","","","","","","","","","","","","","","","","","","","","","","","60","","BD_ICV_2021"
"2021","Febrero","2021-02-02","META","Puerto Lopez","","","","","","","","","","","","","","","","","","","","","","","","","","","","","13","","BD_ICV_2021"
"2021","Febrero","2021-02-02","META","Barranca de Upia","","","","","","","","","","","","","","","","","","","","","","","","","","","","","30","","BD_ICV_2021"
"2021","Febrero","2021-02-02","SUCRE","Galeras","","","","","","","","","","","","","","","","","","","","","","","","","","","","","6","","BD_ICV_2021"
"2021","Febrero","2021-02-02","SANTANDER","Girón","","","","","","","","","","","","","","","","","","","","","","","","","","","","","4","","BD_ICV_2021"
"2021","Febrero","2021-02-02","ANTIOQUIA","Caracoli","","","","","","","","","","","","","","","","","","","","","","","","","","","","","1","","BD_ICV_2021"
"2021","Febrero","2021-02-01","BOYACÁ","Puerto Boyaca","","","","","","","","","","","","","","","","","","","","","","","","","","","","","2","","BD_ICV_2021"
"2021","Febrero","2021-02-02","BOYACÁ","Iza","","","","","","","","","","","","","","","","","","","","","","","","","","","","","3","","BD_ICV_2021"
"2021","Febrero","2021-02-02","BOYACÁ","Aquitania","","","","","","","","","","","","","","","","","","","","","","","","","","","","","2","","BD_ICV_2021"
"2021","Febrero","2021-01-29","BOYACÁ","Floresta","","","","","","","","","","","","","","","","","","","","","","","","","","","","","120","","BD_ICV_2021"
"2021","Febrero","2021-02-03","CASANARE","Nunchia","","","","","","","","","","","","","","","","","","","","","","","","","","","","","2","","BD_ICV_2021"
"2021","Febrero","2021-02-03","BOYACÁ","Sogamoso","","","","","","","","","","","","","","","","","","","","","","","","","","","","","89","","BD_ICV_2021"
"2021","Febrero","2021-02-01","CESAR","El Copey","","","","","","","","","","","","","","","","","","","","","","","","","","","","","50","","BD_ICV_2021"
"2021","Febrero","2021-02-03","CUNDINAMARCA","Facatativá","","","","","","","","","","","","","","","","","","","","","","","","","","","","","2","","BD_ICV_2021"
"2021","Febrero","2021-02-03","BOYACÁ","Chita","","","","","","","","","","","","","","","","","","","","","","","","","","","","","2","","BD_ICV_2021"
"2021","Febrero","2021-02-02","NORTE DE SANTANDER","Ragonvalia","","","","","","","","","","","","","","","","","","","","","","","","","","","","","6","","BD_ICV_2021"
"2021","Febrero","2021-02-03","SANTANDER","Güepsa","","","","","","","","","","","","","","","","","","","","","","","","","","","","","5","","BD_ICV_2021"
"2021","Febrero","2021-02-03","SANTANDER","La Belleza","","","","","","","","","","","","","","","","","","","","","","","","","","","","","2","","BD_ICV_2021"
"2021","Febrero","2021-02-03","META","Puerto Gaitan","","","","","","","","","","","","","","","","","","","","","","","","","","","","","39","","BD_ICV_2021"
"2021","Febrero","2021-02-03","META","Puerto Lopez","","","","","","","","","","","","","","","","","","","","","","","","","","","","","30","","BD_ICV_2021"
"2021","Febrero","2021-02-03","BOYACÁ","Aquitania","","","","","","","","","","","","","","","","","","","","","","","","","","","","","30","","BD_ICV_2021"
"2021","Febrero","2021-02-02","BOYACÁ","Iza","","","","","","","","","","","","","","","","","","","","","","","","","","","","","1","","BD_ICV_2021"
"2021","Febrero","2021-02-03","BOYACÁ","Raquira","","","","","","","","","","","","","","","","","","","","","","","","","","","","","3","","BD_ICV_2021"
"2021","Febrero","2021-02-03","BOYACÁ","Pesca","","","","","","","","","","","","","","","","","","","","","","","","","","","","","6","","BD_ICV_2021"
"2021","Febrero","2021-02-03","BOYACÁ","Firavitoba","","","","","","","","","","","","","","","","","","","","","","","","","","","","","1","","BD_ICV_2021"
"2021","Febrero","2021-02-03","CUNDINAMARCA","Tibirita","","","","","","","","","","","","","","","","","","","","","","","","","","","","","4","","BD_ICV_2021"
"2021","Febrero","2021-02-03","NORTE DE SANTANDER","Chinácota","","","","","","","","","","","","","","","","","","","","","","","","","","","","","1","","BD_ICV_2021"
"2021","Febrero","2021-02-03","NORTE DE SANTANDER","Ragonvalia","","","","","","","","","","","","","","","","","","","","","","","","","","","","","6","","BD_ICV_2021"
"2021","Febrero","2021-02-04","META","Puerto Gaitan","","","","","","","","","","","","","","","","","","","","","","","","","","","","","20","","BD_ICV_2021"
"2021","Febrero","2021-02-04","SANTANDER","El Playón","","","","","","","","","","","","","","","","","","","","","","","","","","","","","2","","BD_ICV_2021"
"2021","Febrero","2021-02-04","META","San Carlos de Guaroa","","","","","","","","","","","","","","","","","","","","","","","","","","","","","25","","BD_ICV_2021"
"2021","Febrero","2021-02-04","SANTANDER","La Belleza","","","","","","","","","","","","","","","","","","","","","","","","","","","","","4","","BD_ICV_2021"
"2021","Febrero","2021-02-04","VICHADA","Cumaribo","","","","","","","","","","","","","","","","","","","","","","","","","","","","","5","","BD_ICV_2021"
"2021","Febrero","2021-02-03","NORTE DE SANTANDER","Pamplona","","","","","","","","","","","","","","","","","","","","","","","","","","","","","8","","BD_ICV_2021"
"2021","Febrero","2021-02-04","ANTIOQUIA","Amalfi","","","","","","","","","","","","","","","","","","","","","","","","","","","","","5","","BD_ICV_2021"
"2021","Febrero","2021-02-05","SANTANDER","Puerto Wilches","","","","","","","","","","","","","","","","","","","","","","","","","","","","","20","","BD_ICV_2021"
"2021","Febrero","2021-02-04","CESAR","El Paso","","","","","","","","","","","","","","","","","","","","","","","","","","","","","30","","BD_ICV_2021"
"2021","Enero","2021-01-31","CESAR","La Jagua de Ibirico","","","","","","","","","","","","","","","","","","","","","","","","","","","","","4","","BD_ICV_2021"
"2021","Febrero","2021-02-06","CUNDINAMARCA","Manta","","","","","","","","","","","","","","","","","","","","","","","","","","","","","1.5","","BD_ICV_2021"
"2021","Febrero","2021-02-06","SANTANDER","Molagavita","","","","","","","","","","","","","","","","","","","","","","","","","","","","","4","","BD_ICV_2021"
"2021","Febrero","2021-02-06","SANTANDER","La Belleza","","","","","","","","","","","","","","","","","","","","","","","","","","","","","4","","BD_ICV_2021"
"2021","Febrero","2021-02-07","NORTE DE SANTANDER","Abrego","","","","","","","","","","","","","","","","","","","","","","","","","","","","","","","BD_ICV_2021"
"2021","Febrero","2021-02-07","BOYACÁ","Aquitania","","","","","","","","","","","","","","","","","","","","","","","","","","","","","4","","BD_ICV_2021"
"2021","Febrero","2021-02-07","ANTIOQUIA","Medellin","","","","","","","","","","","","","","","","","","","","","","","","","","","","","3","","BD_ICV_2021"
"2021","Febrero","2021-02-07","RISARALDA","La Virginia","","","","","","","","","","","","","","","","","","","","","","","","","","","","","10","","BD_ICV_2021"
"2021","Febrero","2021-02-07","ANTIOQUIA","Angelopolis","","","","","","","","","","","","","","","","","","","","","","","","","","","","","20","","BD_ICV_2021"
"2021","Febrero","2021-02-09","VICHADA","Puerto Carreño","","","","","","","","","","","","","","","","","","","","","","","","","","","","","6","","BD_ICV_2021"
"2021","Febrero","2021-02-07","LA GUAJIRA","San Juan del Cesar","","","","","","","","","","","","","","","","","","","","","","","","","","","","","","","BD_ICV_2021"
"2021","Febrero","2021-02-08","CESAR","Becerril","","","","","","","","","","","","","","","","","","","","","","","","","","","","","80","","BD_ICV_2021"
"2021","Febrero","2021-02-08","META","Villavicencio","","","","","","","","","","","","","","","","","","","","","","","","","","","","","","","BD_ICV_2021"
"2021","Febrero","2021-02-08","SANTANDER","El Playón","","","","","","","","","","","","","","","","","","","","","","","","","","","","","15","","BD_ICV_2021"
"2021","Febrero","2021-02-08","CASANARE","Yopal","","","","","","","","","","","","","","","","","","","","","","","","","","","","","5","","BD_ICV_2021"
"2021","Febrero","2021-02-08","CASANARE","Yopal","","","","","","","","","","","","","","","","","","","","","","","","","","","","","6","","BD_ICV_2021"
"2021","Febrero","2021-02-08","CASANARE","Yopal","","","","","","","","","","","","","","","","","","","","","","","","","","","","","3","","BD_ICV_2021"
"2021","Febrero","2021-02-07","VICHADA","Cumaribo","","","","","","","","","","","","","","","","","","","","","","","","","","","","","7605.61","","BD_ICV_2021"
"2021","Febrero","2021-02-09","BOYACÁ","Aquitania","","","","","","","","","","","","","","","","","","","","","","","","","","","","","","","BD_ICV_2021"
"2021","Febrero","2021-02-08","BOYACÁ","Aquitania","","","","","","","","","","","","","","","","","","","","","","","","","","","","","1","","BD_ICV_2021"
"2021","Febrero","2021-02-09","NORTE DE SANTANDER","Cáchira","","","","","","","","","","","","","","","","","","","","","","","","","","","","","10","","BD_ICV_2021"
"2021","Febrero","2021-02-08","CESAR","El Copey","","","","","","","","","","","","","","","","","","","","","","","","","","","","","30","","BD_ICV_2021"
"2021","Febrero","2021-02-09","CAQUETA","Florencia","","","","","","","","","","","","","","","","","","","","","","","","","","","","","20","","BD_ICV_2021"
"2021","Febrero","2021-02-09","VICHADA","Puerto Carreño","","","","","","","","","","","","","","","","","","","","","","","","","","","","","3","","BD_ICV_2021"
"2021","Febrero","2021-02-09","BOYACÁ","Aquitania","","","","","","","","","","","","","","","","","","","","","","","","","","","","","6","","BD_ICV_2021"
"2021","Febrero","2021-02-10","META","Villavicencio","","","","","","","","","","","","","","","","","","","","","","","","","","","","","2","","BD_ICV_2021"
"2021","Febrero","2021-02-09","META","Puerto Lleras","","","","","","","","","","","","","","","","","","","","","","","","","","","","","10","","BD_ICV_2021"
"2021","Febrero","2021-02-10","SANTANDER","Rionegro","","","","","","","","","","","","","","","","","","","","","","","","","","","","","5","","BD_ICV_2021"
"2021","Febrero","2021-02-10","META","Castilla La Nueva","","","","","","","","","","","","","","","","","","","","","","","","","","","","","1","","BD_ICV_2021"
"2021","Febrero","2021-02-10","SANTANDER","Galan","","","","","","","","","","","","","","","","","","","","","","","","","","","","","2","","BD_ICV_2021"
"2021","Febrero","2021-02-11","META","Puerto Lopez","","","","","","","","","","","","","","","","","","","","","","","","","","","","","280","","BD_ICV_2021"
"2021","Febrero","2021-02-11","META","Puerto Lopez","","","","","","","","","","","","","","","","","","","","","","","","","","","","","14","","BD_ICV_2021"
"2021","Febrero","2021-02-11","SANTANDER","Los Santos","","","","","","","","","","","","","","","","","","","","","","","","","","","","","50","","BD_ICV_2021"
"2021","Febrero","2021-02-12","META","Villavicencio","","","","","","","","","","","","","","","","","","","","","","","","","","","","","12","","BD_ICV_2021"
"2021","Febrero","2021-02-07","VICHADA","Cumaribo","","","","","","","","","","","","","","","","","","","","","","","","","","","","","","","BD_ICV_2021"
"2021","Febrero","2021-02-11","CESAR","Curumani","","","","","","","","","","","","","","","","","","","","","","","","","","","","","15","","BD_ICV_2021"
"2021","Febrero","2021-02-12","META","Puerto Gaitan","","","","","","","","","","","","","","","","","","","","","","","","","","","","","20","","BD_ICV_2021"
"2021","Febrero","2021-02-12","META","Puerto Lopez","","","","","","","","","","","","","","","","","","","","","","","","","","","","","77","","BD_ICV_2021"
"2021","Febrero","2021-02-13","META","Puerto Lopez","","","","","","","","","","","","","","","","","","","","","","","","","","","","","12","","BD_ICV_2021"
"2021","Febrero","2021-02-13","META","Villavicencio","","","","","","","","","","","","","","","","","","","","","","","","","","","","","4","","BD_ICV_2021"
"2021","Febrero","2021-02-13","CUNDINAMARCA","Tabio","","","","","","","","","","","","","","","","","","","","","","","","","","","","","1","","BD_ICV_2021"
"2021","Febrero","2021-02-13","SANTANDER","Sabana de Torres","","","","","","","","","","","","","","","","","","","","","","","","","","","","","8","","BD_ICV_2021"
"2021","Febrero","2021-02-15","CUNDINAMARCA","Manta","","","","","","","","","","","","","","","","","","","","","","","","","","","","","1","","BD_ICV_2021"
"2021","Febrero","2021-02-15","CESAR","Becerril","","","","","","","","","","","","","","","","","","","","","","","","","","","","","5","","BD_ICV_2021"
"2021","Febrero","2021-02-15","META","Puerto Lopez","","","","","","","","","","","","","","","","","","","","","","","","","","","","","70","","BD_ICV_2021"
"2021","Febrero","2021-02-15","CUNDINAMARCA","Fómeque","","","","","","","","","","","","","","","","","","","","","","","","","","","","","1.5","","BD_ICV_2021"
"2021","Febrero","2021-02-12","CAQUETA","Florencia","","","","","","","","","","","","","","","","","","","","","","","","","","","","","10","","BD_ICV_2021"
"2021","Febrero","2021-02-13","CAQUETA","San Jose del Fragua","","","","","","","","","","","","","","","","","","","","","","","","","","","","","3","","BD_ICV_2021"
"2021","Febrero","2021-02-15","ANTIOQUIA","San Vicente","","","","","","","","","","","","","","","","","","","","","","","","","","","","","3","","BD_ICV_2021"
"2021","Febrero","2021-02-16","CASANARE","Yopal","","","","","","","","","","","","","","","","","","","","","","","","","","","","","12","","BD_ICV_2021"
"2021","Febrero","2021-02-16","META","Puerto Lleras","","","","","","","","","","","","","","","","","","","","","","","","","","","","","10","","BD_ICV_2021"
"2021","Febrero","2021-02-16","META","Puerto Gaitan","","","","","","","","","","","","","","","","","","","","","","","","","","","","","80","","BD_ICV_2021"
"2021","Febrero","2021-02-16","META","Puerto Gaitan","","","","","","","","","","","","","","","","","","","","","","","","","","","","","150","","BD_ICV_2021"
"2021","Febrero","2021-02-16","CESAR","Curumani","","","","","","","","","","","","","","","","","","","","","","","","","","","","","60","","BD_ICV_2021"
"2021","Febrero","2021-02-16","CAQUETA","Florencia","","","","","","","","","","","","","","","","","","","","","","","","","","","","","3","","BD_ICV_2021"
"2021","Febrero","2021-02-17","SANTANDER","Simacota","","","","","","","","","","","","","","","","","","","","","","","","","","","","","1","","BD_ICV_2021"
"2021","Febrero","2021-02-17","CUNDINAMARCA","Fómeque","","","","","","","","","","","","","","","","","","","","","","","","","","","","","6","","BD_ICV_2021"
"2021","Febrero","2021-02-17","META","Puerto Gaitan","","","","","","","","","","","","","","","","","","","","","","","","","","","","","800","","BD_ICV_2021"
"2021","Febrero","2021-02-17","META","Villavicencio","","","","","","","","","","","","","","","","","","","","","","","","","","","","","1","","BD_ICV_2021"
"2021","Febrero","2021-02-17","MAGDALENA","Pedraza","","","","","","","","","","","","","","","","","","","","","","","","","","","","","5","","BD_ICV_2021"
"2021","Febrero","2021-02-17","META","Puerto Gaitan","","","","","","","","","","","","","","","","","","","","","","","","","","","","","10","","BD_ICV_2021"
"2021","Febrero","2021-02-18","META","San Martin","","","","","","","","","","","","","","","","","","","","","","","","","","","","","30","","BD_ICV_2021"
"2021","Febrero","2021-02-17","BOYACÁ","Tota","","","","","","","","","","","","","","","","","","","","","","","","","","","","","1","","BD_ICV_2021"
"2021","Febrero","2021-02-18","META","Puerto Lopez","","","","","","","","","","","","","","","","","","","","","","","","","","","","","10","","BD_ICV_2021"
"2021","Febrero","2021-02-17","CESAR","El Copey","","","","","","","","","","","","","","","","","","","","","","","","","","","","","1","","BD_ICV_2021"
"2021","Febrero","2021-02-18","CESAR","El Paso","","","","","","","","","","","","","","","","","","","","","","","","","","","","","20","","BD_ICV_2021"
"2021","Febrero","2021-02-18","META","Puerto Lopez","","","","","","","","","","","","","","","","","","","","","","","","","","","","","50","","BD_ICV_2021"
"2021","Febrero","2021-02-19","NORTE DE SANTANDER","Ocaña","","","","","","","","","","","","","","","","","","","","","","","","","","","","","1","","BD_ICV_2021"
"2021","Febrero","2021-02-18","BOLIVAR","San Juan Nepomuceno","","","","","","","","","","","","","","","","","","","","","","","","","","","","","2","","BD_ICV_2021"
"2021","Febrero","2021-02-18","META","Barranca de Upia","","","","","","","","","","","","","","","","","","","","","","","","","","","","","15","","BD_ICV_2021"
"2021","Febrero","2021-02-19","CESAR","Becerril","","","","","","","","","","","","","","","","","","","","","","","","","","","","","2","","BD_ICV_2021"
"2021","Febrero","2021-02-19","CESAR","Becerril","","","","","","","","","","","","","","","","","","","","","","","","","","","","","10","","BD_ICV_2021"
"2021","Febrero","2021-02-19","CESAR","Chiriguana","","","","","","","","","","","","","","","","","","","","","","","","","","","","","3","","BD_ICV_2021"
"2021","Febrero","2021-02-19","CESAR","Chiriguana","","","","","","","","","","","","","","","","","","","","","","","","","","","","","2","","BD_ICV_2021"
"2021","Febrero","2021-02-19","CESAR","Chiriguana","","","","","","","","","","","","","","","","","","","","","","","","","","","","","12","","BD_ICV_2021"
"2021","Febrero","2021-02-19","CESAR","Agustin Codazzi","","","","","","","","","","","","","","","","","","","","","","","","","","","","","5","","BD_ICV_2021"
"2021","Febrero","2021-02-19","PUTUMAYO","Puerto Leguizamo","","","","","","","","","","","","","","","","","","","","","","","","","","","","","30","","BD_ICV_2021"
"2021","Febrero","2021-02-19","META","San Carlos de Guaroa","","","","","","","","","","","","","","","","","","","","","","","","","","","","","20","","BD_ICV_2021"
"2021","Febrero","2021-02-19","NORTE DE SANTANDER","Chitagá","","","","","","","","","","","","","","","","","","","","","","","","","","","","","","","BD_ICV_2021"
"2021","Febrero","2021-02-19","META","Fuente de Oro","","","","","","","","","","","","","","","","","","","","","","","","","","","","","10","","BD_ICV_2021"
"2021","Febrero","2021-02-19","NORTE DE SANTANDER","Abrego","","","","","","","","","","","","","","","","","","","","","","","","","","","","","","","BD_ICV_2021"
"2021","Febrero","2021-02-19","NORTE DE SANTANDER","Abrego","","","","","","","","","","","","","","","","","","","","","","","","","","","","","0.5","","BD_ICV_2021"
"2021","Febrero","2021-02-19","NORTE DE SANTANDER","Chitagá","","","","","","","","","","","","","","","","","","","","","","","","","","","","","2","","BD_ICV_2021"
"2021","Febrero","2021-02-19","CASANARE","Nunchia","","","","","","","","","","","","","","","","","","","","","","","","","","","","","4","","BD_ICV_2021"
"2021","Febrero","2021-02-17","CUNDINAMARCA","Chipaque","","","","","","","","","","","","","","","","","","","","","","","","","","","","","2","","BD_ICV_2021"
"2021","Febrero","2021-02-20","MAGDALENA","Sitionuevo","","","","","","","","","","","","","","","","","","","","","","","","","","","","","","","BD_ICV_2021"
"2021","Febrero","2021-02-20","META","Villavicencio","","","","","","","","","","","","","","","","","","","","","","","","","","","","","3","","BD_ICV_2021"
"2021","Febrero","2021-02-20","META","Villavicencio","","","","","","","","","","","","","","","","","","","","","","","","","","","","","2","","BD_ICV_2021"
"2021","Febrero","2021-02-21","META","Acacias","","","","","","","","","","","","","","","","","","","","","","","","","","","","","20","","BD_ICV_2021"
"2021","Febrero","2021-02-20","META","Puerto Gaitan","","","","","","","","","","","","","","","","","","","","","","","","","","","","","150","","BD_ICV_2021"
"2021","Febrero","2021-02-20","CASANARE","Aguazul","","","","","","","","","","","","","","","","","","","","","","","","","","","","","70","","BD_ICV_2021"
"2021","Febrero","2021-02-20","CASANARE","Aguazul","","","","","","","","","","","","","","","","","","","","","","","","","","","","","4","","BD_ICV_2021"
"2021","Febrero","2021-02-21","CASANARE","Aguazul","","","","","","","","","","","","","","","","","","","","","","","","","","","","","7","","BD_ICV_2021"
"2021","Febrero","2021-02-20","CASANARE","Hato Corozal","","","","","","","","","","","","","","","","","","","","","","","","","","","","","3500","","BD_ICV_2021"
"2021","Febrero","2021-02-21","META","Villavicencio","","","","","","","","","","","","","","","","","","","","","","","","","","","","","20","","BD_ICV_2021"
"2021","Febrero","2021-02-21","CASANARE","Pore","","","","","","","","","","","","","","","","","","","","","","","","","","","","","11","","BD_ICV_2021"
"2021","Febrero","2021-02-20","CUNDINAMARCA","Subachoque","","","","","","","","","","","","","","","","","","","","","","","","","","","","","1","","BD_ICV_2021"
"2021","Febrero","2021-02-21","META","Puerto Gaitan","","","","","","","","","","","","","","","","","","","","","","","","","","","","","20","","BD_ICV_2021"
"2021","Febrero","2021-02-21","CASANARE","San Luis de Palenque","","","","","","","","","","","","","","","","","","","","","","","","","","","","","5","","BD_ICV_2021"
"2021","Febrero","2021-02-19","CESAR","El Paso","","","","","","","","","","","","","","","","","","","","","","","","","","","","","100","","BD_ICV_2021"
"2021","Febrero","2021-02-11","CESAR","El Paso","","","","","","","","","","","","","","","","","","","","","","","","","","","","","4","","BD_ICV_2021"
"2021","Febrero","2021-02-11","CESAR","El Paso","","","","","","","","","","","","","","","","","","","","","","","","","","","","","1","","BD_ICV_2021"
"2021","Febrero","2021-02-13","CESAR","El Paso","","","","","","","","","","","","","","","","","","","","","","","","","","","","","1","","BD_ICV_2021"
"2021","Febrero","2021-02-18","CESAR","El Paso","","","","","","","","","","","","","","","","","","","","","","","","","","","","","23","","BD_ICV_2021"
"2021","Febrero","2021-02-04","CESAR","La Jagua de Ibirico","","","","","","","","","","","","","","","","","","","","","","","","","","","","","6","","BD_ICV_2021"
"2021","Febrero","2021-02-10","CESAR","La Jagua de Ibirico","","","","","","","","","","","","","","","","","","","","","","","","","","","","","30","","BD_ICV_2021"
"2021","Febrero","2021-02-11","CESAR","La Jagua de Ibirico","","","","","","","","","","","","","","","","","","","","","","","","","","","","","35","","BD_ICV_2021"
"2021","Febrero","2021-02-13","CESAR","La Jagua de Ibirico","","","","","","","","","","","","","","","","","","","","","","","","","","","","","1","","BD_ICV_2021"
"2021","Febrero","2021-02-12","CESAR","Manaure","","","","","","","","","","","","","","","","","","","","","","","","","","","","","1","","BD_ICV_2021"
"2021","Febrero","2021-02-14","CESAR","San Martin","","","","","","","","","","","","","","","","","","","","","","","","","","","","","3","","BD_ICV_2021"
"2021","Febrero","2021-02-22","CESAR","El Paso","","","","","","","","","","","","","","","","","","","","","","","","","","","","","10","","BD_ICV_2021"
"2021","Febrero","2021-02-22","META","Puerto Lopez","","","","","","","","","","","","","","","","","","","","","","","","","","","","","","","BD_ICV_2021"
"2021","Febrero","2021-02-21","BOYACÁ","Tibana","","","","","","","","","","","","","","","","","","","","","","","","","","","","","1.5","","BD_ICV_2021"
"2021","Febrero","2021-02-22","VICHADA","Cumaribo","","","","","","","","","","","","","","","","","","","","","","","","","","","","","","","BD_ICV_2021"
"2021","Febrero","2021-02-22","META","Puerto Lopez","","","","","","","","","","","","","","","","","","","","","","","","","","","","","100","","BD_ICV_2021"
"2021","Febrero","2021-02-22","SANTANDER","San Miguel","","","","","","","","","","","","","","","","","","","","","","","","","","","","","1","","BD_ICV_2021"
"2021","Febrero","2021-02-20","ANTIOQUIA","Amalfi","","","","","","","","","","","","","","","","","","","","","","","","","","","","","1","","BD_ICV_2021"
"2021","Febrero","2021-02-23","META","Puerto Lopez","","","","","","","","","","","","","","","","","","","","","","","","","","","","","","","BD_ICV_2021"
"2021","Febrero","2021-02-23","CASANARE","Monterrey","","","","","","","","","","","","","","","","","","","","","","","","","","","","","2","","BD_ICV_2021"
"2021","Febrero","2021-02-23","META","Puerto Rico","","","","","","","","","","","","","","","","","","","","","","","","","","","","","300","","BD_ICV_2021"
"2021","Febrero","2021-02-23","META","Villavicencio","","","","","","","","","","","","","","","","","","","","","","","","","","","","","5","","BD_ICV_2021"
"2021","Febrero","2021-02-23","META","Puerto Lopez","","","","","","","","","","","","","","","","","","","","","","","","","","","","","500","","BD_ICV_2021"
"2021","Febrero","2021-02-23","META","San Juan de Arama","","","","","","","","","","","","","","","","","","","","","","","","","","","","","150","","BD_ICV_2021"
"2021","Febrero","2021-02-23","META","La Macarena","","","","","","","","","","","","","","","","","","","","","","","","","","","","","40","","BD_ICV_2021"
"2021","Febrero","2021-02-23","SANTANDER","Sabana de Torres","","","","","","","","","","","","","","","","","","","","","","","","","","","","","2","","BD_ICV_2021"
"2021","Febrero","2021-02-24","META","Puerto Gaitan","","","","","","","","","","","","","","","","","","","","","","","","","","","","","70","","BD_ICV_2021"
"2021","Febrero","2021-02-24","CESAR","Aguachica","","","","","","","","","","","","","","","","","","","","","","","","","","","","","16","","BD_ICV_2021"
"2021","Febrero","2021-02-24","META","La Macarena","","","","","","","","","","","","","","","","","","","","","","","","","","","","","10","","BD_ICV_2021"
"2021","Febrero","2021-02-24","SANTANDER","Sabana de Torres","","","","","","","","","","","","","","","","","","","","","","","","","","","","","3","","BD_ICV_2021"
"2021","Febrero","2021-02-24","CASANARE","Trinidad","","","","","","","","","","","","","","","","","","","","","","","","","","","","","3","","BD_ICV_2021"
"2021","Febrero","2021-02-25","CUNDINAMARCA","Cachipay","","","","","","","","","","","","","","","","","","","","","","","","","","","","","1.5","","BD_ICV_2021"
"2021","Febrero","2021-02-25","CESAR","Tamalameque","","","","","","","","","","","","","","","","","","","","","","","","","","","","","600","","BD_ICV_2021"
"2021","Febrero","2021-02-26","CASANARE","Trinidad","","","","","","","","","","","","","","","","","","","","","","","","","","","","","2","","BD_ICV_2021"
"2021","Febrero","2021-02-27","NORTE DE SANTANDER","Abrego","","","","","","","","","","","","","","","","","","","","","","","","","","","","","10","","BD_ICV_2021"
"2021","Febrero","2021-02-28","META","Puerto Gaitan","","","","","","","","","","","","","","","","","","","","","","","","","","","","","5","","BD_ICV_2021"
"2021","Febrero","2021-02-28","CESAR","Becerril","","","","","","","","","","","","","","","","","","","","","","","","","","","","","100","","BD_ICV_2021"
"2021","Febrero","2021-02-28","NORTE DE SANTANDER","El Carmen","","","","","","","","","","","","","","","","","","","","","","","","","","","","","220","","BD_ICV_2021"
"2021","Febrero","2021-02-27","BOYACÁ","Tuta","","","","","","","","","","","","","","","","","","","","","","","","","","","","","9","","BD_ICV_2021"
"2021","Febrero","2021-02-28","BOYACÁ","Turmeque","","","","","","","","","","","","","","","","","","","","","","","","","","","","","1.5","","BD_ICV_2021"
"2021","Marzo","2021-03-01","META","Puerto Lopez","","","","","","","","","","","","","","","","","","","","","","","","","","","","","300","","BD_ICV_2021"
"2021","Marzo","2021-03-01","META","Villavicencio","","","","","","","","","","","","","","","","","","","","","","","","","","","","","4","","BD_ICV_2021"
"2021","Marzo","2021-03-01","META","Puerto Lleras","","","","","","","","","","","","","","","","","","","","","","","","","","","","","200","","BD_ICV_2021"
"2021","Marzo","2021-03-01","META","Puerto Lopez","","","","","","","","","","","","","","","","","","","","","","","","","","","","","50","","BD_ICV_2021"
"2021","Marzo","2021-03-01","CESAR","Valledupar","CORREGIMIENTO: GUATAPURÍ, VEREDA: SAN JOSÉ- SIERRA NEVADA DE SANTA MARTA","","","","","","","","","","","","","","","","","","","","","","","","","","","","30","","BD_ICV_2021"
"2021","Marzo","2021-03-01","ANTIOQUIA","Caldas","","","","","","","","","","","","","","","","","","","","","","","","","","","","","1","","BD_ICV_2021"
"2021","Marzo","2021-03-01","CORDOBA","Cienaga de Oro","","","","","","","","","","","","","","","","","","","","","","","","","","","","","4","","BD_ICV_2021"
"2021","Marzo","2021-03-02","NORTE DE SANTANDER","Chitagá","","","","","","","","","","","","","","","","","","","","","","","","","","","","","500","","BD_ICV_2021"
"2021","Marzo","2021-03-02","META","Villavicencio","","","","","","","","","","","","","","","","","","","","","","","","","","","","","2","","BD_ICV_2021"
"2021","Marzo","2021-02-28","BOYACÁ","Turmeque","","","","","","","","","","","","","","","","","","","","","","","","","","","","","1.5","","BD_ICV_2021"
"2021","Marzo","2021-03-01","BOYACÁ","Firavitoba","","","","","","","","","","","","","","","","","","","","","","","","","","","","","1","","BD_ICV_2021"
"2021","Marzo","2021-03-01","BOYACÁ","Pesca","","","","","","","","","","","","","","","","","","","","","","","","","","","","","6","","BD_ICV_2021"
"2021","Marzo","2021-03-02","SANTANDER","Puerto Wilches","","","","","","","","","","","","","","","","","","","","","","","","","","","","","50","","BD_ICV_2021"
"2021","Marzo","2021-03-02","META","Mapiripan","","","","","","","","","","","","","","","","","","","","","","","","","","","","","80","","BD_ICV_2021"
"2021","Marzo","2021-03-02","CASANARE","Aguazul","","","","","","","","","","","","","","","","","","","","","","","","","","","","","20","","BD_ICV_2021"
"2021","Marzo","2021-03-02","META","Puerto Lleras","","","","","","","","","","","","","","","","","","","","","","","","","","","","","300","","BD_ICV_2021"
"2021","Marzo","2021-03-02","META","Fuente de Oro","","","","","","","","","","","","","","","","","","","","","","","","","","","","","10","","BD_ICV_2021"
"2021","Marzo","2021-03-02","MAGDALENA","Sitionuevo","","","","","","","","","","","","","","","","","","","","","","","","","","","","","8","","BD_ICV_2021"
"2021","Marzo","2021-03-01","CASANARE","Orocue","","","","","","","","","","","","","","","","","","","","","","","","","","","","","60","","BD_ICV_2021"
"2021","Marzo","2021-03-02","CESAR","La Jagua de Ibirico","","","","","","","","","","","","","","","","","","","","","","","","","","","","","10","","BD_ICV_2021"
"2021","Marzo","2021-03-02","CASANARE","Yopal","","","","","","","","","","","","","","","","","","","","","","","","","","","","","2","","BD_ICV_2021"
"2021","Marzo","2021-03-02","META","La Macarena","","","","","","","","","","","","","","","","","","","","","","","","","","","","","30","","BD_ICV_2021"
"2021","Marzo","2021-03-02","SANTANDER","Sabana de Torres","","","","","","","","","","","","","","","","","","","","","","","","","","","","","30","","BD_ICV_2021"
"2021","Marzo","2021-03-02","BOYACÁ","Paipa","","","","","","","","","","","","","","","","","","","","","","","","","","","","","1","","BD_ICV_2021"
"2021","Marzo","2021-03-03","META","Villavicencio","","","","","","","","","","","","","","","","","","","","","","","","","","","","","35","","BD_ICV_2021"
"2021","Marzo","2021-03-03","ARAUCA","Tame","","","","","","","","","","","","","","","","","","","","","","","","","","","","","90","","BD_ICV_2021"
"2021","Marzo","2021-03-03","META","San Carlos de Guaroa","","","","","","","","","","","","","","","","","","","","","","","","","","","","","13","","BD_ICV_2021"
"2021","Marzo","2021-03-03","META","San Juan de Arama","","","","","","","","","","","","","","","","","","","","","","","","","","","","","","","BD_ICV_2021"
"2021","Marzo","2021-03-02","CASANARE","Hato Corozal","","","","","","","","","","","","","","","","","","","","","","","","","","","","","8","","BD_ICV_2021"
"2021","Marzo","2021-03-03","CORDOBA","Monteria","","","","","","","","","","","","","","","","","","","","","","","","","","","","","6","","BD_ICV_2021"
"2021","Marzo","2021-03-03","CUNDINAMARCA","Guayabetal","","","","","","","","","","","","","","","","","","","","","","","","","","","","","10","","BD_ICV_2021"
"2021","Marzo","2021-03-03","META","Barranca de Upia","","","","","","","","","","","","","","","","","","","","","","","","","","","","","3","","BD_ICV_2021"
"2021","Marzo","2021-03-03","META","Villavicencio","","","","","","","","","","","","","","","","","","","","","","","","","","","","","1","","BD_ICV_2021"
"2021","Marzo","2021-03-03","META","Villavicencio","","","","","","","","","","","","","","","","","","","","","","","","","","","","","4","","BD_ICV_2021"
"2021","Marzo","2021-03-03","META","Villavicencio","","","","","","","","","","","","","","","","","","","","","","","","","","","","","10","","BD_ICV_2021"
"2021","Marzo","2021-03-03","META","Villavicencio","","","","","","","","","","","","","","","","","","","","","","","","","","","","","1","","BD_ICV_2021"
"2021","Marzo","2021-03-03","META","Villavicencio","","","","","","","","","","","","","","","","","","","","","","","","","","","","","3","","BD_ICV_2021"
"2021","Marzo","2021-03-03","NORTE DE SANTANDER","Chitagá","","","","","","","","","","","","","","","","","","","","","","","","","","","","","","","BD_ICV_2021"
"2021","Marzo","2021-03-02","SANTANDER","Sabana de Torres","","","","","","","","","","","","","","","","","","","","","","","","","","","","","25","","BD_ICV_2021"
"2021","Marzo","2021-03-03","META","Puerto Lleras","","","","","","","","","","","","","","","","","","","","","","","","","","","","","800","","BD_ICV_2021"
"2021","Marzo","2021-03-04","META","Villavicencio","","","","","","","","","","","","","","","","","","","","","","","","","","","","","1","","BD_ICV_2021"
"2021","Marzo","2021-03-04","CESAR","Becerril","","","","","","","","","","","","","","","","","","","","","","","","","","","","","","","BD_ICV_2021"
"2021","Marzo","2021-03-04","CESAR","Pueblo Bello","","","","","","","","","","","","","","","","","","","","","","","","","","","","","6","","BD_ICV_2021"
"2021","Marzo","2021-03-03","CESAR","Agustin Codazzi","","","","","","","","","","","","","","","","","","","","","","","","","","","","","118","","BD_ICV_2021"
"2021","Marzo","2021-03-04","META","La Macarena","","","","","","","","","","","","","","","","","","","","","","","","","","","","","80","","BD_ICV_2021"
"2021","Marzo","2021-03-04","META","Mapiripan","","","","","","","","","","","","","","","","","","","","","","","","","","","","","200","","BD_ICV_2021"
"2021","Marzo","2021-03-02","CESAR","Agustin Codazzi","","","","","","","","","","","","","","","","","","","","","","","","","","","","","28","","BD_ICV_2021"
"2021","Marzo","2021-03-03","CESAR","Agustin Codazzi","","","","","","","","","","","","","","","","","","","","","","","","","","","","","15","","BD_ICV_2021"
"2021","Marzo","2021-03-03","CESAR","Agustin Codazzi","","","","","","","","","","","","","","","","","","","","","","","","","","","","","4","","BD_ICV_2021"
"2021","Marzo","2021-03-04","META","Vistahermosa","","","","","","","","","","","","","","","","","","","","","","","","","","","","","","","BD_ICV_2021"
"2021","Marzo","2021-03-02","CESAR","Becerril","","","","","","","","","","","","","","","","","","","","","","","","","","","","","1","","BD_ICV_2021"
"2021","Marzo","2021-03-02","CESAR","Curumani","","","","","","","","","","","","","","","","","","","","","","","","","","","","","2","","BD_ICV_2021"
"2021","Marzo","2021-03-02","CESAR","Chimichagua","","","","","","","","","","","","","","","","","","","","","","","","","","","","","150","","BD_ICV_2021"
"2021","Marzo","2021-03-01","CESAR","Chiriguana","","","","","","","","","","","","","","","","","","","","","","","","","","","","","40","","BD_ICV_2021"
"2021","Marzo","2021-01-02","CESAR","Chiriguana","","","","","","","","","","","","","","","","","","","","","","","","","","","","","1","","BD_ICV_2021"
"2021","Marzo","2021-03-02","CESAR","El Paso","","","","","","","","","","","","","","","","","","","","","","","","","","","","","400","","BD_ICV_2021"
"2021","Marzo","2021-03-02","CESAR","El Paso","","","","","","","","","","","","","","","","","","","","","","","","","","","","","600","","BD_ICV_2021"
"2021","Marzo","2021-03-03","CESAR","El Paso","","","","","","","","","","","","","","","","","","","","","","","","","","","","","200","","BD_ICV_2021"
"2021","Marzo","2021-03-04","NORTE DE SANTANDER","Chinácota","","","","","","","","","","","","","","","","","","","","","","","","","","","","","1","","BD_ICV_2021"
"2021","Marzo","2021-03-04","META","Villavicencio","","","","","","","","","","","","","","","","","","","","","","","","","","","","","1","","BD_ICV_2021"
"2021","Marzo","2021-03-03","NORTE DE SANTANDER","Cáchira","","","","","","","","","","","","","","","","","","","","","","","","","","","","","10","","BD_ICV_2021"
"2021","Marzo","2021-03-04","CASANARE","Hato Corozal","","","","","","","","","","","","","","","","","","","","","","","","","","","","","25","","BD_ICV_2021"
"2021","Marzo","2021-03-03","CESAR","Chiriguana","","","","","","","","","","","","","","","","","","","","","","","","","","","","","14","","BD_ICV_2021"
"2021","Marzo","2021-03-01","CESAR","La Jagua de Ibirico","","","","","","","","","","","","","","","","","","","","","","","","","","","","","10","","BD_ICV_2021"
"2021","Marzo","2021-03-02","CESAR","La Jagua de Ibirico","","","","","","","","","","","","","","","","","","","","","","","","","","","","","36","","BD_ICV_2021"
"2021","Marzo","2021-03-02","CESAR","La Jagua de Ibirico","","","","","","","","","","","","","","","","","","","","","","","","","","","","","6","","BD_ICV_2021"
"2021","Marzo","2021-03-03","CESAR","La Jagua de Ibirico","","","","","","","","","","","","","","","","","","","","","","","","","","","","","9","","BD_ICV_2021"
"2021","Marzo","2021-03-03","CESAR","Manaure","","","","","","","","","","","","","","","","","","","","","","","","","","","","","3","","BD_ICV_2021"
"2021","Marzo","2021-03-03","CESAR","San Alberto","","","","","","","","","","","","","","","","","","","","","","","","","","","","","1","","BD_ICV_2021"
"2021","Marzo","2021-03-01","CESAR","Tamalameque","","","","","","","","","","","","","","","","","","","","","","","","","","","","","600","","BD_ICV_2021"
"2021","Marzo","2021-03-05","SANTANDER","Puerto Wilches","","","","","","","","","","","","","","","","","","","","","","","","","","","","","10","","BD_ICV_2021"
"2021","Marzo","2021-03-01","BOYACÁ","Aquitania","","","","","","","","","","","","","","","","","","","","","","","","","","","","","4","","BD_ICV_2021"
"2021","Marzo","2021-03-02","BOYACÁ","Labranzagrande","","","","","","","","","","","","","","","","","","","","","","","","","","","","","10","","BD_ICV_2021"
"2021","Marzo","2021-03-03","BOYACÁ","Sotaquira","","","","","","","","","","","","","","","","","","","","","","","","","","","","","1.5","","BD_ICV_2021"
"2021","Marzo","2021-03-04","META","Mesetas","","","","","","","","","","","","","","","","","","","","","","","","","","","","","80","","BD_ICV_2021"
"2021","Marzo","2021-03-04","META","San Carlos de Guaroa","","","","","","","","","","","","","","","","","","","","","","","","","","","","","16","","BD_ICV_2021"
"2021","Marzo","2021-03-03","CASANARE","Orocue","","","","","","","","","","","","","","","","","","","","","","","","","","","","","2","","BD_ICV_2021"
"2021","Marzo","2021-03-05","CASANARE","Monterrey","","","","","","","","","","","","","","","","","","","","","","","","","","","","","5","","BD_ICV_2021"
"2021","Marzo","2021-03-04","META","Puerto Gaitan","","","","","","","","","","","","","","","","","","","","","","","","","","","","","50","","BD_ICV_2021"
"2021","Marzo","2021-03-05","META","El Dorado","","","","","","","","","","","","","","","","","","","","","","","","","","","","","1","","BD_ICV_2021"
"2021","Marzo","2021-03-05","META","Puerto Gaitan","","","","","","","","","","","","","","","","","","","","","","","","","","","","","99","","BD_ICV_2021"
"2021","Marzo","2021-03-06","CASANARE","Aguazul","","","","","","","","","","","","","","","","","","","","","","","","","","","","","30","","BD_ICV_2021"
"2021","Marzo","2021-03-07","MAGDALENA","Ariguani","","","","","","","","","","","","","","","","","","","","","","","","","","","","","3","","BD_ICV_2021"
"2021","Marzo","2021-03-05","CASANARE","Orocue","","","","","","","","","","","","","","","","","","","","","","","","","","","","","505","","BD_ICV_2021"
"2021","Marzo","2021-03-06","CUNDINAMARCA","Tibirita","","","","","","","","","","","","","","","","","","","","","","","","","","","","","1","","BD_ICV_2021"
"2021","Marzo","2021-03-05","SANTANDER","Contratacion","","","","","","","","","","","","","","","","","","","","","","","","","","","","","7","","BD_ICV_2021"
"2021","Marzo","2021-03-07","CESAR","Chiriguana","","","","","","","","","","","","","","","","","","","","","","","","","","","","","3","","BD_ICV_2021"
"2021","Marzo","2021-03-09","CUNDINAMARCA","Guayabetal","","","","","","","","","","","","","","","","","","","","","","","","","","","","","10","","BD_ICV_2021"
"2021","Marzo","2021-03-09","CESAR","Pueblo Bello","","","","","","","","","","","","","","","","","","","","","","","","","","","","","","","BD_ICV_2021"
"2021","Marzo","2021-03-09","CESAR","Chiriguana","","","","","","","","","","","","","","","","","","","","","","","","","","","","","14","","BD_ICV_2021"
"2021","Marzo","2021-03-09","CESAR","Pueblo Bello","","","","","","","","","","","","","","","","","","","","","","","","","","","","","8","","BD_ICV_2021"
"2021","Marzo","2021-03-09","META","Puerto Lopez","","","","","","","","","","","","","","","","","","","","","","","","","","","","","20","","BD_ICV_2021"
"2021","Marzo","2021-03-08","CESAR","Pueblo Bello","","","","","","","","","","","","","","","","","","","","","","","","","","","","","40","","BD_ICV_2021"
"2021","Marzo","2021-03-09","SANTANDER","Carcasi","","","","","","","","","","","","","","","","","","","","","","","","","","","","","1","","BD_ICV_2021"
"2021","Marzo","2021-03-09","META","Villavicencio","","","","","","","","","","","","","","","","","","","","","","","","","","","","","2","","BD_ICV_2021"
"2021","Marzo","2021-03-09","VICHADA","Puerto Carreño","","","","","","","","","","","","","","","","","","","","","","","","","","","","","4","","BD_ICV_2021"
"2021","Marzo","2021-03-10","CESAR","Valledupar","","","","","","","","","","","","","","","","","","","","","","","","","","","","","","","BD_ICV_2021"
"2021","Marzo","2021-03-10","SANTANDER","Betulia","","","","","","","","","","","","","","","","","","","","","","","","","","","","","4","","BD_ICV_2021"
"2021","Marzo","2021-03-07","ANTIOQUIA","Vegachi","","","","","","","","","","","","","","","","","","","","","","","","","","","","","4","","BD_ICV_2021"
"2021","Marzo","2021-03-10","META","Puerto Rico","","","","","","","","","","","","","","","","","","","","","","","","","","","","","170","","BD_ICV_2021"
"2021","Marzo","2021-03-11","META","Puerto Gaitan","","","","","","","","","","","","","","","","","","","","","","","","","","","","","30","","BD_ICV_2021"
"2021","Marzo","2021-03-12","META","Villavicencio","","","","","","","","","","","","","","","","","","","","","","","","","","","","","12","","BD_ICV_2021"
"2021","Marzo","2021-03-12","CESAR","San Diego","","","","","","","","","","","","","","","","","","","","","","","","","","","","","400","","BD_ICV_2021"
"2021","Marzo","2021-03-12","BOYACÁ","Tutaza","","","","","","","","","","","","","","","","","","","","","","","","","","","","","10","","BD_ICV_2021"
"2021","Marzo","2021-03-13","BOYACÁ","El Espino","","","","","","","","","","","","","","","","","","","","","","","","","","","","","2","","BD_ICV_2021"
"2021","Marzo","2021-03-14","MAGDALENA","Sitionuevo","","","","","","","","","","","","","","","","","","","","","","","","","","","","","","","BD_ICV_2021"
"2021","Marzo","2021-03-14","MAGDALENA","Sitionuevo","","","","","","","","","","","","","","","","","","","","","","","","","","","","","","","BD_ICV_2021"
"2021","Marzo","2021-03-14","META","Puerto Gaitan","","","","","","","","","","","","","","","","","","","","","","","","","","","","","300","","BD_ICV_2021"
"2021","Marzo","2021-03-14","META","Puerto Gaitan","","","","","","","","","","","","","","","","","","","","","","","","","","","","","200","","BD_ICV_2021"
"2021","Marzo","2021-03-12","CASANARE","Orocue","","","","","","","","","","","","","","","","","","","","","","","","","","","","","500","","BD_ICV_2021"
"2021","Marzo","2021-03-15","MAGDALENA","Sitionuevo","","","","","","","","","","","","","","","","","","","","","","","","","","","","","","","BD_ICV_2021"
"2021","Marzo","2021-03-15","META","Puerto Gaitan","","","","","","","","","","","","","","","","","","","","","","","","","","","","","50","","BD_ICV_2021"
"2021","Marzo","2021-03-14","CESAR","Valledupar","","","","","","","","","","","","","","","","","","","","","","","","","","","","","","","BD_ICV_2021"
"2021","Marzo","2021-03-11","CESAR","Agustin Codazzi","","","","","","","","","","","","","","","","","","","","","","","","","","","","","35","","BD_ICV_2021"
"2021","Marzo","2021-03-09","CESAR","Agustin Codazzi","","","","","","","","","","","","","","","","","","","","","","","","","","","","","28","","BD_ICV_2021"
"2021","Marzo","2021-03-17","ARAUCA","Cravo Norte","","","","","","","","","","","","","","","","","","","","","","","","","","","","","7","","BD_ICV_2021"
"2021","Marzo","2021-03-20","META","Barranca de Upia","","","","","","","","","","","","","","","","","","","","","","","","","","","","","50","","BD_ICV_2021"
"2021","Marzo","2021-03-20","CASANARE","Aguazul","","","","","","","","","","","","","","","","","","","","","","","","","","","","","50","","BD_ICV_2021"
"2021","Marzo","2021-03-20","MAGDALENA","Sitionuevo","","","","","","","","","","","","","","","","","","","","","","","","","","","","","5","","BD_ICV_2021"
"2021","Marzo","2021-03-18","VICHADA","Puerto Carreño","","","","","","","","","","","","","","","","","","","","","","","","","","","","","6000","","BD_ICV_2021"
"2021","Marzo","2021-03-20","VICHADA","Puerto Carreño","","","","","","","","","","","","","","","","","","","","","","","","","","","","","500","","BD_ICV_2021"
"2021","Marzo","2021-03-20","CASANARE","Aguazul","","","","","","","","","","","","","","","","","","","","","","","","","","","","","20","","BD_ICV_2021"
"2021","Marzo","2021-03-20","META","Barranca de Upia","","","","","","","","","","","","","","","","","","","","","","","","","","","","","75","","BD_ICV_2021"
"2021","Marzo","2021-03-21","META","Puerto Lopez","","","","","","","","","","","","","","","","","","","","","","","","","","","","","8","","BD_ICV_2021"
"2021","Marzo","2021-03-21","META","Puerto Rico","","","","","","","","","","","","","","","","","","","","","","","","","","","","","50","","BD_ICV_2021"
"2021","Marzo","2021-03-21","META","Villavicencio","","","","","","","","","","","","","","","","","","","","","","","","","","","","","3","","BD_ICV_2021"
"2021","Marzo","2021-03-21","META","La Macarena","","","","","","","","","","","","","","","","","","","","","","","","","","","","","300","","BD_ICV_2021"
"2021","Marzo","2021-03-21","META","San Carlos de Guaroa","","","","","","","","","","","","","","","","","","","","","","","","","","","","","30","","BD_ICV_2021"
"2021","Marzo","2021-03-21","META","Puerto Lopez","","","","","","","","","","","","","","","","","","","","","","","","","","","","","50","","BD_ICV_2021"
"2021","Marzo","2021-03-21","META","Puerto Lopez","","","","","","","","","","","","","","","","","","","","","","","","","","","","","5","","BD_ICV_2021"
"2021","Marzo","2021-03-22","ARAUCA","Cravo Norte","","","","","","","","","","","","","","","","","","","","","","","","","","","","","2","","BD_ICV_2021"
"2021","Marzo","2021-03-26","CESAR","Aguachica","","","","","","","","","","","","","","","","","","","","","","","","","","","","","2","","BD_ICV_2021"
"2021","Marzo","2021-03-29","BOLIVAR","El Peñon","","","","","","","","","","","","","","","","","","","","","","","","","","","","","12","","BD_ICV_2021"
"2021","Marzo","2021-03-29","META","Puerto Gaitan","","","","","","","","","","","","","","","","","","","","","","","","","","","","","50","","BD_ICV_2021"
"2021","Marzo","2021-03-29","CESAR","Pueblo Bello","","","","","","","","","","","","","","","","","","","","","","","","","","","","","","","BD_ICV_2021"
"2021","Marzo","2021-03-30","NORTE DE SANTANDER","Ocaña","","","","","","","","","","","","","","","","","","","","","","","","","","","","","30","","BD_ICV_2021"
"2021","Marzo","2021-03-31","TOLIMA","Prado","","","","","","","","","","","","","","","","","","","","","","","","","","","","","","","BD_ICV_2021"
"2021","Marzo","2021-03-30","CESAR","Pueblo Bello","","","","","","","","","","","","","","","","","","","","","","","","","","","","","40","","BD_ICV_2021"
"2021","Marzo","2021-03-30","TOLIMA","San Antonio","","","","","","","","","","","","","","","","","","","","","","","","","","","","","10","","BD_ICV_2021"
"2021","Marzo","2021-03-31","CUNDINAMARCA","Facatativá","","","","","","","","","","","","","","","","","","","","","","","","","","","","","4","","BD_ICV_2021"
"2021","Marzo","2021-03-31","CESAR","Valledupar","","","","","","","","","","","","","","","","","","","","","","","","","","","","","15","","BD_ICV_2021"
"2021","Abril","2021-04-02","CESAR","Valledupar","","","","","","","","","","","","","","","","","","","","","","","","","","","","","","","BD_ICV_2021"
"2021","Abril","2021-04-03","SAN ANDRES","Providencia","","","","","","","","","","","","","","","","","","","","","","","","","","","","","0.6","","BD_ICV_2021"
"2021","Abril","2021-04-03","VICHADA","Puerto Carreño","","","","","","","","","","","","","","","","","","","","","","","","","","","","","","","BD_ICV_2021"
"2021","Abril","2021-04-05","SANTANDER","Girón","","","","","","","","","","","","","","","","","","","","","","","","","","","","","30","","BD_ICV_2021"
"2021","Abril","2021-04-12","HUILA","San Agustín","","","","","","","","","","","","","","","","","","","","","","","","","","","","","5","","BD_ICV_2021"
"","Abril","2021-04-13","CUNDINAMARCA","Útica","","","","","","","","","","","","","","","","","","","","","","","","","","","","","12","","BD_ICV_2021"
"2021","Abril","2021-04-13","SANTANDER","Chima","","","","","","","","","","","","","","","","","","","","","","","","","","","","","15","","BD_ICV_2021"
"2021","Abril","2021-04-13","TOLIMA","Carmen de Apicala","","","","","","","","","","","","","","","","","","","","","","","","","","","","","20","","BD_ICV_2021"
"2021","Abril","2021-04-14","CASANARE","Orocue","","","","","","","","","","","","","","","","","","","","","","","","","","","","","40","","BD_ICV_2021"
"2021","Abril","2021-04-15","BOYACÁ","Sora","","","","","","","","","","","","","","","","","","","","","","","","","","","","","5","","BD_ICV_2021"
"2021","Abril","2021-04-15","TOLIMA","Suarez","","","","","","","","","","","","","","","","","","","","","","","","","","","","","15","","BD_ICV_2021"
"2021","Abril","2021-04-15","SANTANDER","Aratoca","","","","","","","","","","","","","","","","","","","","","","","","","","","","","2","","BD_ICV_2021"
"2021","Abril","2021-04-16","TOLIMA","Natagaima","","","","","","","","","","","","","","","","","","","","","","","","","","","","","","","BD_ICV_2021"
"2021","Abril","2021-04-17","NORTE DE SANTANDER","Abrego","","","","","","","","","","","","","","","","","","","","","","","","","","","","","1","","BD_ICV_2021"
"2021","Abril","2021-04-11","BOYACÁ","Cuitiva","","","","","","","","","","","","","","","","","","","","","","","","","","","","","2","","BD_ICV_2021"
"2021","Abril","2021-04-15","BOYACÁ","Sora","","","","","","","","","","","","","","","","","","","","","","","","","","","","","1","","BD_ICV_2021"
"2021","Abril","2021-04-19","CUNDINAMARCA","Soacha","","","","","","","","","","","","","","","","","","","","","","","","","","","","","1","","BD_ICV_2021"
"2021","Abril","2021-04-20","SANTANDER","Macaravita","","","","","","","","","","","","","","","","","","","","","","","","","","","","","20","","BD_ICV_2021"
"2021","Abril","2021-04-20","CASANARE","Monterrey","","","","","","","","","","","","","","","","","","","","","","","","","","","","","20","","BD_ICV_2021"
"2021","Abril","2021-04-21","META","Puerto Gaitan","","","","","","","","","","","","","","","","","","","","","","","","","","","","","100","","BD_ICV_2021"
"2021","Abril","2021-04-21","META","Puerto Lopez","","","","","","","","","","","","","","","","","","","","","","","","","","","","","120","","BD_ICV_2021"
"2021","Abril","2021-04-21","BOYACÁ","Mongui","","","","","","","","","","","","","","","","","","","","","","","","","","","","","20","","BD_ICV_2021"
"2021","Abril","2021-04-22","NORTE DE SANTANDER","Ragonvalia","","","","","","","","","","","","","","","","","","","","","","","","","","","","","10","","BD_ICV_2021"
"2021","Abril","2021-04-22","HUILA","Timaná","","","","","","","","","","","","","","","","","","","","","","","","","","","","","40","","BD_ICV_2021"
"2021","Abril","2021-04-22","HUILA","Algeciras","","","","","","","","","","","","","","","","","","","","","","","","","","","","","5","","BD_ICV_2021"
"2021","Abril","2021-04-22","HUILA","Algeciras","","","","","","","","","","","","","","","","","","","","","","","","","","","","","2","","BD_ICV_2021"
"2021","Abril","2021-04-23","CUNDINAMARCA","Quipile","","","","","","","","","","","","","","","","","","","","","","","","","","","","","","","BD_ICV_2021"
"2021","Abril","2021-04-22","CUNDINAMARCA","Gutiérrez","","","","","","","","","","","","","","","","","","","","","","","","","","","","","4","","BD_ICV_2021"
"2021","Abril","2021-04-23","META","Cumaral","","","","","","","","","","","","","","","","","","","","","","","","","","","","","1","","BD_ICV_2021"
"2021","Abril","2021-04-23","META","Puerto Rico","","","","","","","","","","","","","","","","","","","","","","","","","","","","","3","","BD_ICV_2021"
"2021","Abril","2021-04-22","NORTE DE SANTANDER","Ragonvalia","","","","","","","","","","","","","","","","","","","","","","","","","","","","","50","","BD_ICV_2021"
"2021","Abril","2021-04-24","CUNDINAMARCA","Sutatausa","","","","","","","","","","","","","","","","","","","","","","","","","","","","","2","","BD_ICV_2021"
"2021","Abril","2021-04-24","CUNDINAMARCA","Fosca","","","","","","","","","","","","","","","","","","","","","","","","","","","","","15","","BD_ICV_2021"
"2021","Abril","2021-04-24","CUNDINAMARCA","Cáqueza","","","","","","","","","","","","","","","","","","","","","","","","","","","","","1","","BD_ICV_2021"
"2021","Abril","2021-04-25","CUNDINAMARCA","Ubaque","","","","","","","","","","","","","","","","","","","","","","","","","","","","","12","","BD_ICV_2021"
"2021","Abril","2021-04-25","NORTE DE SANTANDER","Chinácota","","","","","","","","","","","","","","","","","","","","","","","","","","","","","1","","BD_ICV_2021"
"2021","Abril","2021-04-25","SANTANDER","Molagavita","","","","","","","","","","","","","","","","","","","","","","","","","","","","","3","","BD_ICV_2021"
"2021","Abril","2021-04-24","BOYACÁ","Sutatenza","","","","","","","","","","","","","","","","","","","","","","","","","","","","","1.5","","BD_ICV_2021"
"2021","Abril","2021-04-24","ANTIOQUIA","Bello","","","","","","","","","","","","","","","","","","","","","","","","","","","","","1","","BD_ICV_2021"
"2021","Abril","2021-04-24","ANTIOQUIA","Remedios","","","","","","","","","","","","","","","","","","","","","","","","","","","","","1","","BD_ICV_2021"
"2021","Abril","2021-04-26","BOYACÁ","Tota","","","","","","","","","","","","","","","","","","","","","","","","","","","","","3","","BD_ICV_2021"
"2021","Abril","2021-04-26","BOYACÁ","Tota","","","","","","","","","","","","","","","","","","","","","","","","","","","","","6","","BD_ICV_2021"
"2021","Abril","2021-04-24","BOYACÁ","Tenza","","","","","","","","","","","","","","","","","","","","","","","","","","","","","1.5","","BD_ICV_2021"
"2021","Mayo","2021-05-13","MAGDALENA","Sitionuevo","","","","","","","","","","","","","","","","","","","","","","","","","","","","","","","BD_ICV_2021"
"2021","Mayo","2021-05-17","MAGDALENA","Puebloviejo","","","","","","","","","","","","","","","","","","","","","","","","","","","","","","","BD_ICV_2021"
"2021","Mayo","2021-05-23","CUNDINAMARCA","Cabrera","","","","","","","","","","","","","","","","","","","","","","","","","","","","","3","","BD_ICV_2021"
"2021","Mayo","2021-05-23","VALLE DEL CAUCA","Cali","","","","","","","","","","","","","","","","","","","","","","","","","","","","","1","","BD_ICV_2021"
"2021","Mayo","2021-05-25","BOYACÁ","Villa de Leyva","","","","","","","","","","","","","","","","","","","","","","","","","","","","","0.5","","BD_ICV_2021"
"2021","Mayo","2021-05-23","CUNDINAMARCA","Cabrera","","","","","","","","","","","","","","","","","","","","","","","","","","","","","3","","BD_ICV_2021"
"2021","Junio","2021-06-18","VICHADA","Cumaribo","","","","","","","","","","","","","","","","","","","","","","","","","","","","","100","","BD_ICV_2021"
"2021","Junio","2021-06-29","LA GUAJIRA","Manaure","","","","","","","","","","","","","","","","","","","","","","","","","","","","","4","","BD_ICV_2021"
"2021","Junio","2021-06-30","TOLIMA","Suarez","","","","","","","","","","","","","","","","","","","","","","","","","","","","","","","BD_ICV_2021"
"2021","Julio","2021-07-02","NARIÑO","Iles","","","","","","","","","","","","","","","","","","","","","","","","","","","","","","","BD_ICV_2021"
"2021","Julio","2021-07-02","META","La Macarena","","","","","","","","","","","","","","","","","","","","","","","","","","","","","20","","BD_ICV_2021"
"2021","Julio","2021-07-04","TOLIMA","Cunday","","","","","","","","","","","","","","","","","","","","","","","","","","","","","20","","BD_ICV_2021"
"2021","Julio","2021-07-06","TOLIMA","Murillo","","","","","","","","","","","","","","","","","","","","","","","","","","","","","1","","BD_ICV_2021"
"2021","Julio","2021-07-06","META","Mapiripan","","","","","","","","","","","","","","","","","","","","","","","","","","","","","10","","BD_ICV_2021"
"2021","Julio","2021-07-07","NORTE DE SANTANDER","Abrego","","","","","","","","","","","","","","","","","","","","","","","","","","","","","50","","BD_ICV_2021"
"2021","Julio","2021-07-07","TOLIMA","Lérida","","","","","","","","","","","","","","","","","","","","","","","","","","","","","1.5","","BD_ICV_2021"
"2021","Julio","2021-07-07","CUNDINAMARCA","Albán","","","","","","","","","","","","","","","","","","","","","","","","","","","","","0.5","","BD_ICV_2021"
"2021","Julio","2021-07-07","NORTE DE SANTANDER","La Esperanza","","","","","","","","","","","","","","","","","","","","","","","","","","","","","1","","BD_ICV_2021"
"2021","Julio","2021-07-14","NORTE DE SANTANDER","El Zulia","","","","","","","","","","","","","","","","","","","","","","","","","","","","","3","","BD_ICV_2021"
"2021","Julio","2021-07-16","HUILA","Neiva","","","","","","","","","","","","","","","","","","","","","","","","","","","","","3","","BD_ICV_2021"
"2021","Julio","2021-07-17","CUNDINAMARCA","Guachetá","","","","","","","","","","","","","","","","","","","","","","","","","","","","","1","","BD_ICV_2021"
"2021","Julio","2021-07-17","CUNDINAMARCA","Guachetá","","","","","","","","","","","","","","","","","","","","","","","","","","","","","1","","BD_ICV_2021"
"2021","Julio","2021-07-19","MAGDALENA","Sitionuevo","","","","","","","","","","","","","","","","","","","","","","","","","","","","","20","","BD_ICV_2021"
"2021","Julio","2021-07-20","VALLE DEL CAUCA","Ginebra","","","","","","","","","","","","","","","","","","","","","","","","","","","","","1.5","","BD_ICV_2021"
"2021","Julio","2021-07-21","CUNDINAMARCA","Girardot","","","","","","","","","","","","","","","","","","","","","","","","","","","","","5","","BD_ICV_2021"
"2021","Julio","2021-07-22","ANTIOQUIA","Bello","","","","","","","","","","","","","","","","","","","","","","","","","","","","","65","","BD_ICV_2021"
"2021","Julio","2021-07-23","VALLE DEL CAUCA","Yotoco","","","","","","","","","","","","","","","","","","","","","","","","","","","","","200","","BD_ICV_2021"
"2021","Julio","2021-07-22","BOYACÁ","Pesca","","","","","","","","","","","","","","","","","","","","","","","","","","","","","6","","BD_ICV_2021"
"2021","Julio","2021-07-24","NORTE DE SANTANDER","Salazar","","","","","","","","","","","","","","","","","","","","","","","","","","","","","2","","BD_ICV_2021"
"2021","Julio","2021-07-24","TOLIMA","Palocabildo","","","","","","","","","","","","","","","","","","","","","","","","","","","","","1.5","","BD_ICV_2021"
"2021","Julio","2021-07-24","TOLIMA","Venadillo","","","","","","","","","","","","","","","","","","","","","","","","","","","","","2.5","","BD_ICV_2021"
"2021","Julio","2021-07-24","CUNDINAMARCA","Caparrapí","","","","","","","","","","","","","","","","","","","","","","","","","","","","","10","","BD_ICV_2021"
"2021","Julio","2021-07-26","TOLIMA","Coyaima","","","","","","","","","","","","","","","","","","","","","","","","","","","","","5","","BD_ICV_2021"
"2021","Julio","2021-07-30","CAUCA","El Tambo","","","","","","","","","","","","","","","","","","","","","","","","","","","","","40","","BD_ICV_2021"
"2021","Agosto","2021-08-01","NARIÑO","Cumbal","","","","","","","","","","","","","","","","","","","","","","","","","","","","","2","","BD_ICV_2021"
"2021","Agosto","2021-08-02","CUNDINAMARCA","Pacho","","","","","","","","","","","","","","","","","","","","","","","","","","","","","1","","BD_ICV_2021"
"2021","Agosto","2021-08-02","CUNDINAMARCA","San Francisco","","","","","","","","","","","","","","","","","","","","","","","","","","","","","1.5","","BD_ICV_2021"
"2021","Agosto","2021-08-02","CALDAS","Salamina","","","","","","","","","","","","","","","","","","","","","","","","","","","","","1","","BD_ICV_2021"
"2021","Agosto","2021-08-02","SANTANDER","Enciso","","","","","","","","","","","","","","","","","","","","","","","","","","","","","2","","BD_ICV_2021"
"2021","Agosto","2021-08-03","VALLE DEL CAUCA","Jamundí","","","","","","","","","","","","","","","","","","","","","","","","","","","","","30","","BD_ICV_2021"
"2021","Agosto","2021-08-03","TOLIMA","Ortega","","","","","","","","","","","","","","","","","","","","","","","","","","","","","6","","BD_ICV_2021"
"2021","Agosto","2021-08-03","CAUCA","Cajibío","","","","","","","","","","","","","","","","","","","","","","","","","","","","","1","","BD_ICV_2021"
"2021","Agosto","2021-08-04","CALDAS","Salamina","","","","","","","","","","","","","","","","","","","","","","","","","","","","","2","","BD_ICV_2021"
"2021","Agosto","2021-08-04","CUNDINAMARCA","Villeta","","","","","","","","","","","","","","","","","","","","","","","","","","","","","1.5","","BD_ICV_2021"
"2021","Agosto","2021-08-04","CUNDINAMARCA","San Juan de Rio Seco","","","","","","","","","","","","","","","","","","","","","","","","","","","","","","","BD_ICV_2021"
"2021","Agosto","2021-08-05","CUNDINAMARCA","Beltrán","","","","","","","","","","","","","","","","","","","","","","","","","","","","","2","","BD_ICV_2021"
"2021","Agosto","2021-08-03","CUNDINAMARCA","Villeta","","","","","","","","","","","","","","","","","","","","","","","","","","","","","1","","BD_ICV_2021"
"2021","Agosto","2021-08-03","CALDAS","Samana","","","","","","","","","","","","","","","","","","","","","","","","","","","","","8","","BD_ICV_2021"
"2021","Agosto","2021-08-05","TOLIMA","Carmen de Apicala","","","","","","","","","","","","","","","","","","","","","","","","","","","","","1.5","","BD_ICV_2021"
"2021","Agosto","2021-08-05","TOLIMA","Mariquita","","","","","","","","","","","","","","","","","","","","","","","","","","","","","2","","BD_ICV_2021"
"2021","Agosto","2021-08-05","CUNDINAMARCA","Caparrapí","","","","","","","","","","","","","","","","","","","","","","","","","","","","","1","","BD_ICV_2021"
"2021","Agosto","2021-08-04","CAUCA","Sotará (Paispamba)","","","","","","","","","","","","","","","","","","","","","","","","","","","","","12","","BD_ICV_2021"
"2021","Agosto","2021-08-05","NARIÑO","Puerres","","","","","","","","","","","","","","","","","","","","","","","","","","","","","3","","BD_ICV_2021"
"2021","Agosto","2021-08-06","CUNDINAMARCA","Vergara","","","","","","","","","","","","","","","","","","","","","","","","","","","","","2","","BD_ICV_2021"
"2021","Agosto","2021-08-05","CUNDINAMARCA","Anolaima","","","","","","","","","","","","","","","","","","","","","","","","","","","","","4","","BD_ICV_2021"
"2021","Agosto","2021-08-05","CAUCA","El Tambo","","","","","","","","","","","","","","","","","","","","","","","","","","","","","3","","BD_ICV_2021"
"2021","Agosto","2021-08-06","CUNDINAMARCA","Caparrapí","","","","","","","","","","","","","","","","","","","","","","","","","","","","","1","","BD_ICV_2021"
"2021","Agosto","2021-08-06","CAUCA","Cajibío","","","","","","","","","","","","","","","","","","","","","","","","","","","","","","","BD_ICV_2021"
"2021","Agosto","2021-08-06","TOLIMA","Libano","","","","","","","","","","","","","","","","","","","","","","","","","","","","","3","","BD_ICV_2021"
"2021","Agosto","2021-08-06","ANTIOQUIA","Medellin","","","","","","","","","","","","","","","","","","","","","","","","","","","","","","","BD_ICV_2021"
"2021","Agosto","2021-08-06","TOLIMA","Prado","","","","","","","","","","","","","","","","","","","","","","","","","","","","","60","","BD_ICV_2021"
"2021","Agosto","2021-08-07","CUNDINAMARCA","Sasaima","","","","","","","","","","","","","","","","","","","","","","","","","","","","","1","","BD_ICV_2021"
"2021","Agosto","2021-08-08","CUNDINAMARCA","Pacho","","","","","","","","","","","","","","","","","","","","","","","","","","","","","5.5","","BD_ICV_2021"
"2021","Agosto","2021-08-06","NARIÑO","Cumbal","","","","","","","","","","","","","","","","","","","","","","","","","","","","","300","","BD_ICV_2021"
"2021","Agosto","2021-08-08","NARIÑO","El Tambo","","","","","","","","","","","","","","","","","","","","","","","","","","","","","2","","BD_ICV_2021"
"2021","Agosto","2021-08-08","TOLIMA","Melgar","","","","","","","","","","","","","","","","","","","","","","","","","","","","","4","","BD_ICV_2021"
"2021","Agosto","2021-08-05","NARIÑO","Linares","","","","","","","","","","","","","","","","","","","","","","","","","","","","","2","","BD_ICV_2021"
"2021","Agosto","2021-07-21","QUINDÍO","Génova","","","","","","","","","","","","","","","","","","","","","","","","","","","","","1","","BD_ICV_2021"
"2021","Agosto","2021-08-07","CASANARE","Orocue","","","","","","","","","","","","","","","","","","","","","","","","","","","","","50","","BD_ICV_2021"
"2021","Agosto","2021-08-03","CUNDINAMARCA","Guaduas","","","","","","","","","","","","","","","","","","","","","","","","","","","","","10","","BD_ICV_2021"
"2021","Agosto","2021-08-06","CUNDINAMARCA","Guaduas","","","","","","","","","","","","","","","","","","","","","","","","","","","","","4","","BD_ICV_2021"
"2021","Agosto","2021-08-06","CUNDINAMARCA","Guaduas","","","","","","","","","","","","","","","","","","","","","","","","","","","","","1","","BD_ICV_2021"
"2021","Agosto","2021-08-07","ANTIOQUIA","Amalfi","","","","","","","","","","","","","","","","","","","","","","","","","","","","","6","","BD_ICV_2021"
"2021","Agosto","2021-08-02","ANTIOQUIA","San Luis","","","","","","","","","","","","","","","","","","","","","","","","","","","","","1.5","","BD_ICV_2021"
"2021","Julio","2021-07-15","HUILA","Neiva","","","","","","","","","","","","","","","","","","","","","","","","","","","","","3.5","","BD_ICV_2021"
"2021","Agosto","2021-08-23","HUILA","Campoalegre","","","","","","","","","","","","","","","","","","","","","","","","","","","","","2","","BD_ICV_2021"
"2021","Agosto","2021-08-27","META","Puerto Lopez","","","","","","","","","","","","","","","","","","","","","","","","","","","","","","","BD_ICV_2021"
"2021","Agosto","2021-08-28","META","El Dorado","","","","","","","","","","","","","","","","","","","","","","","","","","","","","2","","BD_ICV_2021"
"2021","Agosto","2021-08-29","BOYACÁ","Belen","","","","","","","","","","","","","","","","","","","","","","","","","","","","","1","","BD_ICV_2021"
"2021","Agosto","2021-08-31","CUNDINAMARCA","Caparrapí","","","","","","","","","","","","","","","","","","","","","","","","","","","","","1","","BD_ICV_2021"
"2021","Septiembre","2021-09-02","NARIÑO","El Tambo","","","","","","","","","","","","","","","","","","","","","","","","","","","","","1","","BD_ICV_2021"
"2021","Septiembre","2021-09-03","NARIÑO","Cumbal","","","","","","","","","","","","","","","","","","","","","","","","","","","","","2","","BD_ICV_2021"
"2021","Septiembre","2021-09-04","TOLIMA","Melgar","","","","","","","","","","","","","","","","","","","","","","","","","","","","","8","","BD_ICV_2021"
"2021","Septiembre","2021-09-04","TOLIMA","Coyaima","","","","","","","","","","","","","","","","","","","","","","","","","","","","","6","","BD_ICV_2021"
"2021","Septiembre","2021-09-08","CUNDINAMARCA","Pandi","","","","","","","","","","","","","","","","","","","","","","","","","","","","","1","","BD_ICV_2021"
"2021","Septiembre","2021-09-08","CUNDINAMARCA","Pandi","","","","","","","","","","","","","","","","","","","","","","","","","","","","","2.5","","BD_ICV_2021"
"2021","Septiembre","2021-09-05","BOYACÁ","Samaca","","","","","","","","","","","","","","","","","","","","","","","","","","","","","1","","BD_ICV_2021"
"2021","Septiembre","2021-09-14","NARIÑO","Cumbal","","","","","","","","","","","","","","","","","","","","","","","","","","","","","4","","BD_ICV_2021"
"2021","Septiembre","2021-09-15","TOLIMA","Prado","","","","","","","","","","","","","","","","","","","","","","","","","","","","","1","","BD_ICV_2021"
"2021","Septiembre","2021-09-15","MAGDALENA","Sitionuevo","","","","","","","","","","","","","","","","","","","","","","","","","","","","","","","BD_ICV_2021"
"2021","Agosto","2021-08-26","HUILA","Yaguará","","","","","","","","","","","","","","","","","","","","","","","","","","","","","3","","BD_ICV_2021"
"2021","Septiembre","2021-09-01","HUILA","Campoalegre","","","","","","","","","","","","","","","","","","","","","","","","","","","","","3","","BD_ICV_2021"
"2021","Septiembre","2021-09-08","HUILA","Pital","","","","","","","","","","","","","","","","","","","","","","","","","","","","","9","","BD_ICV_2021"
"2021","Septiembre","2021-09-15","HUILA","Yaguará","","","","","","","","","","","","","","","","","","","","","","","","","","","","","20","","BD_ICV_2021"
"2021","Septiembre","2021-09-14","CUNDINAMARCA","Quebradanegra","","","","","","","","","","","","","","","","","","","","","","","","","","","","","2","","BD_ICV_2021"
"2021","Septiembre","2021-09-17","CUNDINAMARCA","Tocaima","","","","","","","","","","","","","","","","","","","","","","","","","","","","","1.5","","BD_ICV_2021"
"2021","Septiembre","2021-09-15","VICHADA","Cumaribo","","","","","","","","","","","","","","","","","","","","","","","","","","","","","10","","BD_ICV_2021"
"2021","Septiembre","2021-09-18","CUNDINAMARCA","Une","","","","","","","","","","","","","","","","","","","","","","","","","","","","","2","","BD_ICV_2021"
"2021","Septiembre","2021-09-18","NARIÑO","Aldana","","","","","","","","","","","","","","","","","","","","","","","","","","","","","4","","BD_ICV_2021"
"2021","Septiembre","2021-09-18","TOLIMA","Suarez","","","","","","","","","","","","","","","","","","","","","","","","","","","","","1","","BD_ICV_2021"
"2021","Septiembre","2021-09-18","HUILA","Palermo","","","","","","","","","","","","","","","","","","","","","","","","","","","","","200","","BD_ICV_2021"
"2021","Septiembre","2021-09-18","TOLIMA","Planadas","","","","","","","","","","","","","","","","","","","","","","","","","","","","","4","","BD_ICV_2021"
"2021","Septiembre","2021-09-20","META","Acacias","","","","","","","","","","","","","","","","","","","","","","","","","","","","","15","","BD_ICV_2021"
"2021","Septiembre","2021-09-19","NORTE DE SANTANDER","San Cayetano","","","","","","","","","","","","","","","","","","","","","","","","","","","","","1","","BD_ICV_2021"
"2021","Septiembre","2021-09-21","VALLE DEL CAUCA","Cali","","","","","","","","","","","","","","","","","","","","","","","","","","","","","1","","BD_ICV_2021"
"2021","Septiembre","2021-09-21","META","Villavicencio","","","","","","","","","","","","","","","","","","","","","","","","","","","","","11","","BD_ICV_2021"
"2021","Septiembre","2021-09-22","CUNDINAMARCA","Tibacuy","","","","","","","","","","","","","","","","","","","","","","","","","","","","","4","","BD_ICV_2021"
"2021","Septiembre","2021-09-21","VICHADA","Cumaribo","","","","","","","","","","","","","","","","","","","","","","","","","","","","","45","","BD_ICV_2021"
"2021","Septiembre","2021-09-24","CUNDINAMARCA","Nilo","","","","","","","","","","","","","","","","","","","","","","","","","","","","","","","BD_ICV_2021"
"2021","Septiembre","2021-09-25","TOLIMA","Natagaima","","","","","","","","","","","","","","","","","","","","","","","","","","","","","1","","BD_ICV_2021"
"2021","Septiembre","2021-09-26","CUNDINAMARCA","Nilo","","","","","","","","","","","","","","","","","","","","","","","","","","","","","","","BD_ICV_2021"
"2021","Septiembre","2021-09-26","TOLIMA","Icononzo","","","","","","","","","","","","","","","","","","","","","","","","","","","","","320","","BD_ICV_2021"
"2021","Septiembre","2021-09-26","CAUCA","Almaguer","","","","","","","","","","","","","","","","","","","","","","","","","","","","","20","","BD_ICV_2021"
"2021","Septiembre","2021-09-27","NORTE DE SANTANDER","Villa del Rosario","","","","","","","","","","","","","","","","","","","","","","","","","","","","","3.5","","BD_ICV_2021"
"2021","Septiembre","2021-09-27","HUILA","Garzón","","","","","","","","","","","","","","","","","","","","","","","","","","","","","1","","BD_ICV_2021"
"2021","Septiembre","2021-09-27","HUILA","Teruel","","","","","","","","","","","","","","","","","","","","","","","","","","","","","150","","BD_ICV_2021"
"2021","Septiembre","2021-09-27","HUILA","Teruel","","","","","","","","","","","","","","","","","","","","","","","","","","","","","100","","BD_ICV_2021"
"2021","Septiembre","2021-09-27","CUNDINAMARCA","La Vega","","","","","","","","","","","","","","","","","","","","","","","","","","","","","2","","BD_ICV_2021"
"2021","Septiembre","2021-09-27","TOLIMA","Ortega","","","","","","","","","","","","","","","","","","","","","","","","","","","","","150","","BD_ICV_2021"
"2021","Septiembre","2021-09-28","CUNDINAMARCA","Caparrapí","","","","","","","","","","","","","","","","","","","","","","","","","","","","","2","","BD_ICV_2021"
"2021","Septiembre","2021-09-28","NARIÑO","Cumbal","","","","","","","","","","","","","","","","","","","","","","","","","","","","","80","","BD_ICV_2021"
"2021","Septiembre","2021-09-28","TOLIMA","Melgar","","","","","","","","","","","","","","","","","","","","","","","","","","","","","100","","BD_ICV_2021"
"2021","Septiembre","2021-09-27","HUILA","Teruel","","","","","","","","","","","","","","","","","","","","","","","","","","","","","70","","BD_ICV_2021"
"2021","Septiembre","2021-09-29","TOLIMA","Dolores","","","","","","","","","","","","","","","","","","","","","","","","","","","","","25","","BD_ICV_2021"
"2021","Octubre","2021-10-03","TOLIMA","Melgar","","","","","","","","","","","","","","","","","","","","","","","","","","","","","4","","BD_ICV_2021"
"2021","Octubre","2021-10-03","CUNDINAMARCA","Tocaima","","","","","","","","","","","","","","","","","","","","","","","","","","","","","4.5","","BD_ICV_2021"
"2021","Octubre","2021-10-08","GUAVIARE","San Jose del Guaviare","","","","","","","","","","","","","","","","","","","","","","","","","","","","","30","","BD_ICV_2021"
"2021","Octubre","2021-10-08","CAUCA","Paez","","","","","","","","","","","","","","","","","","","","","","","","","","","","","400","","BD_ICV_2021"
"2021","Octubre","2021-10-09","NORTE DE SANTANDER","Abrego","","","","","","","","","","","","","","","","","","","","","","","","","","","","","30","","BD_ICV_2021"
"2021","Octubre","2021-10-14","TOLIMA","Coello","","","","","","","","","","","","","","","","","","","","","","","","","","","","","200","","BD_ICV_2021"
"2021","Octubre","2021-10-15","TOLIMA","Guamo","","","","","","","","","","","","","","","","","","","","","","","","","","","","","12","","BD_ICV_2021"
"2021","Octubre","2021-10-15","CUNDINAMARCA","Gutiérrez","","","","","","","","","","","","","","","","","","","","","","","","","","","","","","","BD_ICV_2021"
"2021","Octubre","2021-10-15","CUNDINAMARCA","Gutiérrez","","","","","","","","","","","","","","","","","","","","","","","","","","","","","11","","BD_ICV_2021"
"2021","Octubre","2021-10-23","PUTUMAYO","Puerto Leguizamo","","","","","","","","","","","","","","","","","","","","","","","","","","","","","15","","BD_ICV_2021"
"2021","Octubre","2021-10-26","NORTE DE SANTANDER","Labateca","","","","","","","","","","","","","","","","","","","","","","","","","","","","","3","","BD_ICV_2021"
"2021","Noviembre","2021-11-11","GUAVIARE","San Jose del Guaviare","","","","","","","","","","","","","","","","","","","","","","","","","","","","","20","","BD_ICV_2021"
"2021","Noviembre","2021-11-11","TOLIMA","Carmen de Apicala","","","","","","","","","","","","","","","","","","","","","","","","","","","","","4","","BD_ICV_2021"
"2021","Noviembre","2021-11-13","CASANARE","Hato Corozal","","","","","","","","","","","","","","","","","","","","","","","","","","","","","8","","BD_ICV_2021"
"2021","Noviembre","2021-11-11","MAGDALENA","Sitionuevo","","","","","","","","","","","","","","","","","","","","","","","","","","","","","","","BD_ICV_2021"
"2021","Noviembre","2021-11-17","CUNDINAMARCA","Suesca","","","","","","","","","","","","","","","","","","","","","","","","","","","","","1","","BD_ICV_2021"
"2021","Noviembre","2021-11-20","SANTANDER","Coromoro","","","","","","","","","","","","","","","","","","","","","","","","","","","","","1.5","","BD_ICV_2021"
"2021","Noviembre","2021-11-29","CASANARE","Hato Corozal","","","","","","","","","","","","","","","","","","","","","","","","","","","","","1","","BD_ICV_2021"
"2021","Diciembre","2021-12-02","META","Puerto Lopez","","","","","","","","","","","","","","","","","","","","","","","","","","","","","10","","BD_ICV_2021"
"2021","Diciembre","2021-12-05","MAGDALENA","Santa Marta","","","","","","","","","","","","","","","","","","","","","","","","","","","","","4","","BD_ICV_2021"
"2021","Diciembre","2021-12-06","CASANARE","Trinidad","","","","","","","","","","","","","","","","","","","","","","","","","","","","","25","","BD_ICV_2021"
"2021","Diciembre","2021-12-10","META","Puerto Lopez","","","","","","","","","","","","","","","","","","","","","","","","","","","","","38.5","","BD_ICV_2021"
"2021","Diciembre","2021-12-11","META","Puerto Gaitan","","","","","","","","","","","","","","","","","","","","","","","","","","","","","5","","BD_ICV_2021"
"2021","Diciembre","2021-12-12","META","Puerto Gaitan","","","","","","","","","","","","","","","","","","","","","","","","","","","","","5","","BD_ICV_2021"
"2021","Diciembre","2021-12-12","SANTANDER","Rionegro","","","","","","","","","","","","","","","","","","","","","","","","","","","","","1.5","","BD_ICV_2021"
"2021","Diciembre","2021-12-12","CASANARE","Yopal","","","","","","","","","","","","","","","","","","","","","","","","","","","","","50","","BD_ICV_2021"
"2021","Diciembre","2021-12-12","BOYACÁ","Guateque","","","","","","","","","","","","","","","","","","","","","","","","","","","","","2","","BD_ICV_2021"
"2021","Diciembre","2021-12-14","CASANARE","Monterrey","","","","","","","","","","","","","","","","","","","","","","","","","","","","","30","","BD_ICV_2021"
"2021","Diciembre","2021-12-14","TOLIMA","Coello","","","","","","","","","","","","","","","","","","","","","","","","","","","","","1","","BD_ICV_2021"
"2021","Diciembre","2021-12-11","VICHADA","Cumaribo","","","","","","","","","","","","","","","","","","","","","","","","","","","","","41079","","BD_ICV_2021"
"2021","Diciembre","2021-12-15","CUNDINAMARCA","Girardot","","","","","","","","","","","","","","","","","","","","","","","","","","","","","5","","BD_ICV_2021"
"2021","Diciembre","2021-12-15","VICHADA","Puerto Carreño","","","","","","","","","","","","","","","","","","","","","","","","","","","","","3","","BD_ICV_2021"
"2021","Diciembre","2021-12-16","META","San Carlos de Guaroa","","","","","","","","","","","","","","","","","","","","","","","","","","","","","7","","BD_ICV_2021"
"2021","Diciembre","2021-12-16","META","San Juan de Arama","","","","","","","","","","","","","","","","","","","","","","","","","","","","","1","","BD_ICV_2021"
"2021","Diciembre","2021-12-16","SANTANDER","San Andrés","","","","","","","","","","","","","","","","","","","","","","","","","","","","","20","","BD_ICV_2021"
"2021","Diciembre","2021-12-19","CUNDINAMARCA","Paratebueno","","","","","","","","","","","","","","","","","","","","","","","","","","","","","8","","BD_ICV_2021"
"2021","Diciembre","2021-12-19","META","Puerto Lleras","","","","","","","","","","","","","","","","","","","","","","","","","","","","","70","","BD_ICV_2021"
"2021","Diciembre","2021-12-19","LA GUAJIRA","San Juan del Cesar","","","","","","","","","","","","","","","","","","","","","","","","","","","","","100","","BD_ICV_2021"
"2021","Diciembre","2021-12-13","CUNDINAMARCA","Tibirita","","","","","","","","","","","","","","","","","","","","","","","","","","","","","2","","BD_ICV_2021"
"2021","Diciembre","2021-12-19","CASANARE","Aguazul","","","","","","","","","","","","","","","","","","","","","","","","","","","","","4","","BD_ICV_2021"
"2021","Diciembre","2021-12-20","VICHADA","Puerto Carreño","","","","","","","","","","","","","","","","","","","","","","","","","","","","","4","","BD_ICV_2021"
"2021","Diciembre","2021-12-20","BOYACÁ","Tibana","","","","","","","","","","","","","","","","","","","","","","","","","","","","","30","","BD_ICV_2021"
"2021","Diciembre","2021-12-21","META","Puerto Lopez","","","","","","","","","","","","","","","","","","","","","","","","","","","","","200","","BD_ICV_2021"
"2021","Diciembre","2021-12-22","PUTUMAYO","Puerto Leguizamo","","","","","","","","","","","","","","","","","","","","","","","","","","","","","30","","BD_ICV_2021"
"2021","Diciembre","2021-12-22","CUNDINAMARCA","Gachalá","","","","","","","","","","","","","","","","","","","","","","","","","","","","","3","","BD_ICV_2021"
"2021","Diciembre","2021-12-23","CUNDINAMARCA","Tocaima","","","","","","","","","","","","","","","","","","","","","","","","","","","","","7","","BD_ICV_2021"
"2021","Diciembre","2021-12-24","TOLIMA","San Luis","","","","","","","","","","","","","","","","","","","","","","","","","","","","","1","","BD_ICV_2021"
"2021","Diciembre","2021-12-24","TOLIMA","San Luis","","","","","","","","","","","","","","","","","","","","","","","","","","","","","1","","BD_ICV_2021"
"2021","Diciembre","2021-12-24","CUNDINAMARCA","Machetá","","","","","","","","","","","","","","","","","","","","","","","","","","","","","1.5","","BD_ICV_2021"
"2021","Diciembre","2021-12-24","CUNDINAMARCA","Choachí","","","","","","","","","","","","","","","","","","","","","","","","","","","","","2","","BD_ICV_2021"
"2021","Diciembre","2021-12-26","GUAVIARE","San Jose del Guaviare","","","","","","","","","","","","","","","","","","","","","","","","","","","","","200","","BD_ICV_2021"
"2021","Diciembre","2021-12-26","CUNDINAMARCA","Sesquilé","","","","","","","","","","","","","","","","","","","","","","","","","","","","","150","","BD_ICV_2021"
"2021","Diciembre","2021-12-26","CUNDINAMARCA","Fómeque","","","","","","","","","","","","","","","","","","","","","","","","","","","","","12","","BD_ICV_2021"
"2021","Diciembre","2021-12-26","VICHADA","Puerto Carreño","","","","","","","","","","","","","","","","","","","","","","","","","","","","","1","","BD_ICV_2021"
"2021","Diciembre","2021-12-28","CUNDINAMARCA","Manta","","","","","","","","","","","","","","","","","","","","","","","","","","","","","5","","BD_ICV_2021"
"2021","Diciembre","2021-12-27","META","Puerto Lleras","","","","","","","","","","","","","","","","","","","","","","","","","","","","","30","","BD_ICV_2021"
"2021","Diciembre","2021-12-27","META","Puerto Lleras","","","","","","","","","","","","","","","","","","","","","","","","","","","","","1","","BD_ICV_2021"
"2021","Diciembre","2021-12-27","META","Puerto Gaitan","","","","","","","","","","","","","","","","","","","","","","","","","","","","","85","","BD_ICV_2021"
"2021","Diciembre","2021-12-28","TOLIMA","Alvarado","","","","","","","","","","","","","","","","","","","","","","","","","","","","","6","","BD_ICV_2021"
"2021","Diciembre","2021-12-29","META","San Carlos de Guaroa","","","","","","","","","","","","","","","","","","","","","","","","","","","","","80","","BD_ICV_2021"
"2021","Diciembre","2021-12-30","CUNDINAMARCA","Fómeque","","","","","","","","","","","","","","","","","","","","","","","","","","","","","1","","BD_ICV_2021"
"2021","Diciembre","2021-12-29","CUNDINAMARCA","Gachalá","","","","","","","","","","","","","","","","","","","","","","","","","","","","","2","","BD_ICV_2021"
"2021","Diciembre","2021-12-30","CESAR","Bosconia","","","","","","","","","","","","","","","","","","","","","","","","","","","","","1","","BD_ICV_2021"
"2021","Diciembre","2021-12-30","BOYACÁ","Chinavita","","","","","","","","","","","","","","","","","","","","","","","","","","","","","3","","BD_ICV_2021"
"2021","Diciembre","2021-12-31","BOYACÁ","Tota","","","","","","","","","","","","","","","","","","","","","","","","","","","","","3","","BD_ICV_2021"
"2021","Diciembre","2021-12-30","BOYACÁ","Tota","","","","","","","","","","","","","","","","","","","","","","","","","","","","","2","","BD_ICV_2021"
"2021","Diciembre","2021-12-29","BOYACÁ","Tota","","","","","","","","","","","","","","","","","","","","","","","","","","","","","1","","BD_ICV_2021"
"2021","Diciembre","2021-12-30","CAQUETA","Florencia","","","","","","","","","","","","","","","","","","","","","","","","","","","","","5","","BD_ICV_2021"
"2021","Julio","2021-07-05","HUILA","Neiva","los Dujos - Surabastos","","N","","","","","","","","","","","","","","","","","","","","","","","","","","0.7","","BD_ICV_2021"
"2021","Julio","2021-07-05","HUILA","Hobo","Km 3 via Hobo a Gigante","","N","","","","","","","","","","","","","","","","","","","","","","","","","","2.5","","BD_ICV_2021"
"2021","Julio","2021-07-06","HUILA","Tesalia","Vereda Espinal","","N","","","","","","","","","","","","","","","","","","","","","","","","","","10","","BD_ICV_2021"
"2021","Julio","2021-07-07","HUILA","Neiva","La Riviera","","N","","","","","","","","","","","","","","","","","","","","","","","","","","0.7","","BD_ICV_2021"
"2021","Julio","2021-07-10","HUILA","Neiva","Casco urbano Barrio Los Colores calle 27 con carrera 50 - Fronteras de Alejandria","","N","","","","","","","","","","","","","","","","","","","","","","","","","","0.6","","BD_ICV_2021"
"2021","Julio","2021-07-15","HUILA","Neiva","Casco urbano, comuna 9 predio conocido como Pacolandia","","N","","","","","","","","","","","","","","","","","","","","","","","","","","3.6","","BD_ICV_2021"
"2021","Julio","2021-07-15","HUILA","Neiva","Casco urbano detrás de Sur Abastos","","N","","","","","","","","","","","","","","","","","","","","","","","","","","1.6","","BD_ICV_2021"
"2021","Julio","2021-07-16","HUILA","Neiva","Los Dujos - Surabastos","","N","","","","","","","","","","","","","","","","","","","","","","","","","","7","","BD_ICV_2021"
"2021","Julio","2021-07-16","HUILA","Neiva","Vía Vegalarga","","N","","","","","","","","","","","","","","","","","","","","","","","","","","0.5","","BD_ICV_2021"
"2021","Julio","2021-07-19","HUILA","Neiva","Los Dujos - Surabastos","","N","","","","","","","","","","","","","","","","","","","","","","","","","","1","","BD_ICV_2021"
"2021","Julio","2021-07-20","HUILA","Palermo","Vereda El Juncal","","N","","","","","","","","","","","","","","","","","","","","","","","","","","1","","BD_ICV_2021"
"2021","Julio","2021-07-20","HUILA","Neiva","Casco urbano sector Portal del Rio - sector Sur Abastos","","N","","","","","","","","","","","","","","","","","","","","","","","","","","7","","BD_ICV_2021"
"2021","Julio","2021-07-20","HUILA","Neiva","Villa Marcela","","N","","","","","","","","","","","","","","","","","","","","","","","","","","4.3","","BD_ICV_2021"
"2021","Julio","2021-07-20","HUILA","Neiva","La Trinidad","","N","","","","","","","","","","","","","","","","","","","","","","","","","","0.8","","BD_ICV_2021"
"2021","Julio","2021-07-20","HUILA","Neiva","Casco urbano - en la via km3 via al Corregimiento Fortalecillas, Vereda La Mata","","N","","","","","","","","","","","","","","","","","","","","","","","","","","8.6","","BD_ICV_2021"
"2021","Julio","2021-07-21","HUILA","Yaguará","Vereda Flandes sitio conocido como el Tomo","","N","","","","","","","","","","","","","","","","","","","","","","","","","","1","","BD_ICV_2021"
"2021","Julio","2021-07-21","HUILA","Neiva","Las Palmas","","N","","","","","","","","","","","","","","","","","","","","","","","","","","3.6","","BD_ICV_2021"
"2021","Julio","2021-07-20","HUILA","Rivera","Vereda Bajo Pedregal Condominio Valle La Riviera","","N","","","","","","","","","","","","","","","","","","","","","","","","","","5","","BD_ICV_2021"
"2021","Julio","2021-07-23","HUILA","Tello","Vereda San isidro bajo (llano altagracia)","","N","","","","","","","","","","","","","","","","","","","","","","","","","","2","","BD_ICV_2021"
"2021","Julio","2021-07-26","HUILA","Neiva","Casco Urbano via max duque.","","N","","","","","","","","","","","","","","","","","","","","","","","","","","1.7","","BD_ICV_2021"
"2021","Julio","2021-07-27","HUILA","Tesalia","Finca Villa Rosario","","N","","","","","","","","","","","","","","","","","","","","","","","","","","1.5","","BD_ICV_2021"
"2021","Julio","2021-07-27","HUILA","Tello","Barrio la Portada Casco Urbano","","N","","","","","","","","","","","","","","","","","","","","","","","","","","0.5","","BD_ICV_2021"
"2021","Julio","2021-07-27","HUILA","Palermo","Vereda papa Gallo","","N","","","","","","","","","","","","","","","","","","","","","","","","","","0.5","","BD_ICV_2021"
"2021","Julio","2021-07-28","HUILA","Campoalegre","Vereda Potosi","","N","","","","","","","","","","","","","","","","","","","","","","","","","","1","","BD_ICV_2021"
"2021","Julio","2021-07-29","HUILA","Tello","Cerro del Cauca","","N","","","","","","","","","","","","","","","","","","","","","","","","","","0.5","","BD_ICV_2021"
"2021","Julio","2021-07-05","HUILA","Neiva","los dujos","","N","","","","","","","","","","","","","","","","","","","","","","","","","","0.5","","BD_ICV_2021"
"2021","Agosto","2021-08-07","ANTIOQUIA","Barbosa","La Chorrera","","N","","","","","","","","","","","","","","","","","","","","","","","","","","9.14","","BD_ICV_2021"
"2021","Agosto","2021-08-11","TOLIMA","Rovira","LA TROJA","","N","","","","","","","","","","","","","","","","","","","","","","","","","","3","","BD_ICV_2021"
"2021","Agosto","2021-08-01","CUNDINAMARCA","Guaduas","VEREDA CHAPAIMA","","N","","","","","","","","","","","","","","","","","","","","","","","","","","1.07","","BD_ICV_2021"
"2021","Agosto","2021-08-03","CUNDINAMARCA","Guaduas","VEREDA PIEDRAS NEGRAS","","N","","","","","","","","","","","","","","","","","","","","","","","","","","3.79","","BD_ICV_2021"
"2021","Agosto","2021-08-03","CAUCA","Cajibío","Sector la Juliana","","N","","","","","","","","","","","","","","","","","","","","","","","","","","43","","BD_ICV_2021"
"2021","Agosto","2021-08-06","CAUCA","Sotará (Paispamba)","Vereda Poblaceña","","N","","","","","","","","","","","","","","","","","","","","","","","","","","4","","BD_ICV_2021"
"2021","Agosto","2021-08-13","CAUCA","El Tambo","Vereda La Laguna","","N","","","","","","","","","","","","","","","","","","","","","","","","","","1","","BD_ICV_2021"
"2021","Agosto","2021-08-23","CAUCA","Caldono","Vereda El Pital","","N","","","","","","","","","","","","","","","","","","","","","","","","","","1.5","","BD_ICV_2021"
"2021","Agosto","2021-08-04","ANTIOQUIA","San Vicente","EL PORVENIR","","N","","","","","","","","","","","","","","","","","","","","","","","","","","1.5","","BD_ICV_2021"
"2021","Agosto","2021-08-04","ANTIOQUIA","San Vicente","EL PORVENIR","","N","","","","","","","","","","","","","","","","","","","","","","","","","","1.5","","BD_ICV_2021"
"2021","Agosto","2021-08-05","ANTIOQUIA","San Luis","EL SILENCIO","","N","","","","","","","","","","","","","","","","","","","","","","","","","","0.8","","BD_ICV_2021"
"2021","Agosto","2021-08-25","SANTANDER","Floridablanca","Menzuly Alto","","N","","","","","","","","","","","","","","","","","","","","","","","","","","0.7","","BD_ICV_2021"
"2021","Agosto","2021-08-04","ANTIOQUIA","Granada","TAFETANES","","N","","","","","","","","","","","","","","","","","","","","","","","","","","1.5","","BD_ICV_2021"
"2021","Agosto","2021-08-01","CESAR","El Paso","","","N","","","","","","","","","","","","","","","","","","","","","","","","","","19.2","","BD_ICV_2021"
"2021","Agosto","2021-08-24","SANTANDER","Rionegro","Honduras","","N","","","","","","","","","","","","","","","","","","","","","","","","","","0.41","","BD_ICV_2021"
"2021","Agosto","2021-08-11","CUNDINAMARCA","Caparrapí","PR 29 vía el koran-Guaduas","","N","","","","","","","","","","","","","","","","","","","","","","","","","","1.69","","BD_ICV_2021"
"2021","Agosto","2021-08-01","HUILA","La Plata","Vereda el Cauyal","","N","","","","","","","","","","","","","","","","","","","","","","","","","","0.5","","BD_ICV_2021"
"2021","Agosto","2021-08-02","HUILA","Gigante","Km 49 sector Puerto seco","","N","","","","","","","","","","","","","","","","","","","","","","","","","","3","","BD_ICV_2021"
"2021","Agosto","2021-08-03","HUILA","Neiva","Barrio Villa Cecilia, calle 51 con 23","","N","","","","","","","","","","","","","","","","","","","","","","","","","","0.9","","BD_ICV_2021"
"2021","Agosto","2021-08-03","HUILA","Villavieja","Vereda Hato nuevo via neiva","","N","","","","","","","","","","","","","","","","","","","","","","","","","","2","","BD_ICV_2021"
"2021","Agosto","2021-08-05","HUILA","Rivera","Vereda Bajo arenoso Km 7 Via Neiva","","N","","","","","","","","","","","","","","","","","","","","","","","","","","5","","BD_ICV_2021"
"2021","Agosto","2021-08-07","HUILA","Rivera","Vereda Albadan","","N","","","","","","","","","","","","","","","","","","","","","","","","","","4","","BD_ICV_2021"
"2021","Agosto","2021-08-07","HUILA","Campoalegre","Centro recreacional Mokawa","","N","","","","","","","","","","","","","","","","","","","","","","","","","","1","","BD_ICV_2021"
"2021","Agosto","2021-08-08","HUILA","Garzón","Alto de Garzón","","N","","","","","","","","","","","","","","","","","","","","","","","","","","1","","BD_ICV_2021"
"2021","Agosto","2021-08-08","HUILA","Gigante","Km 28 ruta 4505","","N","","","","","","","","","","","","","","","","","","","","","","","","","","1","","BD_ICV_2021"
"2021","Agosto","2021-08-10","HUILA","Neiva","El Caguan","","N","","","","","","","","","","","","","","","","","","","","","","","","","","4","","BD_ICV_2021"
"2021","Agosto","2021-08-10","HUILA","Garzón","Barrio fortaleza","","N","","","","","","","","","","","","","","","","","","","","","","","","","","0.5","","BD_ICV_2021"
"2021","Agosto","2021-08-12","HUILA","Gigante","Sector Ancón","","N","","","","","","","","","","","","","","","","","","","","","","","","","","8","","BD_ICV_2021"
"2021","Agosto","2021-08-12","HUILA","Neiva","Barrio el Cortijo y via sur abastos","","N","","","","","","","","","","","","","","","","","","","","","","","","","","1","","BD_ICV_2021"
"2021","Agosto","2021-08-12","HUILA","Hobo","Casco Urbano","","N","","","","","","","","","","","","","","","","","","","","","","","","","","0.5","","BD_ICV_2021"
"2021","Agosto","2021-08-12","HUILA","Palermo","Vereda Buenos Aires","","N","","","","","","","","","","","","","","","","","","","","","","","","","","1","","BD_ICV_2021"
"2021","Agosto","2021-08-12","HUILA","Yaguará","Vereda Jagual sitio conocido como el Chorro","","N","","","","","","","","","","","","","","","","","","","","","","","","","","1","","BD_ICV_2021"
"2021","Agosto","2021-08-13","HUILA","Palermo","Vereda Cusisnde","","N","","","","","","","","","","","","","","","","","","","","","","","","","","2","","BD_ICV_2021"
"2021","Agosto","2021-08-13","HUILA","Campoalegre","Barrio Almos Norte","","N","","","","","","","","","","","","","","","","","","","","","","","","","","0.5","","BD_ICV_2021"
"2021","Agosto","2021-08-15","HUILA","Tello","La Maporita","","N","","","","","","","","","","","","","","","","","","","","","","","","","","0.5","","BD_ICV_2021"
"2021","Agosto","2021-08-16","HUILA","Neiva","Fortalecillas","","N","","","","","","","","","","","","","","","","","","","","","","","","","","67","","BD_ICV_2021"
"2021","Agosto","2021-08-17","HUILA","Yaguará","Vereda ola floresta finca Paraguay","","N","","","","","","","","","","","","","","","","","","","","","","","","","","50","","BD_ICV_2021"
"2021","Agosto","2021-08-17","HUILA","Teruel","Sector meza estambul","","N","","","","","","","","","","","","","","","","","","","","","","","","","","15","","BD_ICV_2021"
"2021","Agosto","2021-08-19","HUILA","Campoalegre","Vereda El Viso","","N","","","","","","","","","","","","","","","","","","","","","","","","","","7","","BD_ICV_2021"
"2021","Agosto","2021-08-20","HUILA","Gigante","Sector la Honda","","N","","","","","","","","","","","","","","","","","","","","","","","","","","1","","BD_ICV_2021"
"2021","Agosto","2021-08-20","HUILA","Gigante","Barrio la Esperanza","","N","","","","","","","","","","","","","","","","","","","","","","","","","","1","","BD_ICV_2021"
"2021","Agosto","2021-08-21","HUILA","Campoalegre","Vereda el viso","","N","","","","","","","","","","","","","","","","","","","","","","","","","","2","","BD_ICV_2021"
"2021","Agosto","2021-08-21","HUILA","Campoalegre","Km 75 ruta 45 vía Hobo","","N","","","","","","","","","","","","","","","","","","","","","","","","","","5","","BD_ICV_2021"
"2021","Agosto","2021-08-22","HUILA","Campoalegre","Vereda Palmar bajo","","N","","","","","","","","","","","","","","","","","","","","","","","","","","2","","BD_ICV_2021"
"2021","Agosto","2021-08-25","HUILA","Yaguará","Vereda Flandes sitio el Jordan","","N","","","","","","","","","","","","","","","","","","","","","","","","","","3","","BD_ICV_2021"
"2021","Agosto","2021-08-26","HUILA","La Plata","Casco Urbano cerca a la U surcolombiana","","N","","","","","","","","","","","","","","","","","","","","","","","","","","1","","BD_ICV_2021"
"2021","Agosto","2021-08-30","HUILA","Villavieja","Via Neiva frente a la vereda hato Nuevo","","N","","","","","","","","","","","","","","","","","","","","","","","","","","1","","BD_ICV_2021"
"2021","Agosto","2021-08-30","HUILA","Palermo","Vereda Juncal por la entrada vieja,  Finca Opia","","N","","","","","","","","","","","","","","","","","","","","","","","","","","22","","BD_ICV_2021"
"2021","Agosto","2021-08-30","HUILA","Neiva","Viía surabastos","","N","","","","","","","","","","","","","","","","","","","","","","","","","","1","","BD_ICV_2021"
"2021","Agosto","2021-08-31","HUILA","Palermo","Vereda Juncal -Betania sitio conocido como el Manzo","","N","","","","","","","","","","","","","","","","","","","","","","","","","","5","","BD_ICV_2021"
"2021","Agosto","2021-08-14","BOGOTÁ D.C.","Bogota D.C.","localidad chapinero","","S","","","","","","","","","","","","","","","","","","","","","","","","","","0.01","","BD_ICV_2021"
"2021","Agosto","2021-08-12","HUILA","Hobo","casco urbano","","N","","","","","","","","","","","","","","","","","","","","","","","","","","0.5","","BD_ICV_2021"
"2021","Agosto","2021-08-03","BOYACÁ","Duitama","ALTO LAS PLANTAS","","N","","","","","","","","","","","","","","","","","","","","","","","","","","4","","BD_ICV_2021"
"2021","Septiembre","2021-09-02","BOYACÁ","Aquitania","","","N","","","","","","","","","","","","","","","","","","","","","","","","","","100","","BD_ICV_2021"
"2021","Septiembre","2021-09-01","PUTUMAYO","San Miguel (La Dorada)","","","N","","","","","","","","","","","","","","","","","","","","","","","","","","30","","BD_ICV_2021"
"2021","Septiembre","2021-09-06","AMAZONAS","","No lo se","","S","","","","","","","","","","","","","","","","","","","","","","","","","","0.1","","BD_ICV_2021"
"2021","Septiembre","2021-09-08","AMAZONAS","Leticia","Puerto Simpatia","","N","","","","","","","","","","","","","","","","","","","","","","","","","","0.1","","BD_ICV_2021"
"2021","Septiembre","2021-09-01","PUTUMAYO","Puerto Asís","","","N","","","","","","","","","","","","","","","","","","","","","","","","","","15","","BD_ICV_2021"
"2021","Septiembre","2021-09-20","AMAZONAS","Leticia","","","N","","","","","","","","","","","","","","","","","","","","","","","","","","200","","BD_ICV_2021"
"2021","Septiembre","2021-09-15","ATLÁNTICO","Galapa","","","N","","","","","","","","","","","","","","","","","","","","","","","","","","25","","BD_ICV_2021"
"2021","Septiembre","2021-09-15","AMAZONAS","","1","","N","","","","","","","","","","","","","","","","","","","","","","","","","","34","","BD_ICV_2021"
"2021","Septiembre","2021-09-01","PUTUMAYO","Puerto Asís","","","N","","","","","","","","","","","","","","","","","","","","","","","","","","20","","BD_ICV_2021"
"2021","Septiembre","2021-09-01","AMAZONAS","","","","N","","","","","","","","","","","","","","","","","","","","","","","","","","32","","BD_ICV_2021"
"2021","Septiembre","2021-09-27","CAUCA","San Sebastián","Vereda Los Naranjos","","N","","","","","","","","","","","","","","","","","","","","","","","","","","0.5","","BD_ICV_2021"
"2021","Septiembre","2021-09-01","AMAZONAS","Leticia","","","N","","","","","","","","","","","","","","","","","","","","","","","","","","200","","BD_ICV_2021"
"2021","Septiembre","2021-09-16","SANTANDER","Lebrija","El Líbano","","N","","","","","","","","","","","","","","","","","","","","","","","","","","1.5","","BD_ICV_2021"
"2021","Septiembre","2021-09-17","ANTIOQUIA","Amalfi","La Esperanza","","N","","","","","","","","","","","","","","","","","","","","","","","","","","1.5","","BD_ICV_2021"
"2021","Septiembre","2021-09-15","ANTIOQUIA","San Carlos","EL TABOR","","N","","","","","","","","","","","","","","","","","","","","","","","","","","0.4","","BD_ICV_2021"
"2021","Septiembre","2021-09-03","BOYACÁ","Ráquira","VEREDA CARAPACHO","","N","","","","","","","","","","","","","","","","","","","","","","","","","","1.42","","BD_ICV_2021"
"2021","Septiembre","2021-09-03","CUNDINAMARCA","Guachetá","vereda Frontera sector La mana.","","N","","","","","","","","","","","","","","","","","","","","","","","","","","1.5","","BD_ICV_2021"
"2021","Septiembre","2021-09-01","HUILA","Tesalia","Via la Ocha","","N","","","","","","","","","","","","","","","","","","","","","","","","","","1","","BD_ICV_2021"
"2021","Septiembre","2021-09-01","HUILA","La Plata","Via Garzon, sitio conocido como la morena","","N","","","","","","","","","","","","","","","","","","","","","","","","","","1","","BD_ICV_2021"
"2021","Septiembre","2021-09-08","HUILA","Hobo","Sitio conocido como el Momico","","N","","","","","","","","","","","","","","","","","","","","","","","","","","1","","BD_ICV_2021"
"2021","Septiembre","2021-09-08","HUILA","Aipe","Ruta 45 via Neiva Bogota sitio conocido como la vega del muerto","","N","","","","","","","","","","","","","","","","","","","","","","","","","","2","","BD_ICV_2021"
"2021","Septiembre","2021-09-09","HUILA","Tello","Llano de altagracia","","N","","","","","","","","","","","","","","","","","","","","","","","","","","6","","BD_ICV_2021"
"2021","Septiembre","2021-09-09","HUILA","Pital","Pital","","N","","","","","","","","","","","","","","","","","","","","","","","","","","9","","BD_ICV_2021"
"2021","Septiembre","2021-09-10","HUILA","Gigante","Ruta 4505 km49+500","","N","","","","","","","","","","","","","","","","","","","","","","","","","","1","","BD_ICV_2021"
"2021","Septiembre","2021-09-14","HUILA","Neiva","San Francisco","","N","","","","","","","","","","","","","","","","","","","","","","","","","","2.5","","BD_ICV_2021"
"2021","Septiembre","2021-09-14","HUILA","Yaguará","Vereda Jagual loma la venturosa","","N","","","","","","","","","","","","","","","","","","","","","","","","","","60","","BD_ICV_2021"
"2021","Septiembre","2021-09-17","HUILA","Hobo","I.F casco urbano sitio conocido como chamba vieja","","N","","","","","","","","","","","","","","","","","","","","","","","","","","1","","BD_ICV_2021"
"2021","Septiembre","2021-09-17","HUILA","Tesalia","Vereda o sitio conocido como las orquideas","","N","","","","","","","","","","","","","","","","","","","","","","","","","","3","","BD_ICV_2021"
"2021","Septiembre","2021-09-18","HUILA","Gigante","Barrio las Brisas y el Pedregal","","N","","","","","","","","","","","","","","","","","","","","","","","","","","25","","BD_ICV_2021"
"2021","Septiembre","2021-09-18","HUILA","Palermo","Vereda Ospina Pérez sitio las moyitas","","N","","","","","","","","","","","","","","","","","","","","","","","","","","86","","BD_ICV_2021"
"2021","Septiembre","2021-09-18","HUILA","Palermo","Vereda Farfán sitio mesa alta","","N","","","","","","","","","","","","","","","","","","","","","","","","","","200","","BD_ICV_2021"
"2021","Septiembre","2021-09-20","HUILA","Paicol","Vereda alto caloto","","N","","","","","","","","","","","","","","","","","","","","","","","","","","2","","BD_ICV_2021"
"2021","Septiembre","2021-09-20","HUILA","Tesalia","Vereda el Biche Via Neiva- Quimbo","","N","","","","","","","","","","","","","","","","","","","","","","","","","","20","","BD_ICV_2021"
"2021","Septiembre","2021-09-20","HUILA","Tello","sitio conocido como el Llano alta gracia","","N","","","","","","","","","","","","","","","","","","","","","","","","","","0.5","","BD_ICV_2021"
"2021","Septiembre","2021-09-20","HUILA","La Plata","Casco Urbano U. Surcolombiana, forestal via garzon, sitio conocido como la Morena, Sector Batallon","","N","","","","","","","","","","","","","","","","","","","","","","","","","","3","","BD_ICV_2021"
"2021","Septiembre","2021-09-19","HUILA","Rivera","Buena vista","","N","","","","","","","","","","","","","","","","","","","","","","","","","","22","","BD_ICV_2021"
"2021","Septiembre","2021-09-20","HUILA","Baraya","Vereda Malparaiso","","N","","","","","","","","","","","","","","","","","","","","","","","","","","4","","BD_ICV_2021"
"2021","Septiembre","2021-09-20","HUILA","Yaguará","Vereda jagual sitio conocido como punta carolina","","N","","","","","","","","","","","","","","","","","","","","","","","","","","1","","BD_ICV_2021"
"2021","Septiembre","2021-09-20","HUILA","Palermo","Juncal finca la esperanza","","N","","","","","","","","","","","","","","","","","","","","","","","","","","12","","BD_ICV_2021"
"2021","Septiembre","2021-09-20","HUILA","Yaguará","Vereda el Viso loma de san pedro","","N","","","","","","","","","","","","","","","","","","","","","","","","","","60","","BD_ICV_2021"
"2021","Septiembre","2021-09-21","HUILA","Garzón","sector la cabaña via Garzon la Jagua","","N","","","","","","","","","","","","","","","","","","","","","","","","","","4","","BD_ICV_2021"
"2021","Septiembre","2021-09-22","HUILA","Gigante","sector Mazatlán","","N","","","","","","","","","","","","","","","","","","","","","","","","","","5","","BD_ICV_2021"
"2021","Septiembre","2021-09-22","HUILA","Tesalia","Vereda el Guamal via Pacarni","","N","","","","","","","","","","","","","","","","","","","","","","","","","","230","","BD_ICV_2021"
"2021","Septiembre","2021-09-22","HUILA","Yaguará","Vereda Flandes sitio conocido como villa maria","","N","","","","","","","","","","","","","","","","","","","","","","","","","","1","","BD_ICV_2021"
"2021","Septiembre","2021-09-22","HUILA","Teruel","Vereda el Mesón","","N","","","","","","","","","","","","","","","","","","","","","","","","","","5","","BD_ICV_2021"
"2021","Septiembre","2021-09-22","HUILA","Teruel","Escombrera","","N","","","","","","","","","","","","","","","","","","","","","","","","","","2","","BD_ICV_2021"
"2021","Septiembre","2021-09-23","HUILA","Gigante","Barrio las Brisas","","N","","","","","","","","","","","","","","","","","","","","","","","","","","0.5","","BD_ICV_2021"
"2021","Septiembre","2021-09-26","HUILA","Tello","Llano de altagracia","","N","","","","","","","","","","","","","","","","","","","","","","","","","","130","","BD_ICV_2021"
"2021","Septiembre","2021-09-26","HUILA","Tello","sitio las brisas","","N","","","","","","","","","","","","","","","","","","","","","","","","","","12","","BD_ICV_2021"
"2021","Septiembre","2021-09-26","HUILA","Gigante","sector Mazatlán","","N","","","","","","","","","","","","","","","","","","","","","","","","","","2","","BD_ICV_2021"
"2021","Septiembre","2021-09-26","HUILA","Paicol","Vereda Santa Rita","","N","","","","","","","","","","","","","","","","","","","","","","","","","","3","","BD_ICV_2021"
"2021","Septiembre","2021-09-27","HUILA","Baraya","Vereda el Vaticano","","N","","","","","","","","","","","","","","","","","","","","","","","","","","40","","BD_ICV_2021"
"2021","Septiembre","2021-09-27","HUILA","Yaguará","Vereda Jagual sitio Pacande","","N","","","","","","","","","","","","","","","","","","","","","","","","","","1","","BD_ICV_2021"
"2021","Septiembre","2021-09-28","HUILA","Campoalegre","Vereda Palmar bajo sector tres casitas","","N","","","","","","","","","","","","","","","","","","","","","","","","","","25","","BD_ICV_2021"
"2021","Septiembre","2021-09-28","HUILA","Yaguará","Vereda el Viso","","N","","","","","","","","","","","","","","","","","","","","","","","","","","6","","BD_ICV_2021"
"2021","Septiembre","2021-09-28","HUILA","Gigante","Ciudadela el Sol","","N","","","","","","","","","","","","","","","","","","","","","","","","","","1","","BD_ICV_2021"
"2021","Septiembre","2021-09-28","HUILA","Gigante","cerro Matambo","","N","","","","","","","","","","","","","","","","","","","","","","","","","","60","","BD_ICV_2021"
"2021","Septiembre","2021-09-28","HUILA","Algeciras","Centro poblado la Arcadia","","N","","","","","","","","","","","","","","","","","","","","","","","","","","3","","BD_ICV_2021"
"2021","Septiembre","2021-09-25","TOLIMA","Melgar","","","N","","","","","","","","","","","","","","","","","","","","","","","","","","200","","BD_ICV_2021"
"2021","Octubre","2021-10-24","SANTANDER","Bucaramanga","Bosconia","","N","","","","","","","","","","","","","","","","","","","","","","","","","","0.12","","BD_ICV_2021"
"2021","Octubre","2021-10-08","CUNDINAMARCA","Pacho","TIMANA","","N","","","","","","","","","","","","","","","","","","","","","","","","","","1","","BD_ICV_2021"
"2021","Octubre","2021-10-02","HUILA","Yaguará","Vereda Vilú finca venecia","","N","","","","","","","","","","","","","","","","","","","","","","","","","","5","","BD_ICV_2021"
"2021","Octubre","2021-10-02","HUILA","Timaná","Vereda sicande","","N","","","","","","","","","","","","","","","","","","","","","","","","","","1","","BD_ICV_2021"
"2021","Octubre","2021-10-03","HUILA","Baraya","Hacienda la Primavera","","N","","","","","","","","","","","","","","","","","","","","","","","","","","1","","BD_ICV_2021"
"2021","Octubre","2021-10-03","HUILA","Yaguará","Vereda Flandes predio san cayetano","","N","","","","","","","","","","","","","","","","","","","","","","","","","","150","","BD_ICV_2021"
"2021","Octubre","2021-10-03","HUILA","Gigante","km 27 sector la Honda","","N","","","","","","","","","","","","","","","","","","","","","","","","","","4","","BD_ICV_2021"
"2021","Octubre","2021-10-04","HUILA","Paicol","Vereda santa inés finca san camilo","","N","","","","","","","","","","","","","","","","","","","","","","","","","","7","","BD_ICV_2021"
"2021","Octubre","2021-10-06","HUILA","Paicol","Vereda las Mercedes","","N","","","","","","","","","","","","","","","","","","","","","","","","","","0.5","","BD_ICV_2021"
"2021","Noviembre","2021-11-24","AMAZONAS","","","","N","","","","","","","","","","","","","","","","","","","","","","","","","","10","","BD_ICV_2021"
"2021","Noviembre","2021-11-14","SANTANDER","Lebrija","Aguada de Ceferino","","N","","","","","","","","","","","","","","","","","","","","","","","","","","0.34","","BD_ICV_2021"
"2021","Noviembre","2021-11-06","ANTIOQUIA","Puerto Nare","La Mina","","N","","","","","","","","","","","","","","","","","","","","","","","","","","20","","BD_ICV_2021"
"2021","Diciembre","2021-12-11","SANTANDER","Bucaramanga","Luz de Salvación","","N","","","","","","","","","","","","","","","","","","","","","","","","","","0.1","","BD_ICV_2021"
"2021","Diciembre","2021-12-11","SANTANDER","Rionegro","Galanes","","N","","","","","","","","","","","","","","","","","","","","","","","","","","0.34","","BD_ICV_2021"
"2021","Diciembre","2021-12-19","SANTANDER","Girón","Pantano","","N","","","","","","","","","","","","","","","","","","","","","","","","","","2.1","","BD_ICV_2021"
"2021","Diciembre","2021-12-25","BOYACÁ","Firavitoba","Mombita llano - gotua","","N","","","","","","","","","","","","","","","","","","","","","","","","","","2.69","","BD_ICV_2021"
"","","","","","","","","","","","","","","","","","","","","","","","","","","","","","","","","","","","BD_ICV_2021"
"","","","","","","","","","","","","","","","","","","","","","","","","","","","","","","","","","","","BD_ICV_2021"
