"ANIO","MES","FECHA_REGISTRO","DEPARTAMENTO","MUNICIPIO","VEREDA_CORREGIMIENTO","PREDIO_BARRIO","AREA_PROTEGIDA_NACIONAL","LATITUD","LONGITUD","ELEVACION_MSNM","AREA_COPA_HA","AREA_SUPERFICIAL_HA","AREA_SUBTERRANEO_HA","AREA_MIXTO_HA","AREA_OTRO_TIPO_HA","CAUSA_QUEMA_FUERA_CONTROL","CAUSA_DESCUIDO_NEGLIGENCIA","CAUSA_INTENCIONAL","CAUSA_ACCIDENTAL","CAUSA_REACTIVACION_FOCOS","CAUSA_OTRA","COB_BOSQUE_NATURAL_DENSO","COB_BOSQUE_INTERVENIDO","COB_BOSQUE_PLANTADO","COB_BOSQUE_SECO","COB_CULTIVOS","COB_PARAMOS","COB_SABANAS_PASTIZALES","COB_PASTOS_MANEJADOS","COB_RASTROJO","COB_VEGETACION_SECA","COB_COBERTURA_SIN_DETERMINAR","AREA_TOTAL_HA","ENTIDAD_REPORTA","FUENTE_HOJA"
"2023","Febrero","2023-02-01","AMAZONAS","EL ENCANTO","","La Paya","","","","","","","","","","","","","","","","","","","","","","","","","","","150","","BD_ICV_2023"
"2023","Febrero","2023-02-08","AMAZONAS","EL ENCANTO","","","","","","","","","","","","","","","","","","","","","","","","","","","","","0.5","","BD_ICV_2023"
"2023","Febrero","2023-02-22","AMAZONAS","EL ENCANTO","","","","","","","","","","","","","","","","","","","","","","","","","","","","","0.5","","BD_ICV_2023"
"2023","Junio","2023-06-23","AMAZONAS","EL ENCANTO","","Cueva de los Guácharos","","","","","","","","","","","","","","","","","","","","","","","","","","","12","","BD_ICV_2023"
"2023","Agosto","2023-08-28","AMAZONAS","LA CHORRERA","","Cuenca Alta del Rio Mocoa","","","","","","","","","","","","","","","","","","","","","","","","","","","200","","BD_ICV_2023"
"2023","Abril","2023-04-03","AMAZONAS","LETICIA","","Río Puré","","","","","","","","","","","","","","","","","","","","","","","","","","","20","","BD_ICV_2023"
"2023","Mayo","2023-05-13","AMAZONAS","LETICIA","","Amacayacu","","","","","","","","","","","","","","","","","","","","","","","","","","","15","","BD_ICV_2023"
"2023","Junio","2023-06-28","AMAZONAS","LETICIA","","Cahuinarí","","","","","","","","","","","","","","","","","","","","","","","","","","","35","","BD_ICV_2023"
"2023","Julio","2023-07-17","AMAZONAS","LETICIA","","Cahuinarí","","","","","","","","","","","","","","","","","","","","","","","","","","","15","","BD_ICV_2023"
"2023","Agosto","2023-08-17","AMAZONAS","LETICIA","","Amacayacu","","","","","","","","","","","","","","","","","","","","","","","","","","","30","","BD_ICV_2023"
"2023","Febrero","2023-02-10","ANTIOQUIA","AMAGA","","","","","","","","","","","","","","","","","","","","","","","","","","","","","0.5","","BD_ICV_2023"
"2023","Febrero","2023-02-02","ANTIOQUIA","AMALFI","","","","","","","","","","","","","","","","","","","","","","","","","","","","","3","","BD_ICV_2023"
"2023","Febrero","2023-02-04","ANTIOQUIA","AMALFI","","","","","","","","","","","","","","","","","","","","","","","","","","","","","2","","BD_ICV_2023"
"2023","Febrero","2023-02-07","ANTIOQUIA","AMALFI","","","","","","","","","","","","","","","","","","","","","","","","","","","","","1","","BD_ICV_2023"
"2023","Marzo","2023-03-01","ANTIOQUIA","AMALFI","","","","","","","","","","","","","","","","","","","","","","","","","","","","","8","","BD_ICV_2023"
"2023","Marzo","2023-03-02","ANTIOQUIA","AMALFI","","","","","","","","","","","","","","","","","","","","","","","","","","","","","3","","BD_ICV_2023"
"2023","Enero","2023-01-23","ANTIOQUIA","ANGOSTURA","","","","","","","","","","","","","","","","","","","","","","","","","","","","","0.5","","BD_ICV_2023"
"2023","Marzo","2023-03-02","ANTIOQUIA","ANGOSTURA","","","","","","","","","","","","","","","","","","","","","","","","","","","","","4.5","","BD_ICV_2023"
"2023","Abril","2023-04-04","ANTIOQUIA","ANGOSTURA","","","","","","","","","","","","","","","","","","","","","","","","","","","","","4.5","","BD_ICV_2023"
"2023","Octubre","2023-10-15","ANTIOQUIA","ANORÍ","","","","","","","","","","","","","","","","","","","","","","","","","","","","","0.5","","BD_ICV_2023"
"2023","Febrero","2023-02-23","ANTIOQUIA","APARTADÓ","","","","","","","","","","","","","","","","","","","","","","","","","","","","","2","","BD_ICV_2023"
"2023","Marzo","2023-03-12","ANTIOQUIA","ARBOLETES","","","","","","","","","","","","","","","","","","","","","","","","","","","","","6","","BD_ICV_2023"
"2023","Agosto","2023-08-08","ANTIOQUIA","BARBOSA","","","","","","","","","","","","","","","","","","","","","","","","","","","","","4","","BD_ICV_2023"
"2023","Agosto","2023-08-10","ANTIOQUIA","BARBOSA","","","","","","","","","","","","","","","","","","","","","","","","","","","","","2","","BD_ICV_2023"
"2023","Enero","2023-01-21","ANTIOQUIA","BELLO","","","","","","","","","","","","","","","","","","","","","","","","","","","","","1","","BD_ICV_2023"
"2023","Enero","2023-01-23","ANTIOQUIA","BELLO","","","","","","","","","","","","","","","","","","","","","","","","","","","","","0.5","","BD_ICV_2023"
"2023","Febrero","2023-02-02","ANTIOQUIA","BELLO","Cerro Quitasol","","","","","","","","","","","","","","","","","","","","","","","","","","","","61.4","","BD_ICV_2023"
"2023","Febrero","2023-02-05","ANTIOQUIA","BELLO","","","","","","","","","","","","","","","","","","","","","","","","","","","","","0.5","","BD_ICV_2023"
"2023","Febrero","2023-02-05","ANTIOQUIA","BELLO","","","","","","","","","","","","","","","","","","","","","","","","","","","","","0.5","","BD_ICV_2023"
"2023","Febrero","2023-02-10","ANTIOQUIA","BELLO","","","","","","","","","","","","","","","","","","","","","","","","","","","","","0.5","","BD_ICV_2023"
"2023","Febrero","2023-02-14","ANTIOQUIA","BELLO","","","","","","","","","","","","","","","","","","","","","","","","","","","","","0.5","","BD_ICV_2023"
"2023","Febrero","2023-02-17","ANTIOQUIA","BELLO","","","","","","","","","","","","","","","","","","","","","","","","","","","","","0.5","","BD_ICV_2023"
"2023","Febrero","2023-02-18","ANTIOQUIA","BELLO","","","","","","","","","","","","","","","","","","","","","","","","","","","","","0.5","","BD_ICV_2023"
"2023","Febrero","2023-02-18","ANTIOQUIA","BELLO","","","","","","","","","","","","","","","","","","","","","","","","","","","","","0.5","","BD_ICV_2023"
"2023","Marzo","2023-03-03","ANTIOQUIA","BELLO","","","","","","","","","","","","","","","","","","","","","","","","","","","","","0.5","","BD_ICV_2023"
"2023","Mayo","2023-05-14","ANTIOQUIA","BELLO","Quitasol La Holanda","","","","","","","","","","","","","","","","","","","","","","","","","","","","22","","BD_ICV_2023"
"2023","Agosto","2023-08-04","ANTIOQUIA","BELLO","Sector Manantiales","","","","","","","","","","","","","","","","","","","","","","","","","","","","4.12","","BD_ICV_2023"
"2023","Septiembre","2023-09-24","ANTIOQUIA","BELLO","","","","","","","","","","","","","","","","","","","","","","","","","","","","","3","","BD_ICV_2023"
"2023","Diciembre","2023-12-27","ANTIOQUIA","BELLO","","","","","","","","","","","","","","","","","","","","","","","","","","","","","90","","BD_ICV_2023"
"2023","Abril","2023-04-03","ANTIOQUIA","BETULIA","","","","","","","","","","","","","","","","","","","","","","","","","","","","","2","","BD_ICV_2023"
"2023","Diciembre","2023-12-18","ANTIOQUIA","BURITICÁ","","","","","","","","","","","","","","","","","","","","","","","","","","","","","10","","BD_ICV_2023"
"2023","Febrero","2023-02-26","ANTIOQUIA","CAMPAMENTO","","","","","","","","","","","","","","","","","","","","","","","","","","","","","19","","BD_ICV_2023"
"2023","Marzo","2023-03-23","ANTIOQUIA","CAROLINA","","","","","","","","","","","","","","","","","","","","","","","","","","","","","1","","BD_ICV_2023"
"2023","Febrero","2023-02-01","ANTIOQUIA","CAUCASIA","","","","","","","","","","","","","","","","","","","","","","","","","","","","","3","","BD_ICV_2023"
"2023","Febrero","2023-02-01","ANTIOQUIA","CAUCASIA","","","","","","","","","","","","","","","","","","","","","","","","","","","","","2","","BD_ICV_2023"
"2023","Febrero","2023-02-01","ANTIOQUIA","CAUCASIA","","","","","","","","","","","","","","","","","","","","","","","","","","","","","1","","BD_ICV_2023"
"2023","Febrero","2023-02-08","ANTIOQUIA","CHIGORODÓ","","","","","","","","","","","","","","","","","","","","","","","","","","","","","0.5","","BD_ICV_2023"
"2023","Febrero","2023-02-11","ANTIOQUIA","CHIGORODÓ","","","","","","","","","","","","","","","","","","","","","","","","","","","","","0.5","","BD_ICV_2023"
"2023","Febrero","2023-02-21","ANTIOQUIA","CHIGORODÓ","","","","","","","","","","","","","","","","","","","","","","","","","","","","","0.5","","BD_ICV_2023"
"2023","Febrero","2023-02-26","ANTIOQUIA","CHIGORODÓ","","","","","","","","","","","","","","","","","","","","","","","","","","","","","0.5","","BD_ICV_2023"
"2023","Marzo","2023-03-02","ANTIOQUIA","CHIGORODÓ","","","","","","","","","","","","","","","","","","","","","","","","","","","","","0.5","","BD_ICV_2023"
"2023","Febrero","2023-02-08","ANTIOQUIA","CIUDAD BOLÍVAR","","","","","","","","","","","","","","","","","","","","","","","","","","","","","2","","BD_ICV_2023"
"2023","Febrero","2023-02-25","ANTIOQUIA","CIUDAD BOLÍVAR","","","","","","","","","","","","","","","","","","","","","","","","","","","","","2","","BD_ICV_2023"
"2023","Diciembre","2023-12-10","ANTIOQUIA","COPACABANA","","","","","","","","","","","","","","","","","","","","","","","","","","","","","7","","BD_ICV_2023"
"2023","Febrero","2023-02-10","ANTIOQUIA","DONMATÍAS","","","","","","","","","","","","","","","","","","","","","","","","","","","","","0.5","","BD_ICV_2023"
"2023","Enero","2023-01-04","ANTIOQUIA","GIRARDOTA","","","","","","","","","","","","","","","","","","","","","","","","","","","","","0.5","","BD_ICV_2023"
"2023","Enero","2023-01-27","ANTIOQUIA","GIRARDOTA","","","","","","","","","","","","","","","","","","","","","","","","","","","","","0.5","","BD_ICV_2023"
"2023","Enero","2023-01-28","ANTIOQUIA","GIRARDOTA","","","","","","","","","","","","","","","","","","","","","","","","","","","","","0.5","","BD_ICV_2023"
"2023","Febrero","2023-02-07","ANTIOQUIA","GIRARDOTA","","","","","","","","","","","","","","","","","","","","","","","","","","","","","0.5","","BD_ICV_2023"
"2023","Febrero","2023-02-11","ANTIOQUIA","GIRARDOTA","","","","","","","","","","","","","","","","","","","","","","","","","","","","","0.5","","BD_ICV_2023"
"2023","Enero","2023-01-29","ANTIOQUIA","GOMEZ PLATA","","","","","","","","","","","","","","","","","","","","","","","","","","","","","0.5","","BD_ICV_2023"
"2023","Febrero","2023-02-01","ANTIOQUIA","GOMEZ PLATA","","","","","","","","","","","","","","","","","","","","","","","","","","","","","6","","BD_ICV_2023"
"2023","Agosto","2023-08-02","ANTIOQUIA","GUARNE","","","","","","","","","","","","","","","","","","","","","","","","","","","","","2.1","","BD_ICV_2023"
"2023","Febrero","2023-02-27","ANTIOQUIA","GUATAPÉ","","","","","","","","","","","","","","","","","","","","","","","","","","","","","2","","BD_ICV_2023"
"2023","Enero","2023-01-28","ANTIOQUIA","ITAGÜÍ","","","","","","","","","","","","","","","","","","","","","","","","","","","","","0.5","","BD_ICV_2023"
"2023","Marzo","2023-03-02","ANTIOQUIA","ITAGÜÍ","","","","","","","","","","","","","","","","","","","","","","","","","","","","","2","","BD_ICV_2023"
"2023","Febrero","2023-02-05","ANTIOQUIA","JERICÓ","","","","","","","","","","","","","","","","","","","","","","","","","","","","","2","","BD_ICV_2023"
"2023","Febrero","2023-02-07","ANTIOQUIA","LA CEJA","","","","","","","","","","","","","","","","","","","","","","","","","","","","","0.5","","BD_ICV_2023"
"2023","Febrero","2023-02-08","ANTIOQUIA","LA CEJA","","","","","","","","","","","","","","","","","","","","","","","","","","","","","0.5","","BD_ICV_2023"
"2023","Febrero","2023-02-17","ANTIOQUIA","LA CEJA","","","","","","","","","","","","","","","","","","","","","","","","","","","","","0.5","","BD_ICV_2023"
"2023","Febrero","2023-02-28","ANTIOQUIA","LA CEJA","","","","","","","","","","","","","","","","","","","","","","","","","","","","","0.5","","BD_ICV_2023"
"2023","Febrero","2023-02-09","ANTIOQUIA","LA UNIÓN","","","","","","","","","","","","","","","","","","","","","","","","","","","","","1","","BD_ICV_2023"
"2023","Enero","2023-01-27","ANTIOQUIA","LIBORINA","","","","","","","","","","","","","","","","","","","","","","","","","","","","","55","","BD_ICV_2023"
"2023","Febrero","2023-02-01","ANTIOQUIA","LIBORINA","","","","","","","","","","","","","","","","","","","","","","","","","","","","","5.5","","BD_ICV_2023"
"2023","Febrero","2023-02-03","ANTIOQUIA","LIBORINA","","","","","","","","","","","","","","","","","","","","","","","","","","","","","3","","BD_ICV_2023"
"2023","Febrero","2023-02-03","ANTIOQUIA","MACEO","Tres Piedras (Predio San Benigno)","","","","","","","","","","","","","","","","","","","","","","","","","","","","0.87","","BD_ICV_2023"
"2023","Enero","2023-01-02","ANTIOQUIA","MARINILLA","","","","","","","","","","","","","","","","","","","","","","","","","","","","","0.5","","BD_ICV_2023"
"2023","Marzo","2023-03-02","ANTIOQUIA","MARINILLA","","","","","","","","","","","","","","","","","","","","","","","","","","","","","1","","BD_ICV_2023"
"2023","Enero","2023-01-28","ANTIOQUIA","MEDELLÍN","","","","","","","","","","","","","","","","","","","","","","","","","","","","","2","","BD_ICV_2023"
"2023","Enero","2023-01-28","ANTIOQUIA","MEDELLÍN","","","","","","","","","","","","","","","","","","","","","","","","","","","","","1","","BD_ICV_2023"
"2023","Febrero","2023-02-05","ANTIOQUIA","MEDELLÍN","","","","","","","","","","","","","","","","","","","","","","","","","","","","","3","","BD_ICV_2023"
"2023","Febrero","2023-02-07","ANTIOQUIA","MEDELLÍN","","","","","","","","","","","","","","","","","","","","","","","","","","","","","2","","BD_ICV_2023"
"2023","Febrero","2023-02-09","ANTIOQUIA","MEDELLÍN","","","","","","","","","","","","","","","","","","","","","","","","","","","","","2","","BD_ICV_2023"
"2023","Febrero","2023-02-10","ANTIOQUIA","MEDELLÍN","","","","","","","","","","","","","","","","","","","","","","","","","","","","","3","","BD_ICV_2023"
"2023","Febrero","2023-02-11","ANTIOQUIA","MEDELLÍN","","","","","","","","","","","","","","","","","","","","","","","","","","","","","3","","BD_ICV_2023"
"2023","Abril","2023-04-07","ANTIOQUIA","MEDELLÍN","","","","","","","","","","","","","","","","","","","","","","","","","","","","","0.5","","BD_ICV_2023"
"2023","Mayo","2023-05-08","ANTIOQUIA","MEDELLÍN","","","","","","","","","","","","","","","","","","","","","","","","","","","","","1","","BD_ICV_2023"
"2023","Julio","2023-07-15","ANTIOQUIA","MEDELLÍN","","","","","","","","","","","","","","","","","","","","","","","","","","","","","2","","BD_ICV_2023"
"2023","Julio","2023-07-15","ANTIOQUIA","MEDELLÍN","","","","","","","","","","","","","","","","","","","","","","","","","","","","","1.95","","BD_ICV_2023"
"2023","Agosto","2023-08-01","ANTIOQUIA","MEDELLÍN","","","","","","","","","","","","","","","","","","","","","","","","","","","","","20","","BD_ICV_2023"
"2023","Agosto","2023-08-02","ANTIOQUIA","MEDELLÍN","","","","","","","","","","","","","","","","","","","","","","","","","","","","","13","","BD_ICV_2023"
"2023","Agosto","2023-08-03","ANTIOQUIA","MEDELLÍN","","","","","","","","","","","","","","","","","","","","","","","","","","","","","10","","BD_ICV_2023"
"2023","Agosto","2023-08-04","ANTIOQUIA","MEDELLÍN","","","","","","","","","","","","","","","","","","","","","","","","","","","","","30","","BD_ICV_2023"
"2023","Agosto","2023-08-04","ANTIOQUIA","MEDELLÍN","","","","","","","","","","","","","","","","","","","","","","","","","","","","","13","","BD_ICV_2023"
"2023","Agosto","2023-08-04","ANTIOQUIA","MEDELLÍN","Sector Seminario","","","","","","","","","","","","","","","","","","","","","","","","","","","","34.85","","BD_ICV_2023"
"2023","Agosto","2023-08-09","ANTIOQUIA","MEDELLÍN","","","","","","","","","","","","","","","","","","","","","","","","","","","","","4","","BD_ICV_2023"
"2023","Agosto","2023-08-09","ANTIOQUIA","MEDELLÍN","","","","","","","","","","","","","","","","","","","","","","","","","","","","","0.5","","BD_ICV_2023"
"2023","Diciembre","2023-12-01","ANTIOQUIA","MEDELLÍN","","","","","","","","","","","","","","","","","","","","","","","","","","","","","10","","BD_ICV_2023"
"2023","Diciembre","2023-12-08","ANTIOQUIA","MEDELLÍN","","","","","","","","","","","","","","","","","","","","","","","","","","","","","6","","BD_ICV_2023"
"2023","Diciembre","2023-12-12","ANTIOQUIA","MEDELLÍN","","","","","","","","","","","","","","","","","","","","","","","","","","","","","10","","BD_ICV_2023"
"2023","Marzo","2023-03-12","ANTIOQUIA","NECOCLÍ","CABAÑAS","Ensenada de Rionegro, los Bajos Aledanos, las Cienagas de Marimonda y el Salado","","","","","","","","","","","","","","","","","","","","","","","","","","","30","","BD_ICV_2023"
"2023","Febrero","2023-02-01","ANTIOQUIA","OLAYA","","","","","","","","","","","","","","","","","","","","","","","","","","","","","6","","BD_ICV_2023"
"2023","Agosto","2023-08-08","ANTIOQUIA","PEÑOL","","","","","","","","","","","","","","","","","","","","","","","","","","","","","8","","BD_ICV_2023"
"2023","Agosto","2023-08-08","ANTIOQUIA","PEÑOL","","","","","","","","","","","","","","","","","","","","","","","","","","","","","7","","BD_ICV_2023"
"2023","Febrero","2023-02-28","ANTIOQUIA","PEQUE","","","","","","","","","","","","","","","","","","","","","","","","","","","","","2","","BD_ICV_2023"
"2023","Enero","2023-01-27","ANTIOQUIA","PUERTO NARE","","","","","","","","","","","","","","","","","","","","","","","","","","","","","15","","BD_ICV_2023"
"2023","Febrero","2023-02-05","ANTIOQUIA","PUERTO NARE","","","","","","","","","","","","","","","","","","","","","","","","","","","","","7","","BD_ICV_2023"
"2023","Enero","2023-01-03","ANTIOQUIA","PUERTO TRIUNFO","","","","","","","","","","","","","","","","","","","","","","","","","","","","","2","","BD_ICV_2023"
"2023","Enero","2023-01-02","ANTIOQUIA","RETIRO","","","","","","","","","","","","","","","","","","","","","","","","","","","","","0.5","","BD_ICV_2023"
"2023","Febrero","2023-02-09","ANTIOQUIA","RETIRO","","","","","","","","","","","","","","","","","","","","","","","","","","","","","0.5","","BD_ICV_2023"
"2023","Febrero","2023-02-10","ANTIOQUIA","RETIRO","","","","","","","","","","","","","","","","","","","","","","","","","","","","","0.5","","BD_ICV_2023"
"2023","Enero","2023-01-28","ANTIOQUIA","RIONEGRO","","","","","","","","","","","","","","","","","","","","","","","","","","","","","0.5","","BD_ICV_2023"
"2023","Febrero","2023-02-01","ANTIOQUIA","RIONEGRO","","","","","","","","","","","","","","","","","","","","","","","","","","","","","0.5","","BD_ICV_2023"
"2023","Enero","2023-01-30","ANTIOQUIA","SALGAR","","","","","","","","","","","","","","","","","","","","","","","","","","","","","0.5","","BD_ICV_2023"
"2023","Agosto","2023-08-01","ANTIOQUIA","SAN CARLOS","","","","","","","","","","","","","","","","","","","","","","","","","","","","","2","","BD_ICV_2023"
"2023","Julio","2023-07-25","ANTIOQUIA","SAN LUIS","","","","","","","","","","","","","","","","","","","","","","","","","","","","","1.5","","BD_ICV_2023"
"2023","Agosto","2023-08-02","ANTIOQUIA","SAN LUIS","","","","","","","","","","","","","","","","","","","","","","","","","","","","","2","","BD_ICV_2023"
"2023","Agosto","2023-08-08","ANTIOQUIA","SAN LUIS","","","","","","","","","","","","","","","","","","","","","","","","","","","","","1.5","","BD_ICV_2023"
"2023","Enero","2023-01-31","ANTIOQUIA","SAN RAFAEL","","","","","","","","","","","","","","","","","","","","","","","","","","","","","2","","BD_ICV_2023"
"2023","Febrero","2023-02-04","ANTIOQUIA","SAN RAFAEL","","","","","","","","","","","","","","","","","","","","","","","","","","","","","0.5","","BD_ICV_2023"
"2023","Marzo","2023-03-02","ANTIOQUIA","SAN RAFAEL","","","","","","","","","","","","","","","","","","","","","","","","","","","","","3","","BD_ICV_2023"
"2023","Enero","2023-01-05","ANTIOQUIA","SAN ROQUE","","","","","","","","","","","","","","","","","","","","","","","","","","","","","1","","BD_ICV_2023"
"2023","Febrero","2023-02-08","ANTIOQUIA","SAN ROQUE","","","","","","","","","","","","","","","","","","","","","","","","","","","","","1","","BD_ICV_2023"
"2023","Enero","2023-01-29","ANTIOQUIA","SAN VICENTE","","","","","","","","","","","","","","","","","","","","","","","","","","","","","0.5","","BD_ICV_2023"
"2023","Enero","2023-01-31","ANTIOQUIA","SAN VICENTE","","","","","","","","","","","","","","","","","","","","","","","","","","","","","2","","BD_ICV_2023"
"2023","Julio","2023-07-20","ANTIOQUIA","SAN VICENTE","","","","","","","","","","","","","","","","","","","","","","","","","","","","","2","","BD_ICV_2023"
"2023","Agosto","2023-08-04","ANTIOQUIA","SAN VICENTE","","","","","","","","","","","","","","","","","","","","","","","","","","","","","3","","BD_ICV_2023"
"2023","Agosto","2023-08-06","ANTIOQUIA","SAN VICENTE","","","","","","","","","","","","","","","","","","","","","","","","","","","","","1","","BD_ICV_2023"
"2023","Febrero","2023-02-01","ANTIOQUIA","SANTA ROSA DE OSOS","","","","","","","","","","","","","","","","","","","","","","","","","","","","","3","","BD_ICV_2023"
"2023","Febrero","2023-02-01","ANTIOQUIA","SANTA ROSA DE OSOS","El Roble","","","","","","","","","","","","","","","","","","","","","","","","","","","","0.01","","BD_ICV_2023"
"2023","Febrero","2023-02-10","ANTIOQUIA","SANTA ROSA DE OSOS","San Juan","","","","","","","","","","","","","","","","","","","","","","","","","","","","7.0000000000000007E-2","","BD_ICV_2023"
"2023","Febrero","2023-02-01","ANTIOQUIA","SANTAFE DE ANTIOQUIA","","","","","","","","","","","","","","","","","","","","","","","","","","","","","100","","BD_ICV_2023"
"2023","Febrero","2023-02-15","ANTIOQUIA","SANTAFE DE ANTIOQUIA","","","","","","","","","","","","","","","","","","","","","","","","","","","","","2","","BD_ICV_2023"
"2023","Febrero","2023-02-15","ANTIOQUIA","SANTAFE DE ANTIOQUIA","","","","","","","","","","","","","","","","","","","","","","","","","","","","","2","","BD_ICV_2023"
"2023","Junio","2023-06-21","ANTIOQUIA","SANTAFE DE ANTIOQUIA","","","","","","","","","","","","","","","","","","","","","","","","","","","","","5.2","","BD_ICV_2023"
"2023","Febrero","2023-02-01","ANTIOQUIA","SOPETRÁN","","","","","","","","","","","","","","","","","","","","","","","","","","","","","3","","BD_ICV_2023"
"2023","Febrero","2023-02-16","ANTIOQUIA","SOPETRÁN","","","","","","","","","","","","","","","","","","","","","","","","","","","","","10","","BD_ICV_2023"
"2023","Marzo","2023-03-03","ANTIOQUIA","SOPETRÁN","","","","","","","","","","","","","","","","","","","","","","","","","","","","","2","","BD_ICV_2023"
"2023","Abril","2023-04-03","ANTIOQUIA","SOPETRÁN","","","","","","","","","","","","","","","","","","","","","","","","","","","","","2","","BD_ICV_2023"
"2023","Febrero","2023-02-14","ANTIOQUIA","TITIRIBÍ","","","","","","","","","","","","","","","","","","","","","","","","","","","","","3","","BD_ICV_2023"
"2023","Febrero","2023-02-21","ANTIOQUIA","TITIRIBÍ","","","","","","","","","","","","","","","","","","","","","","","","","","","","","2","","BD_ICV_2023"
"2023","Febrero","2023-02-09","ANTIOQUIA","TURBO","","","","","","","","","","","","","","","","","","","","","","","","","","","","","4","","BD_ICV_2023"
"2023","Febrero","2023-02-05","ANTIOQUIA","URRAO","","","","","","","","","","","","","","","","","","","","","","","","","","","","","1","","BD_ICV_2023"
"2023","Marzo","2023-03-01","ANTIOQUIA","URRAO","","","","","","","","","","","","","","","","","","","","","","","","","","","","","1","","BD_ICV_2023"
"2023","Marzo","2023-03-01","ANTIOQUIA","URRAO","","","","","","","","","","","","","","","","","","","","","","","","","","","","","1","","BD_ICV_2023"
"2023","Febrero","2023-02-27","ANTIOQUIA","YALÍ","","","","","","","","","","","","","","","","","","","","","","","","","","","","","1","","BD_ICV_2023"
"2023","Febrero","2023-02-01","ANTIOQUIA","YARUMAL","","","","","","","","","","","","","","","","","","","","","","","","","","","","","10","","BD_ICV_2023"
"2023","Enero","2023-01-17","ANTIOQUIA","YONDÓ","","","","","","","","","","","","","","","","","","","","","","","","","","","","","1","","BD_ICV_2023"
"2023","Febrero","2023-02-02","ANTIOQUIA","YONDÓ","","","","","","","","","","","","","","","","","","","","","","","","","","","","","1","","BD_ICV_2023"
"2023","Febrero","2023-02-05","ANTIOQUIA","YONDÓ","","","","","","","","","","","","","","","","","","","","","","","","","","","","","0.5","","BD_ICV_2023"
"2023","Febrero","2023-02-12","ANTIOQUIA","YONDÓ","","","","","","","","","","","","","","","","","","","","","","","","","","","","","1","","BD_ICV_2023"
"2023","Enero","2023-01-02","ARAUCA","ARAUCA","","","","","","","","","","","","","","","","","","","","","","","","","","","","","0.5","","BD_ICV_2023"
"2023","Febrero","2023-02-04","ARAUCA","ARAUCA","","","","","","","","","","","","","","","","","","","","","","","","","","","","","5","","BD_ICV_2023"
"2023","Febrero","2023-02-18","ARAUCA","ARAUCA","","","","","","","","","","","","","","","","","","","","","","","","","","","","","0.5","","BD_ICV_2023"
"2023","Febrero","2023-02-19","ARAUCA","ARAUCA","","","","","","","","","","","","","","","","","","","","","","","","","","","","","0.5","","BD_ICV_2023"
"2023","Febrero","2023-02-22","ARAUCA","ARAUCA","","","","","","","","","","","","","","","","","","","","","","","","","","","","","0.5","","BD_ICV_2023"
"2023","Febrero","2023-02-23","ARAUCA","ARAUCA","","","","","","","","","","","","","","","","","","","","","","","","","","","","","0.5","","BD_ICV_2023"
"2023","Febrero","2023-02-23","ARAUCA","ARAUCA","","","","","","","","","","","","","","","","","","","","","","","","","","","","","0.5","","BD_ICV_2023"
"2023","Febrero","2023-02-26","ARAUCA","ARAUCA","","","","","","","","","","","","","","","","","","","","","","","","","","","","","0.5","","BD_ICV_2023"
"2023","Febrero","2023-02-27","ARAUCA","ARAUCA","","","","","","","","","","","","","","","","","","","","","","","","","","","","","0.5","","BD_ICV_2023"
"2023","Febrero","2023-02-28","ARAUCA","ARAUCA","","","","","","","","","","","","","","","","","","","","","","","","","","","","","0.5","","BD_ICV_2023"
"2023","Febrero","2023-02-28","ARAUCA","ARAUCA","","","","","","","","","","","","","","","","","","","","","","","","","","","","","0.5","","BD_ICV_2023"
"2023","Marzo","2023-03-03","ARAUCA","ARAUCA","","","","","","","","","","","","","","","","","","","","","","","","","","","","","0.5","","BD_ICV_2023"
"2023","Marzo","2023-03-04","ARAUCA","ARAUCA","","","","","","","","","","","","","","","","","","","","","","","","","","","","","0.5","","BD_ICV_2023"
"2023","Marzo","2023-03-06","ARAUCA","ARAUCA","","","","","","","","","","","","","","","","","","","","","","","","","","","","","0.5","","BD_ICV_2023"
"2023","Marzo","2023-03-07","ARAUCA","ARAUCA","","","","","","","","","","","","","","","","","","","","","","","","","","","","","0.5","","BD_ICV_2023"
"2023","Marzo","2023-03-07","ARAUCA","ARAUCA","","","","","","","","","","","","","","","","","","","","","","","","","","","","","0.5","","BD_ICV_2023"
"2023","Marzo","2023-03-07","ARAUCA","ARAUCA","","","","","","","","","","","","","","","","","","","","","","","","","","","","","0.5","","BD_ICV_2023"
"2023","Marzo","2023-03-08","ARAUCA","ARAUCA","","","","","","","","","","","","","","","","","","","","","","","","","","","","","0.5","","BD_ICV_2023"
"2023","Marzo","2023-03-15","ARAUCA","ARAUCA","","","","","","","","","","","","","","","","","","","","","","","","","","","","","0.5","","BD_ICV_2023"
"2023","Enero","2023-01-16","ARAUCA","ARAUQUITA","","","","","","","","","","","","","","","","","","","","","","","","","","","","","0.5","","BD_ICV_2023"
"2023","Enero","2023-01-27","ARAUCA","ARAUQUITA","","","","","","","","","","","","","","","","","","","","","","","","","","","","","0.5","","BD_ICV_2023"
"2023","Enero","2023-01-30","ARAUCA","ARAUQUITA","","","","","","","","","","","","","","","","","","","","","","","","","","","","","0.5","","BD_ICV_2023"
"2023","Febrero","2023-02-04","ARAUCA","ARAUQUITA","","","","","","","","","","","","","","","","","","","","","","","","","","","","","0.5","","BD_ICV_2023"
"2023","Enero","2023-01-15","ARAUCA","CRAVO NORTE","","","","","","","","","","","","","","","","","","","","","","","","","","","","","34","","BD_ICV_2023"
"2023","Enero","2023-01-26","ARAUCA","CRAVO NORTE","","","","","","","","","","","","","","","","","","","","","","","","","","","","","18","","BD_ICV_2023"
"2023","Febrero","2023-02-13","ARAUCA","SARAVENA","","","","","","","","","","","","","","","","","","","","","","","","","","","","","1","","BD_ICV_2023"
"2023","Febrero","2023-02-20","ARAUCA","SARAVENA","","","","","","","","","","","","","","","","","","","","","","","","","","","","","0.5","","BD_ICV_2023"
"2023","Enero","2023-01-23","ARAUCA","TAME","","","","","","","","","","","","","","","","","","","","","","","","","","","","","3","","BD_ICV_2023"
"2023","Febrero","2023-02-02","ARAUCA","TAME","","","","","","","","","","","","","","","","","","","","","","","","","","","","","20","","BD_ICV_2023"
"2023","Febrero","2023-02-22","ARCHIPIÉLAGO DE SAN ANDRÉS, PROVIDENCIA Y SANTA CATALINA","PROVIDENCIA","","","","","","","","","","","","","","","","","","","","","","","","","","","","","41.5","","BD_ICV_2023"
"2023","Mayo","2023-05-25","ARCHIPIÉLAGO DE SAN ANDRÉS, PROVIDENCIA Y SANTA CATALINA","PROVIDENCIA","","","","","","","","","","","","","","","","","","","","","","","","","","","","","50","","BD_ICV_2023"
"2023","Enero","2023-01-29","ARCHIPIÉLAGO DE SAN ANDRÉS, PROVIDENCIA Y SANTA CATALINA","SAN ANDRÉS","","","","","","","","","","","","","","","","","","","","","","","","","","","","","0.5","","BD_ICV_2023"
"2023","Febrero","2023-02-22","ARCHIPIÉLAGO DE SAN ANDRÉS, PROVIDENCIA Y SANTA CATALINA","SAN ANDRÉS","","","","","","","","","","","","","","","","","","","","","","","","","","","","","0.5","","BD_ICV_2023"
"2023","Febrero","2023-02-28","ARCHIPIÉLAGO DE SAN ANDRÉS, PROVIDENCIA Y SANTA CATALINA","SAN ANDRÉS","","","","","","","","","","","","","","","","","","","","","","","","","","","","","0.5","","BD_ICV_2023"
"2023","Marzo","2023-03-09","ARCHIPIÉLAGO DE SAN ANDRÉS, PROVIDENCIA Y SANTA CATALINA","SAN ANDRÉS","","","","","","","","","","","","","","","","","","","","","","","","","","","","","0.5","","BD_ICV_2023"
"2023","Marzo","2023-03-11","ARCHIPIÉLAGO DE SAN ANDRÉS, PROVIDENCIA Y SANTA CATALINA","SAN ANDRÉS","","","","","","","","","","","","","","","","","","","","","","","","","","","","","0.5","","BD_ICV_2023"
"2023","Marzo","2023-03-13","ARCHIPIÉLAGO DE SAN ANDRÉS, PROVIDENCIA Y SANTA CATALINA","SAN ANDRÉS","","","","","","","","","","","","","","","","","","","","","","","","","","","","","0.5","","BD_ICV_2023"
"2023","Marzo","2023-03-14","ARCHIPIÉLAGO DE SAN ANDRÉS, PROVIDENCIA Y SANTA CATALINA","SAN ANDRÉS","","","","","","","","","","","","","","","","","","","","","","","","","","","","","0.5","","BD_ICV_2023"
"2023","Noviembre","2023-11-20","ARCHIPIÉLAGO DE SAN ANDRÉS, PROVIDENCIA Y SANTA CATALINA","SAN ANDRÉS","","The Peak Regional Park","","","","","","","","","","","","","","","","","","","","","","","","","","","3","","BD_ICV_2023"
"2023","Marzo","2023-03-25","ATLÁNTICO","BARRANQUILLA","","","","","","","","","","","","","","","","","","","","","","","","","","","","","10","","BD_ICV_2023"
"2023","Enero","2023-01-16","ATLÁNTICO","JUAN DE ACOSTA","","","","","","","","","","","","","","","","","","","","","","","","","","","","","0.5","","BD_ICV_2023"
"2023","Enero","2023-01-24","ATLÁNTICO","JUAN DE ACOSTA","","","","","","","","","","","","","","","","","","","","","","","","","","","","","0.5","","BD_ICV_2023"
"2023","Febrero","2023-02-12","ATLÁNTICO","LURUACO","","","","","","","","","","","","","","","","","","","","","","","","","","","","","1","","BD_ICV_2023"
"2023","Febrero","2023-02-17","ATLÁNTICO","LURUACO","","","","","","","","","","","","","","","","","","","","","","","","","","","","","4","","BD_ICV_2023"
"2023","Febrero","2023-02-19","ATLÁNTICO","LURUACO","","","","","","","","","","","","","","","","","","","","","","","","","","","","","4","","BD_ICV_2023"
"2023","Febrero","2023-02-19","ATLÁNTICO","LURUACO","","","","","","","","","","","","","","","","","","","","","","","","","","","","","2","","BD_ICV_2023"
"2023","Febrero","2023-02-18","ATLÁNTICO","PALMAR DE VARELA","","","","","","","","","","","","","","","","","","","","","","","","","","","","","1","","BD_ICV_2023"
"2023","Enero","2023-01-30","ATLÁNTICO","PONEDERA","","","","","","","","","","","","","","","","","","","","","","","","","","","","","0.5","","BD_ICV_2023"
"2023","Febrero","2023-02-02","ATLÁNTICO","PONEDERA","","","","","","","","","","","","","","","","","","","","","","","","","","","","","16","","BD_ICV_2023"
"2023","Febrero","2023-02-19","ATLÁNTICO","PONEDERA","","","","","","","","","","","","","","","","","","","","","","","","","","","","","0.5","","BD_ICV_2023"
"2023","Marzo","2023-03-07","ATLÁNTICO","PONEDERA","","","","","","","","","","","","","","","","","","","","","","","","","","","","","10","","BD_ICV_2023"
"2023","Enero","2023-01-04","ATLÁNTICO","PUERTO COLOMBIA","","","","","","","","","","","","","","","","","","","","","","","","","","","","","1","","BD_ICV_2023"
"2023","Enero","2023-01-16","ATLÁNTICO","PUERTO COLOMBIA","","","","","","","","","","","","","","","","","","","","","","","","","","","","","1","","BD_ICV_2023"
"2023","Enero","2023-01-24","ATLÁNTICO","PUERTO COLOMBIA","","","","","","","","","","","","","","","","","","","","","","","","","","","","","2","","BD_ICV_2023"
"2023","Enero","2023-01-26","ATLÁNTICO","PUERTO COLOMBIA","","","","","","","","","","","","","","","","","","","","","","","","","","","","","2","","BD_ICV_2023"
"2023","Enero","2023-01-28","ATLÁNTICO","PUERTO COLOMBIA","","","","","","","","","","","","","","","","","","","","","","","","","","","","","2","","BD_ICV_2023"
"2023","Enero","2023-01-31","ATLÁNTICO","PUERTO COLOMBIA","","","","","","","","","","","","","","","","","","","","","","","","","","","","","1","","BD_ICV_2023"
"2023","Febrero","2023-02-01","ATLÁNTICO","PUERTO COLOMBIA","","","","","","","","","","","","","","","","","","","","","","","","","","","","","1","","BD_ICV_2023"
"2023","Febrero","2023-02-02","ATLÁNTICO","PUERTO COLOMBIA","","","","","","","","","","","","","","","","","","","","","","","","","","","","","1","","BD_ICV_2023"
"2023","Febrero","2023-02-07","ATLÁNTICO","PUERTO COLOMBIA","","","","","","","","","","","","","","","","","","","","","","","","","","","","","2","","BD_ICV_2023"
"2023","Marzo","2023-03-08","ATLÁNTICO","PUERTO COLOMBIA","","","","","","","","","","","","","","","","","","","","","","","","","","","","","1","","BD_ICV_2023"
"2023","Marzo","2023-03-03","ATLÁNTICO","REPELON","","","","","","","","","","","","","","","","","","","","","","","","","","","","","15","","BD_ICV_2023"
"2023","Febrero","2023-02-14","ATLÁNTICO","SABANAGRANDE","","","","","","","","","","","","","","","","","","","","","","","","","","","","","0.5","","BD_ICV_2023"
"2023","Febrero","2023-02-16","ATLÁNTICO","SABANAGRANDE","","","","","","","","","","","","","","","","","","","","","","","","","","","","","1","","BD_ICV_2023"
"2023","Febrero","2023-02-26","ATLÁNTICO","SABANAGRANDE","","","","","","","","","","","","","","","","","","","","","","","","","","","","","0.5","","BD_ICV_2023"
"2023","Marzo","2023-03-05","ATLÁNTICO","SABANAGRANDE","","","","","","","","","","","","","","","","","","","","","","","","","","","","","0.5","","BD_ICV_2023"
"2023","Marzo","2023-03-07","ATLÁNTICO","SABANAGRANDE","","","","","","","","","","","","","","","","","","","","","","","","","","","","","0.5","","BD_ICV_2023"
"2023","Marzo","2023-03-09","ATLÁNTICO","SABANAGRANDE","","","","","","","","","","","","","","","","","","","","","","","","","","","","","1","","BD_ICV_2023"
"2023","Enero","2023-01-29","ATLÁNTICO","SABANALARGA","","","","","","","","","","","","","","","","","","","","","","","","","","","","","1","","BD_ICV_2023"
"2023","Enero","2023-01-30","ATLÁNTICO","SABANALARGA","","","","","","","","","","","","","","","","","","","","","","","","","","","","","0.5","","BD_ICV_2023"
"2023","Enero","2023-01-31","ATLÁNTICO","SABANALARGA","","","","","","","","","","","","","","","","","","","","","","","","","","","","","7","","BD_ICV_2023"
"2023","Enero","2023-01-31","ATLÁNTICO","SABANALARGA","","","","","","","","","","","","","","","","","","","","","","","","","","","","","1","","BD_ICV_2023"
"2023","Enero","2023-01-31","ATLÁNTICO","SABANALARGA","","","","","","","","","","","","","","","","","","","","","","","","","","","","","1","","BD_ICV_2023"
"2023","Febrero","2023-02-07","ATLÁNTICO","SABANALARGA","","","","","","","","","","","","","","","","","","","","","","","","","","","","","7","","BD_ICV_2023"
"2023","Febrero","2023-02-07","ATLÁNTICO","SABANALARGA","","","","","","","","","","","","","","","","","","","","","","","","","","","","","0.5","","BD_ICV_2023"
"2023","Febrero","2023-02-09","ATLÁNTICO","SABANALARGA","","","","","","","","","","","","","","","","","","","","","","","","","","","","","4","","BD_ICV_2023"
"2023","Febrero","2023-02-13","ATLÁNTICO","SABANALARGA","","","","","","","","","","","","","","","","","","","","","","","","","","","","","2","","BD_ICV_2023"
"2023","Febrero","2023-02-16","ATLÁNTICO","SABANALARGA","","","","","","","","","","","","","","","","","","","","","","","","","","","","","1","","BD_ICV_2023"
"2023","Febrero","2023-02-18","ATLÁNTICO","SABANALARGA","","","","","","","","","","","","","","","","","","","","","","","","","","","","","1","","BD_ICV_2023"
"2023","Febrero","2023-02-22","ATLÁNTICO","SABANALARGA","","","","","","","","","","","","","","","","","","","","","","","","","","","","","4","","BD_ICV_2023"
"2023","Febrero","2023-02-25","ATLÁNTICO","SABANALARGA","","","","","","","","","","","","","","","","","","","","","","","","","","","","","2","","BD_ICV_2023"
"2023","Febrero","2023-02-25","ATLÁNTICO","SABANALARGA","","","","","","","","","","","","","","","","","","","","","","","","","","","","","1","","BD_ICV_2023"
"2023","Febrero","2023-02-28","ATLÁNTICO","SABANALARGA","","","","","","","","","","","","","","","","","","","","","","","","","","","","","0.5","","BD_ICV_2023"
"2023","Febrero","2023-02-28","ATLÁNTICO","SABANALARGA","","","","","","","","","","","","","","","","","","","","","","","","","","","","","0.5","","BD_ICV_2023"
"2023","Marzo","2023-03-02","ATLÁNTICO","SABANALARGA","","","","","","","","","","","","","","","","","","","","","","","","","","","","","0.5","","BD_ICV_2023"
"2023","Marzo","2023-03-04","ATLÁNTICO","SABANALARGA","","","","","","","","","","","","","","","","","","","","","","","","","","","","","0.5","","BD_ICV_2023"
"2023","Marzo","2023-03-11","ATLÁNTICO","SABANALARGA","","","","","","","","","","","","","","","","","","","","","","","","","","","","","2","","BD_ICV_2023"
"2023","Enero","2023-01-16","ATLÁNTICO","SANTA LUCIA","","","","","","","","","","","","","","","","","","","","","","","","","","","","","0.5","","BD_ICV_2023"
"2023","Febrero","2023-02-17","ATLÁNTICO","SANTA LUCIA","","","","","","","","","","","","","","","","","","","","","","","","","","","","","1","","BD_ICV_2023"
"2023","Febrero","2023-02-12","ATLÁNTICO","SANTO TOMAS","","","","","","","","","","","","","","","","","","","","","","","","","","","","","0.5","","BD_ICV_2023"
"2023","Febrero","2023-02-25","ATLÁNTICO","SANTO TOMAS","","","","","","","","","","","","","","","","","","","","","","","","","","","","","0.5","","BD_ICV_2023"
"2023","Marzo","2023-03-06","ATLÁNTICO","SANTO TOMAS","","","","","","","","","","","","","","","","","","","","","","","","","","","","","2","","BD_ICV_2023"
"2023","Marzo","2023-03-15","ATLÁNTICO","SANTO TOMAS","","","","","","","","","","","","","","","","","","","","","","","","","","","","","8","","BD_ICV_2023"
"2023","Enero","2023-01-19","ATLÁNTICO","SOLEDAD","","","","","","","","","","","","","","","","","","","","","","","","","","","","","0.5","","BD_ICV_2023"
"2023","Enero","2023-01-21","ATLÁNTICO","SOLEDAD","","","","","","","","","","","","","","","","","","","","","","","","","","","","","0.5","","BD_ICV_2023"
"2023","Enero","2023-01-21","ATLÁNTICO","SOLEDAD","","","","","","","","","","","","","","","","","","","","","","","","","","","","","0.5","","BD_ICV_2023"
"2023","Enero","2023-01-22","ATLÁNTICO","SOLEDAD","","","","","","","","","","","","","","","","","","","","","","","","","","","","","0.5","","BD_ICV_2023"
"2023","Enero","2023-01-28","ATLÁNTICO","SOLEDAD","","","","","","","","","","","","","","","","","","","","","","","","","","","","","0.5","","BD_ICV_2023"
"2023","Febrero","2023-02-06","ATLÁNTICO","SOLEDAD","","","","","","","","","","","","","","","","","","","","","","","","","","","","","0.5","","BD_ICV_2023"
"2023","Febrero","2023-02-12","ATLÁNTICO","SOLEDAD","","","","","","","","","","","","","","","","","","","","","","","","","","","","","0.5","","BD_ICV_2023"
"2023","Febrero","2023-02-15","ATLÁNTICO","SOLEDAD","","","","","","","","","","","","","","","","","","","","","","","","","","","","","0.5","","BD_ICV_2023"
"2023","Febrero","2023-02-16","ATLÁNTICO","SOLEDAD","","","","","","","","","","","","","","","","","","","","","","","","","","","","","0.5","","BD_ICV_2023"
"2023","Febrero","2023-02-17","ATLÁNTICO","SOLEDAD","","","","","","","","","","","","","","","","","","","","","","","","","","","","","0.5","","BD_ICV_2023"
"2023","Febrero","2023-02-18","ATLÁNTICO","SOLEDAD","","","","","","","","","","","","","","","","","","","","","","","","","","","","","0.5","","BD_ICV_2023"
"2023","Febrero","2023-02-24","ATLÁNTICO","SOLEDAD","","","","","","","","","","","","","","","","","","","","","","","","","","","","","0.5","","BD_ICV_2023"
"2023","Marzo","2023-03-01","ATLÁNTICO","SOLEDAD","","","","","","","","","","","","","","","","","","","","","","","","","","","","","0.5","","BD_ICV_2023"
"2023","Marzo","2023-03-06","ATLÁNTICO","SOLEDAD","","","","","","","","","","","","","","","","","","","","","","","","","","","","","0.5","","BD_ICV_2023"
"2023","Marzo","2023-03-12","ATLÁNTICO","SOLEDAD","","","","","","","","","","","","","","","","","","","","","","","","","","","","","0.5","","BD_ICV_2023"
"2023","Enero","2023-01-27","BOGOTÁ, D.C.","BOGOTÁ, D.C.","","","","","","","","","","","","","","","","","","","","","","","","","","","","","0.02","","BD_ICV_2023"
"2023","Enero","2023-01-29","BOGOTÁ, D.C.","BOGOTÁ, D.C.","Moralba - San Cristóbal","","","","","","","","","","","","","","","","","","","","","","","","","","","","0.17","","BD_ICV_2023"
"2023","Febrero","2023-02-02","BOGOTÁ, D.C.","BOGOTÁ, D.C.","VEREDA HOYA DE TEUSACA","Bosque Oriental de Bogota","","","","","","","","","","","","","","","","","","","","","","","","","","","3.08","","BD_ICV_2023"
"2023","Febrero","2023-02-02","BOGOTÁ, D.C.","BOGOTÁ, D.C.","","","","","","","","","","","","","","","","","","","","","","","","","","","","","0.5","","BD_ICV_2023"
"2023","Febrero","2023-02-27","BOGOTÁ, D.C.","BOGOTÁ, D.C.","Quindío - San Cristóbal","","","","","","","","","","","","","","","","","","","","","","","","","","","","0.8","","BD_ICV_2023"
"2023","Abril","2023-04-09","BOGOTÁ, D.C.","BOGOTÁ, D.C.","vereda Mochuelo II - Localidad Ciudad Bolivar","","","","","","","","","","","","","","","","","","","","","","","","","","","","0.3","","BD_ICV_2023"
"2023","Abril","2023-04-11","BOGOTÁ, D.C.","BOGOTÁ, D.C.","Cerros de Oriente - Rafael Uribe Uribe","","","","","","","","","","","","","","","","","","","","","","","","","","","","0.45","","BD_ICV_2023"
"2023","Abril","2023-04-11","BOGOTÁ, D.C.","BOGOTÁ, D.C.","Moralba - San Cristóbal","","","","","","","","","","","","","","","","","","","","","","","","","","","","0.36","","BD_ICV_2023"
"2023","Mayo","2023-05-06","BOGOTÁ, D.C.","BOGOTÁ, D.C.","","","","","","","","","","","","","","","","","","","","","","","","","","","","","1","","BD_ICV_2023"
"2023","Junio","2023-06-15","BOGOTÁ, D.C.","BOGOTÁ, D.C.","CIUDAD BOLÍVAR RURAL","","","","","","","","","","","","","","","","","","","","","","","","","","","","4.55","","BD_ICV_2023"
"2023","Junio","2023-06-28","BOGOTÁ, D.C.","BOGOTÁ, D.C.","San Bernardino XXV","","","","","","","","","","","","","","","","","","","","","","","","","","","","1.68","","BD_ICV_2023"
"2023","Junio","2023-06-28","BOGOTÁ, D.C.","BOGOTÁ, D.C.","NUEVO MUZU","","","","","","","","","","","","","","","","","","","","","","","","","","","","0.05","","BD_ICV_2023"
"2023","Agosto","2023-08-01","BOGOTÁ, D.C.","BOGOTÁ, D.C.","VILLA ANNY I Y II - Reserva Distrital de Humedal Tibanica","","","","","","","","","","","","","","","","","","","","","","","","","","","","0.78","","BD_ICV_2023"
"2023","Agosto","2023-08-08","BOGOTÁ, D.C.","BOGOTÁ, D.C.","Sierra Morena II / Ismael Perdomo","","","","","","","","","","","","","","","","","","","","","","","","","","","","0.43","","BD_ICV_2023"
"2023","Agosto","2023-08-12","BOGOTÁ, D.C.","BOGOTÁ, D.C.","VILLA ANNY I Y II - Reserva Distrital de Humedal Tibanica","","","","","","","","","","","","","","","","","","","","","","","","","","","","1.9","","BD_ICV_2023"
"2023","Agosto","2023-08-13","BOGOTÁ, D.C.","BOGOTÁ, D.C.","VEREDA SAN BERNARDINO,LOCALIDAD DE BOSA, SECTOR LAS MERCEDES, BOGOTA RURAL","","","","","","","","","","","","","","","","","","","","","","","","","","","","8.02","","BD_ICV_2023"
"2023","Agosto","2023-08-14","BOGOTÁ, D.C.","BOGOTÁ, D.C.","Entrenubes - Cuchilla Guacamayas - Cerros de Oriente","","","","","","","","","","","","","","","","","","","","","","","","","","","","0.22","","BD_ICV_2023"
"2023","Agosto","2023-08-16","BOGOTÁ, D.C.","BOGOTÁ, D.C.","OSORIO XII","","","","","","","","","","","","","","","","","","","","","","","","","","","","2.2400000000000002","","BD_ICV_2023"
"2023","Agosto","2023-08-24","BOGOTÁ, D.C.","BOGOTÁ, D.C.","Tibaque - San Cristóbal","","","","","","","","","","","","","","","","","","","","","","","","","","","","0.98","","BD_ICV_2023"
"2023","Agosto","2023-08-27","BOGOTÁ, D.C.","BOGOTÁ, D.C.","La Magdalena - Kennedy","","","","","","","","","","","","","","","","","","","","","","","","","","","","0.63","","BD_ICV_2023"
"2023","Agosto","2023-08-29","BOGOTÁ, D.C.","BOGOTÁ, D.C.","EL MIRADOR - Ciudad Bolívar","","","","","","","","","","","","","","","","","","","","","","","","","","","","1.1200000000000001","","BD_ICV_2023"
"2023","Agosto","2023-08-29","BOGOTÁ, D.C.","BOGOTÁ, D.C.","LOCALIDAD DE  CHAPINERO VEREDA CASCO URBANO _ LA ESPERANZA NORORIENTAL","","","","","","","","","","","","","","","","","","","","","","","","","","","","0.1","","BD_ICV_2023"
"2023","Agosto","2023-08-30","BOGOTÁ, D.C.","BOGOTÁ, D.C.","Entrenubes - Cuchilla Guacamayas - Cerros de Oriente - Rafael Uribe Uribe - San Cristóbal","","","","","","","","","","","","","","","","","","","","","","","","","","","","0.3","","BD_ICV_2023"
"2023","Septiembre","2023-09-06","BOGOTÁ, D.C.","BOGOTÁ, D.C.","QUIBA BAJO - CIUDAD BOLÍVAR","","","","","","","","","","","","","","","","","","","","","","","","","","","","1.27","","BD_ICV_2023"
"2023","Septiembre","2023-09-06","BOGOTÁ, D.C.","BOGOTÁ, D.C.","Cañaveralejo - Bosa","","","","","","","","","","","","","","","","","","","","","","","","","","","","0.43","","BD_ICV_2023"
"2023","Septiembre","2023-09-09","BOGOTÁ, D.C.","BOGOTÁ, D.C.","Ciudad Bolívar - Cerro Colorado","","","","","","","","","","","","","","","","","","","","","","","","","","","","1.66","","BD_ICV_2023"
"2023","Septiembre","2023-09-09","BOGOTÁ, D.C.","BOGOTÁ, D.C.","Ciudad Bolívar - Bella Flor","","","","","","","","","","","","","","","","","","","","","","","","","","","","0.36","","BD_ICV_2023"
"2023","Septiembre","2023-09-11","BOGOTÁ, D.C.","BOGOTÁ, D.C.","Ciudad Bolívar - Mochuelo Oriental","","","","","","","","","","","","","","","","","","","","","","","","","","","","0.71","","BD_ICV_2023"
"2023","Septiembre","2023-09-11","BOGOTÁ, D.C.","BOGOTÁ, D.C.","","","","","","","","","","","","","","","","","","","","","","","","","","","","","1","","BD_ICV_2023"
"2023","Septiembre","2023-09-13","BOGOTÁ, D.C.","BOGOTÁ, D.C.","Ciudad Bolívar - Arborizadora Alta - Parque de borde Cerro Seco","","","","","","","","","","","","","","","","","","","","","","","","","","","","1.47","","BD_ICV_2023"
"2023","Septiembre","2023-09-18","BOGOTÁ, D.C.","BOGOTÁ, D.C.","Ciudad Bolívar - ATLANTA - HUMEDAL EL TUNJO","","","","","","","","","","","","","","","","","","","","","","","","","","","","0.22","","BD_ICV_2023"
"2023","Septiembre","2023-09-21","BOGOTÁ, D.C.","BOGOTÁ, D.C.","Ciudad Bolívar - Casa de Teja","","","","","","","","","","","","","","","","","","","","","","","","","","","","0.16","","BD_ICV_2023"
"2023","Septiembre","2023-09-26","BOGOTÁ, D.C.","BOGOTÁ, D.C.","Rafael Uribe Uribe - Entrenubes - Cuchilla Guacamayas - Cerros de Oriente","","","","","","","","","","","","","","","","","","","","","","","","","","","","0.12","","BD_ICV_2023"
"2023","Septiembre","2023-09-30","BOGOTÁ, D.C.","BOGOTÁ, D.C.","","","","","","","","","","","","","","","","","","","","","","","","","","","","","1","","BD_ICV_2023"
"2023","Octubre","2023-10-03","BOGOTÁ, D.C.","BOGOTÁ, D.C.","VEREDA PARQUE NACIONAL ORIENTAL LOCALIDAD SANTA FE CERRO DE LA VIGA","Bosque Oriental de Bogota","","","","","","","","","","","","","","","","","","","","","","","","","","","5.12","","BD_ICV_2023"
"2023","Octubre","2023-10-03","BOGOTÁ, D.C.","BOGOTÁ, D.C.","","","","","","","","","","","","","","","","","","","","","","","","","","","","","4","","BD_ICV_2023"
"2023","Octubre","2023-10-09","BOGOTÁ, D.C.","BOGOTÁ, D.C.","","","","","","","","","","","","","","","","","","","","","","","","","","","","","0.5","","BD_ICV_2023"
"2023","Octubre","2023-10-11","BOGOTÁ, D.C.","BOGOTÁ, D.C.","Ciudad Bolívar - EL MOCHUELO ORIENTAL","","","","","","","","","","","","","","","","","","","","","","","","","","","","0.25","","BD_ICV_2023"
"2023","Octubre","2023-10-15","BOGOTÁ, D.C.","BOGOTÁ, D.C.","Usme - EL MOCHUELO ORIENTAL","","","","","","","","","","","","","","","","","","","","","","","","","","","","1.49","","BD_ICV_2023"
"2023","Octubre","2023-10-17","BOGOTÁ, D.C.","BOGOTÁ, D.C.","cIUDAD bOLÍVAR - Arborizadora Alta - Cerro Seco","","","","","","","","","","","","","","","","","","","","","","","","","","","","2.74","","BD_ICV_2023"
"2023","Octubre","2023-10-19","BOGOTÁ, D.C.","BOGOTÁ, D.C.","","","","","","","","","","","","","","","","","","","","","","","","","","","","","0.5","","BD_ICV_2023"
"2023","Octubre","2023-10-20","BOGOTÁ, D.C.","BOGOTÁ, D.C.","","","","","","","","","","","","","","","","","","","","","","","","","","","","","1","","BD_ICV_2023"
"2023","Octubre","2023-10-21","BOGOTÁ, D.C.","BOGOTÁ, D.C.","Ciudad Bolívar - El Mirador - Villa Gloria","","","","","","","","","","","","","","","","","","","","","","","","","","","","1.1200000000000001","","BD_ICV_2023"
"2023","Diciembre","2023-12-04","BOGOTÁ, D.C.","BOGOTÁ, D.C.","Tunjuelito - Batallón de Artillería","","","","","","","","","","","","","","","","","","","","","","","","","","","","4.2300000000000004","","BD_ICV_2023"
"2023","Diciembre","2023-12-07","BOGOTÁ, D.C.","BOGOTÁ, D.C.","","","","","","","","","","","","","","","","","","","","","","","","","","","","","10","","BD_ICV_2023"
"2023","Diciembre","2023-12-12","BOGOTÁ, D.C.","BOGOTÁ, D.C.","Tunjuelito - Reserva Distrital de Humedal El Tunjo - Nuevo Muzu","","","","","","","","","","","","","","","","","","","","","","","","","","","","0.42","","BD_ICV_2023"
"2023","Diciembre","2023-12-13","BOGOTÁ, D.C.","BOGOTÁ, D.C.","","","","","","","","","","","","","","","","","","","","","","","","","","","","","1","","BD_ICV_2023"
"2023","Diciembre","2023-12-14","BOGOTÁ, D.C.","BOGOTÁ, D.C.","Rafael Uribe Uribe - Arboleda Sur","","","","","","","","","","","","","","","","","","","","","","","","","","","","0.51","","BD_ICV_2023"
"2023","Diciembre","2023-12-23","BOGOTÁ, D.C.","BOGOTÁ, D.C.","Tunjuelito - Batallón de Artillería","","","","","","","","","","","","","","","","","","","","","","","","","","","","0.83","","BD_ICV_2023"
"2023","Enero","2023-01-31","BOLÍVAR","CARTAGENA","","","","","","","","","","","","","","","","","","","","","","","","","","","","","2","","BD_ICV_2023"
"2023","Marzo","2023-03-11","BOLÍVAR","CARTAGENA","","","","","","","","","","","","","","","","","","","","","","","","","","","","","80","","BD_ICV_2023"
"2023","Enero","2023-01-01","BOLÍVAR","EL CARMEN DE BOLÍVAR","","","","","","","","","","","","","","","","","","","","","","","","","","","","","1","","BD_ICV_2023"
"2023","Enero","2023-01-21","BOLÍVAR","EL CARMEN DE BOLÍVAR","","","","","","","","","","","","","","","","","","","","","","","","","","","","","1","","BD_ICV_2023"
"2023","Enero","2023-01-26","BOLÍVAR","EL CARMEN DE BOLÍVAR","","","","","","","","","","","","","","","","","","","","","","","","","","","","","1","","BD_ICV_2023"
"2023","Enero","2023-01-27","BOLÍVAR","EL CARMEN DE BOLÍVAR","","","","","","","","","","","","","","","","","","","","","","","","","","","","","3","","BD_ICV_2023"
"2023","Enero","2023-01-27","BOLÍVAR","EL CARMEN DE BOLÍVAR","","","","","","","","","","","","","","","","","","","","","","","","","","","","","1","","BD_ICV_2023"
"2023","Enero","2023-01-28","BOLÍVAR","EL CARMEN DE BOLÍVAR","","","","","","","","","","","","","","","","","","","","","","","","","","","","","4","","BD_ICV_2023"
"2023","Enero","2023-01-28","BOLÍVAR","EL CARMEN DE BOLÍVAR","","","","","","","","","","","","","","","","","","","","","","","","","","","","","1","","BD_ICV_2023"
"2023","Febrero","2023-02-01","BOLÍVAR","EL CARMEN DE BOLÍVAR","","","","","","","","","","","","","","","","","","","","","","","","","","","","","2","","BD_ICV_2023"
"2023","Febrero","2023-02-02","BOLÍVAR","MAHATES","","","","","","","","","","","","","","","","","","","","","","","","","","","","","1","","BD_ICV_2023"
"2023","Marzo","2023-03-10","BOLÍVAR","MOMPÓS","","","","","","","","","","","","","","","","","","","","","","","","","","","","","0.5","","BD_ICV_2023"
"2023","Febrero","2023-02-23","BOLÍVAR","SAN JUAN NEPOMUCENO","","","","","","","","","","","","","","","","","","","","","","","","","","","","","2","","BD_ICV_2023"
"2023","Marzo","2023-03-10","BOLÍVAR","SAN JUAN NEPOMUCENO","","","","","","","","","","","","","","","","","","","","","","","","","","","","","5","","BD_ICV_2023"
"2023","Abril","2023-04-03","BOLÍVAR","SAN JUAN NEPOMUCENO","","","","","","","","","","","","","","","","","","","","","","","","","","","","","2","","BD_ICV_2023"
"2023","Febrero","2023-02-28","BOLÍVAR","SAN PABLO","","","","","","","","","","","","","","","","","","","","","","","","","","","","","14","","BD_ICV_2023"
"2023","Enero","2023-01-01","BOLÍVAR","TURBACO","","","","","","","","","","","","","","","","","","","","","","","","","","","","","0.5","","BD_ICV_2023"
"2023","Febrero","2023-02-14","BOLÍVAR","TURBANA","","","","","","","","","","","","","","","","","","","","","","","","","","","","","1","","BD_ICV_2023"
"2023","Febrero","2023-02-15","BOLÍVAR","TURBANA","","","","","","","","","","","","","","","","","","","","","","","","","","","","","2","","BD_ICV_2023"
"2023","Febrero","2023-02-28","BOLÍVAR","TURBANA","","","","","","","","","","","","","","","","","","","","","","","","","","","","","0.5","","BD_ICV_2023"
"2023","Marzo","2023-03-10","BOLÍVAR","TURBANA","","","","","","","","","","","","","","","","","","","","","","","","","","","","","1","","BD_ICV_2023"
"2023","Febrero","2023-02-06","BOYACÁ","ALMEIDA","","","","","","","","","","","","","","","","","","","","","","","","","","","","","5","","BD_ICV_2023"
"2023","Febrero","2023-02-06","BOYACÁ","ALMEIDA","vereda Tona","","","","","","","","","","","","","","","","","","","","","","","","","","","","1.86","","BD_ICV_2023"
"2023","Febrero","2023-02-06","BOYACÁ","ALMEIDA","vereda Yavir","","","","","","","","","","","","","","","","","","","","","","","","","","","","1.84","","BD_ICV_2023"
"2023","Febrero","2023-02-08","BOYACÁ","ALMEIDA","","","","","","","","","","","","","","","","","","","","","","","","","","","","","1","","BD_ICV_2023"
"2023","Enero","2023-01-23","BOYACÁ","AQUITANIA","","","","","","","","","","","","","","","","","","","","","","","","","","","","","1","","BD_ICV_2023"
"2023","Enero","2023-01-27","BOYACÁ","AQUITANIA","","","","","","","","","","","","","","","","","","","","","","","","","","","","","1","","BD_ICV_2023"
"2023","Febrero","2023-02-09","BOYACÁ","AQUITANIA","","","","","","","","","","","","","","","","","","","","","","","","","","","","","1","","BD_ICV_2023"
"2023","Febrero","2023-02-19","BOYACÁ","AQUITANIA","SUSE","","","","","","","","","","","","","","","","","","","","","","","","","","","","0.71","","BD_ICV_2023"
"2023","Septiembre","2023-09-28","BOYACÁ","ARCABUCO","","","","","","","","","","","","","","","","","","","","","","","","","","","","","150","","BD_ICV_2023"
"2023","Septiembre","2023-09-28","BOYACÁ","ARCABUCO","RUPATIVA","El Valle","","","","","","","","","","","","","","","","","","","","","","","","","","","578.87","","BD_ICV_2023"
"2023","Febrero","2023-02-01","BOYACÁ","BETÉITIVA","","","","","","","","","","","","","","","","","","","","","","","","","","","","","12","","BD_ICV_2023"
"2023","Febrero","2023-02-24","BOYACÁ","BOAVITA","","","","","","","","","","","","","","","","","","","","","","","","","","","","","40","","BD_ICV_2023"
"2023","Mayo","2023-05-04","BOYACÁ","BOAVITA","","","","","","","","","","","","","","","","","","","","","","","","","","","","","1","","BD_ICV_2023"
"2023","Octubre","2023-10-01","BOYACÁ","BOAVITA","","","","","","","","","","","","","","","","","","","","","","","","","","","","","6","","BD_ICV_2023"
"2023","Enero","2023-01-21","BOYACÁ","BOYACÁ","","","","","","","","","","","","","","","","","","","","","","","","","","","","","1","","BD_ICV_2023"
"2023","Febrero","2023-02-03","BOYACÁ","BOYACÁ","","","","","","","","","","","","","","","","","","","","","","","","","","","","","2","","BD_ICV_2023"
"2023","Diciembre","2023-12-03","BOYACÁ","CHINAVITA","","","","","","","","","","","","","","","","","","","","","","","","","","","","","1","","BD_ICV_2023"
"2023","Septiembre","2023-09-21","BOYACÁ","CHIQUINQUIRÁ","VEREDA MOYABITA","Paramos de Telecom y Merchan","","","","","","","","","","","","","","","","","","","","","","","","","","","3.9","","BD_ICV_2023"
"2023","Septiembre","2023-09-22","BOYACÁ","CHIQUIZA","","","","","","","","","","","","","","","","","","","","","","","","","","","","","3","","BD_ICV_2023"
"2023","Diciembre","2023-12-08","BOYACÁ","CHIQUIZA","","","","","","","","","","","","","","","","","","","","","","","","","","","","","20","","BD_ICV_2023"
"2023","Enero","2023-01-29","BOYACÁ","CHISCAS","","","","","","","","","","","","","","","","","","","","","","","","","","","","","0.5","","BD_ICV_2023"
"2023","Enero","2023-01-24","BOYACÁ","CHITARAQUE","CAPITA Y VILLABONA","","","","","","","","","","","","","","","","","","","","","","","","","","","","8.59","","BD_ICV_2023"
"2023","Enero","2023-01-24","BOYACÁ","CHITARAQUE","CAPITA Y VILLABONA","","","","","","","","","","","","","","","","","","","","","","","","","","","","2.44","","BD_ICV_2023"
"2023","Septiembre","2023-09-28","BOYACÁ","COMBITA","","","","","","","","","","","","","","","","","","","","","","","","","","","","","0.5","","BD_ICV_2023"
"2023","Diciembre","2023-12-12","BOYACÁ","CUITIVA","","","","","","","","","","","","","","","","","","","","","","","","","","","","","4","","BD_ICV_2023"
"2023","Julio","2023-07-31","BOYACÁ","DUITAMA","","","","","","","","","","","","","","","","","","","","","","","","","","","","","3","","BD_ICV_2023"
"2023","Agosto","2023-08-27","BOYACÁ","DUITAMA","SAN ANTONIO NORTE","Guantiva - La Rusia","","","","","","","","","","","","","","","","","","","","","","","","","","","2.16","","BD_ICV_2023"
"2023","Septiembre","2023-09-22","BOYACÁ","DUITAMA","SANTA ANA","Guantiva - La Rusia","","","","","","","","","","","","","","","","","","","","","","","","","","","2.94","","BD_ICV_2023"
"2023","Enero","2023-01-26","BOYACÁ","EL ESPINO","","","","","","","","","","","","","","","","","","","","","","","","","","","","","1","","BD_ICV_2023"
"2023","Febrero","2023-02-23","BOYACÁ","FIRAVITOBA","","","","","","","","","","","","","","","","","","","","","","","","","","","","","1","","BD_ICV_2023"
"2023","Febrero","2023-02-04","BOYACÁ","FLORESTA","","","","","","","","","","","","","","","","","","","","","","","","","","","","","2.5","","BD_ICV_2023"
"2023","Febrero","2023-02-10","BOYACÁ","FLORESTA","","","","","","","","","","","","","","","","","","","","","","","","","","","","","2","","BD_ICV_2023"
"2023","Febrero","2023-02-10","BOYACÁ","FLORESTA","BARRANCAS","","","","","","","","","","","","","","","","","","","","","","","","","","","","0.6","","BD_ICV_2023"
"2023","Febrero","2023-02-26","BOYACÁ","GÁMEZA","","","","","","","","","","","","","","","","","","","","","","","","","","","","","0.5","","BD_ICV_2023"
"2023","Febrero","2023-02-26","BOYACÁ","GARAGOA","","","","","","","","","","","","","","","","","","","","","","","","","","","","","8","","BD_ICV_2023"
"2023","Enero","2023-01-19","BOYACÁ","GUATEQUE","","","","","","","","","","","","","","","","","","","","","","","","","","","","","48","","BD_ICV_2023"
"2023","Enero","2023-01-19","BOYACÁ","GUATEQUE","","","","","","","","","","","","","","","","","","","","","","","","","","","","","15","","BD_ICV_2023"
"2023","Enero","2023-01-19","BOYACÁ","GUATEQUE","UBAJUCA","","","","","","","","","","","","","","","","","","","","","","","","","","","","37.229999999999997","","BD_ICV_2023"
"2023","Febrero","2023-02-02","BOYACÁ","GUATEQUE","","","","","","","","","","","","","","","","","","","","","","","","","","","","","15","","BD_ICV_2023"
"2023","Febrero","2023-02-08","BOYACÁ","GUATEQUE","","","","","","","","","","","","","","","","","","","","","","","","","","","","","2","","BD_ICV_2023"
"2023","Febrero","2023-02-25","BOYACÁ","GUATEQUE","","","","","","","","","","","","","","","","","","","","","","","","","","","","","1","","BD_ICV_2023"
"2023","Febrero","2023-02-25","BOYACÁ","GUATEQUE","","","","","","","","","","","","","","","","","","","","","","","","","","","","","1","","BD_ICV_2023"
"2023","Febrero","2023-02-02","BOYACÁ","GUICÁN","","","","","","","","","","","","","","","","","","","","","","","","","","","","","0.5","","BD_ICV_2023"
"2023","Febrero","2023-02-15","BOYACÁ","IZA","AGUA CALIENTE","","","","","","","","","","","","","","","","","","","","","","","","","","","","2.87","","BD_ICV_2023"
"2023","Septiembre","2023-09-03","BOYACÁ","IZA","","","","","","","","","","","","","","","","","","","","","","","","","","","","","1","","BD_ICV_2023"
"2023","Febrero","2023-02-12","BOYACÁ","JENESANO","","","","","","","","","","","","","","","","","","","","","","","","","","","","","8","","BD_ICV_2023"
"2023","Enero","2023-01-19","BOYACÁ","LABRANZAGRANDE","","","","","","","","","","","","","","","","","","","","","","","","","","","","","0.5","","BD_ICV_2023"
"2023","Febrero","2023-02-08","BOYACÁ","LABRANZAGRANDE","","","","","","","","","","","","","","","","","","","","","","","","","","","","","0.5","","BD_ICV_2023"
"2023","Febrero","2023-02-25","BOYACÁ","LABRANZAGRANDE","","","","","","","","","","","","","","","","","","","","","","","","","","","","","10","","BD_ICV_2023"
"2023","Febrero","2023-02-23","BOYACÁ","MACANAL","","","","","","","","","","","","","","","","","","","","","","","","","","","","","3","","BD_ICV_2023"
"2023","Enero","2023-01-02","BOYACÁ","NUEVO COLÓN","","","","","","","","","","","","","","","","","","","","","","","","","","","","","0.5","","BD_ICV_2023"
"2023","Enero","2023-01-25","BOYACÁ","NUEVO COLÓN","","","","","","","","","","","","","","","","","","","","","","","","","","","","","5","","BD_ICV_2023"
"2023","Enero","2023-01-28","BOYACÁ","NUEVO COLÓN","","","","","","","","","","","","","","","","","","","","","","","","","","","","","9","","BD_ICV_2023"
"2023","Febrero","2023-02-04","BOYACÁ","NUEVO COLÓN","","","","","","","","","","","","","","","","","","","","","","","","","","","","","1","","BD_ICV_2023"
"2023","Febrero","2023-02-26","BOYACÁ","NUEVO COLÓN","","","","","","","","","","","","","","","","","","","","","","","","","","","","","0.5","","BD_ICV_2023"
"2023","Enero","2023-01-27","BOYACÁ","PAIPA","","","","","","","","","","","","","","","","","","","","","","","","","","","","","1","","BD_ICV_2023"
"2023","Febrero","2023-02-05","BOYACÁ","PAIPA","","","","","","","","","","","","","","","","","","","","","","","","","","","","","3","","BD_ICV_2023"
"2023","Agosto","2023-08-31","BOYACÁ","PAIPA","","","","","","","","","","","","","","","","","","","","","","","","","","","","","5","","BD_ICV_2023"
"2023","Septiembre","2023-09-06","BOYACÁ","PAIPA","PALERMO - GUACAMAYAS","","","","","","","","","","","","","","","","","","","","","","","","","","","","92.43","","BD_ICV_2023"
"2023","Febrero","2023-02-27","BOYACÁ","PAJARITO","","","","","","","","","","","","","","","","","","","","","","","","","","","","","0.5","","BD_ICV_2023"
"2023","Enero","2023-01-30","BOYACÁ","PAZ DE RIO","","","","","","","","","","","","","","","","","","","","","","","","","","","","","10","","BD_ICV_2023"
"2023","Enero","2023-01-24","BOYACÁ","PESCA","","","","","","","","","","","","","","","","","","","","","","","","","","","","","1","","BD_ICV_2023"
"2023","Enero","2023-01-26","BOYACÁ","PESCA","CARBONERA","Tota - Bijagual - Mamapacha","","","","","","","","","","","","","","","","","","","","","","","","","","","4.92","","BD_ICV_2023"
"2023","Febrero","2023-02-12","BOYACÁ","PESCA","","","","","","","","","","","","","","","","","","","","","","","","","","","","","1","","BD_ICV_2023"
"2023","Febrero","2023-02-24","BOYACÁ","PISBA","","","","","","","","","","","","","","","","","","","","","","","","","","","","","15","","BD_ICV_2023"
"2023","Febrero","2023-02-27","BOYACÁ","PUERTO BOYACÁ","","","","","","","","","","","","","","","","","","","","","","","","","","","","","1","","BD_ICV_2023"
"2023","Febrero","2023-02-04","BOYACÁ","RAMIRIQUÍ","","","","","","","","","","","","","","","","","","","","","","","","","","","","","2","","BD_ICV_2023"
"2023","Febrero","2023-02-05","BOYACÁ","RÁQUIRA","","","","","","","","","","","","","","","","","","","","","","","","","","","","","1","","BD_ICV_2023"
"2023","Febrero","2023-02-25","BOYACÁ","RÁQUIRA","","","","","","","","","","","","","","","","","","","","","","","","","","","","","1","","BD_ICV_2023"
"2023","Mayo","2023-05-07","BOYACÁ","RÁQUIRA","VEREDA TAPIAS","","","","","","","","","","","","","","","","","","","","","","","","","","","","7.29","","BD_ICV_2023"
"2023","Julio","2023-07-26","BOYACÁ","RÁQUIRA","","","","","","","","","","","","","","","","","","","","","","","","","","","","","20","","BD_ICV_2023"
"2023","Julio","2023-07-26","BOYACÁ","RÁQUIRA","vereda Casablanca ¿Sector la chorrera, alto del aire¿","","","","","","","","","","","","","","","","","","","","","","","","","","","","5.2","","BD_ICV_2023"
"2023","Septiembre","2023-09-15","BOYACÁ","RÁQUIRA","","","","","","","","","","","","","","","","","","","","","","","","","","","","","1","","BD_ICV_2023"
"2023","Octubre","2023-10-04","BOYACÁ","RÁQUIRA","","","","","","","","","","","","","","","","","","","","","","","","","","","","","14","","BD_ICV_2023"
"2023","Octubre","2023-10-18","BOYACÁ","RÁQUIRA","","","","","","","","","","","","","","","","","","","","","","","","","","","","","15","","BD_ICV_2023"
"2023","Octubre","2023-10-18","BOYACÁ","RÁQUIRA","VEREDA CANDELARIA OCCIDENTE","","","","","","","","","","","","","","","","","","","","","","","","","","","","9.02","","BD_ICV_2023"
"2023","Marzo","2023-03-06","BOYACÁ","SABOYÁ","","","","","","","","","","","","","","","","","","","","","","","","","","","","","3","","BD_ICV_2023"
"2023","Agosto","2023-08-11","BOYACÁ","SABOYÁ","VEREDA VINCULO SECTOR LLANO GRANDE","","","","","","","","","","","","","","","","","","","","","","","","","","","","1.21","","BD_ICV_2023"
"2023","Septiembre","2023-09-19","BOYACÁ","SABOYÁ","VEREDA ESCOBAL","","","","","","","","","","","","","","","","","","","","","","","","","","","","8.3000000000000007","","BD_ICV_2023"
"2023","Septiembre","2023-09-22","BOYACÁ","SABOYÁ","","","","","","","","","","","","","","","","","","","","","","","","","","","","","4","","BD_ICV_2023"
"2023","Septiembre","2023-09-22","BOYACÁ","SABOYÁ","","","","","","","","","","","","","","","","","","","","","","","","","","","","","0.5","","BD_ICV_2023"
"2023","Julio","2023-07-26","BOYACÁ","SAMACÁ","","","","","","","","","","","","","","","","","","","","","","","","","","","","","35","","BD_ICV_2023"
"2023","Octubre","2023-10-15","BOYACÁ","SAMACÁ","","","","","","","","","","","","","","","","","","","","","","","","","","","","","17","","BD_ICV_2023"
"2023","Febrero","2023-02-08","BOYACÁ","SAN EDUARDO","","","","","","","","","","","","","","","","","","","","","","","","","","","","","1","","BD_ICV_2023"
"2023","Febrero","2023-02-19","BOYACÁ","SAN MATEO","","","","","","","","","","","","","","","","","","","","","","","","","","","","","6","","BD_ICV_2023"
"2023","Septiembre","2023-09-20","BOYACÁ","SAN MATEO","","","","","","","","","","","","","","","","","","","","","","","","","","","","","0.5","","BD_ICV_2023"
"2023","Diciembre","2023-12-13","BOYACÁ","SAN MATEO","","","","","","","","","","","","","","","","","","","","","","","","","","","","","24","","BD_ICV_2023"
"2023","Febrero","2023-02-03","BOYACÁ","SAN MIGUEL DE SEMA","","","","","","","","","","","","","","","","","","","","","","","","","","","","","1","","BD_ICV_2023"
"2023","Agosto","2023-08-04","BOYACÁ","SAN MIGUEL DE SEMA","VEREDA SABANECA SECTOR EL CHARCO","","","","","","","","","","","","","","","","","","","","","","","","","","","","1.2","","BD_ICV_2023"
"2023","Febrero","2023-02-27","BOYACÁ","SANTA MARÍA","","","","","","","","","","","","","","","","","","","","","","","","","","","","","1","","BD_ICV_2023"
"2023","Agosto","2023-08-05","BOYACÁ","SANTA SOFÍA","AGUDELO ALTA","","","","","","","","","","","","","","","","","","","","","","","","","","","","2.99","","BD_ICV_2023"
"2023","Agosto","2023-08-23","BOYACÁ","SANTA SOFÍA","AGUDELO SECTOR LAVIRGEN","","","","","","","","","","","","","","","","","","","","","","","","","","","","2.25","","BD_ICV_2023"
"2023","Agosto","2023-08-31","BOYACÁ","SANTA SOFÍA","","","","","","","","","","","","","","","","","","","","","","","","","","","","","7","","BD_ICV_2023"
"2023","Agosto","2023-08-31","BOYACÁ","SANTA SOFÍA","AGUDELO","","","","","","","","","","","","","","","","","","","","","","","","","","","","1.58","","BD_ICV_2023"
"2023","Febrero","2023-02-28","BOYACÁ","SANTANA","","","","","","","","","","","","","","","","","","","","","","","","","","","","","4","","BD_ICV_2023"
"2023","Enero","2023-01-25","BOYACÁ","SATIVANORTE","","","","","","","","","","","","","","","","","","","","","","","","","","","","","1","","BD_ICV_2023"
"2023","Febrero","2023-02-03","BOYACÁ","SATIVANORTE","","","","","","","","","","","","","","","","","","","","","","","","","","","","","1","","BD_ICV_2023"
"2023","Febrero","2023-02-24","BOYACÁ","SATIVANORTE","","","","","","","","","","","","","","","","","","","","","","","","","","","","","6","","BD_ICV_2023"
"2023","Septiembre","2023-09-06","BOYACÁ","SOATÁ","","","","","","","","","","","","","","","","","","","","","","","","","","","","","3","","BD_ICV_2023"
"2023","Enero","2023-01-31","BOYACÁ","SOCHA","","","","","","","","","","","","","","","","","","","","","","","","","","","","","6.5","","BD_ICV_2023"
"2023","Enero","2023-01-31","BOYACÁ","SOCHA","","","","","","","","","","","","","","","","","","","","","","","","","","","","","3","","BD_ICV_2023"
"2023","Febrero","2023-02-03","BOYACÁ","SOGAMOSO","","","","","","","","","","","","","","","","","","","","","","","","","","","","","3","","BD_ICV_2023"
"2023","Febrero","2023-02-03","BOYACÁ","SOGAMOSO","LAS CAÑAS","Unidad Biogeografica de Siscunci Oceta","","","","","","","","","","","","","","","","","","","","","","","","","","","6.58","","BD_ICV_2023"
"2023","Febrero","2023-02-10","BOYACÁ","SOGAMOSO","LAS CAÑAS","Unidad Biogeografica de Siscunci Oceta","","","","","","","","","","","","","","","","","","","","","","","","","","","16.399999999999999","","BD_ICV_2023"
"2023","Febrero","2023-02-04","BOYACÁ","SOMONDOCO","Richa","","","","","","","","","","","","","","","","","","","","","","","","","","","","10.95","","BD_ICV_2023"
"2023","Febrero","2023-02-04","BOYACÁ","SOMONDOCO","Guaduas","","","","","","","","","","","","","","","","","","","","","","","","","","","","6.94","","BD_ICV_2023"
"2023","Febrero","2023-02-20","BOYACÁ","SOMONDOCO","","","","","","","","","","","","","","","","","","","","","","","","","","","","","0.5","","BD_ICV_2023"
"2023","Febrero","2023-02-22","BOYACÁ","SOMONDOCO","","","","","","","","","","","","","","","","","","","","","","","","","","","","","1","","BD_ICV_2023"
"2023","Febrero","2023-02-23","BOYACÁ","SOMONDOCO","","","","","","","","","","","","","","","","","","","","","","","","","","","","","9","","BD_ICV_2023"
"2023","Enero","2023-01-06","BOYACÁ","SOTAQUIRÁ","","","","","","","","","","","","","","","","","","","","","","","","","","","","","0.5","","BD_ICV_2023"
"2023","Enero","2023-01-27","BOYACÁ","SOTAQUIRÁ","","","","","","","","","","","","","","","","","","","","","","","","","","","","","0.5","","BD_ICV_2023"
"2023","Febrero","2023-02-27","BOYACÁ","SOTAQUIRÁ","","","","","","","","","","","","","","","","","","","","","","","","","","","","","129.30000000000001","","BD_ICV_2023"
"2023","Agosto","2023-08-14","BOYACÁ","SUSACÓN","","","","","","","","","","","","","","","","","","","","","","","","","","","","","4","","BD_ICV_2023"
"2023","Octubre","2023-10-04","BOYACÁ","SUTAMARCHÁN","","","","","","","","","","","","","","","","","","","","","","","","","","","","","3","","BD_ICV_2023"
"2023","Diciembre","2023-12-13","BOYACÁ","SUTAMARCHÁN","","","","","","","","","","","","","","","","","","","","","","","","","","","","","2","","BD_ICV_2023"
"2023","Febrero","2023-02-17","BOYACÁ","SUTATENZA","","","","","","","","","","","","","","","","","","","","","","","","","","","","","1","","BD_ICV_2023"
"2023","Febrero","2023-02-28","BOYACÁ","SUTATENZA","","","","","","","","","","","","","","","","","","","","","","","","","","","","","1","","BD_ICV_2023"
"2023","Febrero","2023-02-28","BOYACÁ","TENZA","","","","","","","","","","","","","","","","","","","","","","","","","","","","","1","","BD_ICV_2023"
"2023","Febrero","2023-02-25","BOYACÁ","TIBANÁ","","","","","","","","","","","","","","","","","","","","","","","","","","","","","15","","BD_ICV_2023"
"2023","Enero","2023-01-01","BOYACÁ","TIBASOSA","","","","","","","","","","","","","","","","","","","","","","","","","","","","","2","","BD_ICV_2023"
"2023","Agosto","2023-08-08","BOYACÁ","TINJACÁ","FUNZA BAJO","","","","","","","","","","","","","","","","","","","","","","","","","","","","2.91","","BD_ICV_2023"
"2023","Agosto","2023-08-08","BOYACÁ","TINJACÁ","FUNZA ALTA","","","","","","","","","","","","","","","","","","","","","","","","","","","","1.62","","BD_ICV_2023"
"2023","Septiembre","2023-09-21","BOYACÁ","TINJACÁ","","","","","","","","","","","","","","","","","","","","","","","","","","","","","7","","BD_ICV_2023"
"2023","Diciembre","2023-12-13","BOYACÁ","TINJACÁ","","","","","","","","","","","","","","","","","","","","","","","","","","","","","6","","BD_ICV_2023"
"2023","Diciembre","2023-12-13","BOYACÁ","TINJACÁ","","","","","","","","","","","","","","","","","","","","","","","","","","","","","0.5","","BD_ICV_2023"
"2023","Agosto","2023-08-11","BOYACÁ","TIPACOQUE","","","","","","","","","","","","","","","","","","","","","","","","","","","","","1","","BD_ICV_2023"
"2023","Octubre","2023-10-04","BOYACÁ","TÓPAGA","","","","","","","","","","","","","","","","","","","","","","","","","","","","","20","","BD_ICV_2023"
"2023","Enero","2023-01-30","BOYACÁ","TOTA","","","","","","","","","","","","","","","","","","","","","","","","","","","","","1000","","BD_ICV_2023"
"2023","Enero","2023-01-31","BOYACÁ","TOTA","CORALES","Tota - Bijagual - Mamapacha","","","","","","","","","","","","","","","","","","","","","","","","","","","525.72","","BD_ICV_2023"
"2023","Febrero","2023-02-02","BOYACÁ","TOTA","","","","","","","","","","","","","","","","","","","","","","","","","","","","","100","","BD_ICV_2023"
"2023","Febrero","2023-02-26","BOYACÁ","TOTA","LA PUERTA","","","","","","","","","","","","","","","","","","","","","","","","","","","","7.75","","BD_ICV_2023"
"2023","Febrero","2023-02-17","BOYACÁ","TUNJA","","","","","","","","","","","","","","","","","","","","","","","","","","","","","1","","BD_ICV_2023"
"2023","Febrero","2023-02-11","BOYACÁ","TUTA","","","","","","","","","","","","","","","","","","","","","","","","","","","","","7","","BD_ICV_2023"
"2023","Febrero","2023-02-12","BOYACÁ","TUTA","","","","","","","","","","","","","","","","","","","","","","","","","","","","","5","","BD_ICV_2023"
"2023","Febrero","2023-02-14","BOYACÁ","TUTA","","","","","","","","","","","","","","","","","","","","","","","","","","","","","1","","BD_ICV_2023"
"2023","Julio","2023-07-13","BOYACÁ","TUTAZÁ","","","","","","","","","","","","","","","","","","","","","","","","","","","","","3","","BD_ICV_2023"
"2023","Agosto","2023-08-29","BOYACÁ","TUTAZÁ","","","","","","","","","","","","","","","","","","","","","","","","","","","","","1","","BD_ICV_2023"
"2023","Febrero","2023-02-25","BOYACÁ","ÚMBITA","Bosque","Paramo de Cristales, Castillejo o Gauchaneque","","","","","","","","","","","","","","","","","","","","","","","","","","","18.2","","BD_ICV_2023"
"2023","Enero","2023-01-23","BOYACÁ","VENTAQUEMADA","Montoya","Rabanal y rÃ­o BogotÃ¡","","","","","","","","","","","","","","","","","","","","","","","","","","","0.1","","BD_ICV_2023"
"2023","Enero","2023-01-25","BOYACÁ","VENTAQUEMADA","","","","","","","","","","","","","","","","","","","","","","","","","","","","","1.5","","BD_ICV_2023"
"2023","Febrero","2023-02-13","BOYACÁ","VENTAQUEMADA","","","","","","","","","","","","","","","","","","","","","","","","","","","","","10","","BD_ICV_2023"
"2023","Febrero","2023-02-13","BOYACÁ","VENTAQUEMADA","vereda Supatá y Capellanía","","","","","","","","","","","","","","","","","","","","","","","","","","","","1.37","","BD_ICV_2023"
"2023","Agosto","2023-08-10","BOYACÁ","VILLA DE LEYVA","","","","","","","","","","","","","","","","","","","","","","","","","","","","","1.5","","BD_ICV_2023"
"2023","Agosto","2023-08-11","BOYACÁ","VILLA DE LEYVA","","","","","","","","","","","","","","","","","","","","","","","","","","","","","7","","BD_ICV_2023"
"2023","Febrero","2023-02-08","BOYACÁ","ZETAQUIRA","","","","","","","","","","","","","","","","","","","","","","","","","","","","","12","","BD_ICV_2023"
"2023","Febrero","2023-02-08","BOYACÁ","ZETAQUIRA","","","","","","","","","","","","","","","","","","","","","","","","","","","","","3","","BD_ICV_2023"
"2023","Enero","2023-01-26","CALDAS","AGUADAS","","","","","","","","","","","","","","","","","","","","","","","","","","","","","5","","BD_ICV_2023"
"2023","Marzo","2023-03-01","CALDAS","AGUADAS","","","","","","","","","","","","","","","","","","","","","","","","","","","","","25","","BD_ICV_2023"
"2023","Junio","2023-06-20","CALDAS","AGUADAS","","","","","","","","","","","","","","","","","","","","","","","","","","","","","1.5","","BD_ICV_2023"
"2023","Julio","2023-07-13","CALDAS","AGUADAS","","","","","","","","","","","","","","","","","","","","","","","","","","","","","1.5","","BD_ICV_2023"
"2023","Julio","2023-07-21","CALDAS","AGUADAS","","","","","","","","","","","","","","","","","","","","","","","","","","","","","9","","BD_ICV_2023"
"2023","Febrero","2023-02-10","CALDAS","ANSERMA","","","","","","","","","","","","","","","","","","","","","","","","","","","","","0.5","","BD_ICV_2023"
"2023","Octubre","2023-10-02","CALDAS","ANSERMA","","","","","","","","","","","","","","","","","","","","","","","","","","","","","6","","BD_ICV_2023"
"2023","Septiembre","2023-09-23","CALDAS","ARANZAZU","","","","","","","","","","","","","","","","","","","","","","","","","","","","","4.5","","BD_ICV_2023"
"2023","Febrero","2023-02-01","CALDAS","CHINCHINÁ","","","","","","","","","","","","","","","","","","","","","","","","","","","","","1","","BD_ICV_2023"
"2023","Septiembre","2023-09-08","CALDAS","FILADELFIA","","","","","","","","","","","","","","","","","","","","","","","","","","","","","2","","BD_ICV_2023"
"2023","Septiembre","2023-09-21","CALDAS","FILADELFIA","","","","","","","","","","","","","","","","","","","","","","","","","","","","","1","","BD_ICV_2023"
"2023","Septiembre","2023-09-22","CALDAS","FILADELFIA","","","","","","","","","","","","","","","","","","","","","","","","","","","","","3","","BD_ICV_2023"
"2023","Julio","2023-07-23","CALDAS","LA DORADA","","","","","","","","","","","","","","","","","","","","","","","","","","","","","2","","BD_ICV_2023"
"2023","Agosto","2023-08-08","CALDAS","LA DORADA","","","","","","","","","","","","","","","","","","","","","","","","","","","","","70","","BD_ICV_2023"
"2023","Agosto","2023-08-08","CALDAS","MARQUETALIA","","","","","","","","","","","","","","","","","","","","","","","","","","","","","3","","BD_ICV_2023"
"2023","Febrero","2023-02-04","CALDAS","NEIRA","","","","","","","","","","","","","","","","","","","","","","","","","","","","","7","","BD_ICV_2023"
"2023","Febrero","2023-02-04","CALDAS","NEIRA","","","","","","","","","","","","","","","","","","","","","","","","","","","","","1","","BD_ICV_2023"
"2023","Enero","2023-01-25","CALDAS","PALESTINA","","","","","","","","","","","","","","","","","","","","","","","","","","","","","1","","BD_ICV_2023"
"2023","Junio","2023-06-21","CALDAS","PENSILVANIA","","","","","","","","","","","","","","","","","","","","","","","","","","","","","1","","BD_ICV_2023"
"2023","Marzo","2023-03-01","CALDAS","RIOSUCIO","","","","","","","","","","","","","","","","","","","","","","","","","","","","","0.5","","BD_ICV_2023"
"2023","Enero","2023-01-31","CALDAS","SUPÍA","","","","","","","","","","","","","","","","","","","","","","","","","","","","","0.5","","BD_ICV_2023"
"2023","Diciembre","2023-12-08","CALDAS","VILLAMARIA","","","","","","","","","","","","","","","","","","","","","","","","","","","","","200","","BD_ICV_2023"
"2023","Febrero","2023-02-04","CALDAS","VITERBO","","","","","","","","","","","","","","","","","","","","","","","","","","","","","3","","BD_ICV_2023"
"2023","Enero","2023-01-31","CAQUETÁ","BELÉN DE LOS ANDAQUÍES","","","","","","","","","","","","","","","","","","","","","","","","","","","","","6","","BD_ICV_2023"
"2023","Febrero","2023-02-02","CAQUETÁ","BELÉN DE LOS ANDAQUÍES","","","","","","","","","","","","","","","","","","","","","","","","","","","","","2","","BD_ICV_2023"
"2023","Febrero","2023-02-25","CAQUETÁ","BELÉN DE LOS ANDAQUÍES","","","","","","","","","","","","","","","","","","","","","","","","","","","","","1","","BD_ICV_2023"
"2023","Enero","2023-01-04","CAQUETÁ","CARTAGENA DEL CHAIRA","","","","","","","","","","","","","","","","","","","","","","","","","","","","","20","","BD_ICV_2023"
"2023","Julio","2023-07-21","CAQUETÁ","CARTAGENA DEL CHAIRÁ","","","","","","","","","","","","","","","","","","","","","","","","","","","","","0.01","","BD_ICV_2023"
"2023","Febrero","2023-02-20","CAQUETÁ","EL DONCELLO","","","","","","","","","","","","","","","","","","","","","","","","","","","","","0.5","","BD_ICV_2023"
"2023","Enero","2023-01-04","CAQUETÁ","FLORENCIA","","","","","","","","","","","","","","","","","","","","","","","","","","","","","2","","BD_ICV_2023"
"2023","Febrero","2023-02-01","CAQUETÁ","FLORENCIA","","","","","","","","","","","","","","","","","","","","","","","","","","","","","2","","BD_ICV_2023"
"2023","Febrero","2023-02-03","CAQUETÁ","FLORENCIA","","","","","","","","","","","","","","","","","","","","","","","","","","","","","1","","BD_ICV_2023"
"2023","Febrero","2023-02-03","CAQUETÁ","FLORENCIA","","","","","","","","","","","","","","","","","","","","","","","","","","","","","1","","BD_ICV_2023"
"2023","Febrero","2023-02-09","CAQUETÁ","FLORENCIA","","","","","","","","","","","","","","","","","","","","","","","","","","","","","2","","BD_ICV_2023"
"2023","Febrero","2023-02-08","CAQUETÁ","PUERTO RICO","","","","","","","","","","","","","","","","","","","","","","","","","","","","","1","","BD_ICV_2023"
"2023","Febrero","2023-02-03","CAQUETÁ","SAN JOSÉ DEL FRAGUA","","","","","","","","","","","","","","","","","","","","","","","","","","","","","0.5","","BD_ICV_2023"
"2023","Enero","2023-01-05","CAQUETÁ","SAN VICENTE DEL CAGUÁN","","","","","","","","","","","","","","","","","","","","","","","","","","","","","1","","BD_ICV_2023"
"2023","Enero","2023-01-13","CAQUETÁ","SAN VICENTE DEL CAGUÁN","","","","","","","","","","","","","","","","","","","","","","","","","","","","","1","","BD_ICV_2023"
"2023","Enero","2023-01-23","CAQUETÁ","SAN VICENTE DEL CAGUÁN","","","","","","","","","","","","","","","","","","","","","","","","","","","","","4","","BD_ICV_2023"
"2023","Enero","2023-01-30","CAQUETÁ","SAN VICENTE DEL CAGUÁN","","","","","","","","","","","","","","","","","","","","","","","","","","","","","1","","BD_ICV_2023"
"2023","Febrero","2023-02-12","CAQUETÁ","SAN VICENTE DEL CAGUÁN","","","","","","","","","","","","","","","","","","","","","","","","","","","","","0.5","","BD_ICV_2023"
"2023","Febrero","2023-02-20","CAQUETÁ","SAN VICENTE DEL CAGUÁN","","","","","","","","","","","","","","","","","","","","","","","","","","","","","1","","BD_ICV_2023"
"2023","Febrero","2023-02-21","CAQUETÁ","SAN VICENTE DEL CAGUÁN","","","","","","","","","","","","","","","","","","","","","","","","","","","","","6","","BD_ICV_2023"
"2023","Febrero","2023-02-26","CAQUETÁ","SAN VICENTE DEL CAGUÁN","","","","","","","","","","","","","","","","","","","","","","","","","","","","","0.5","","BD_ICV_2023"
"2023","Febrero","2023-02-27","CAQUETÁ","SAN VICENTE DEL CAGUÁN","","","","","","","","","","","","","","","","","","","","","","","","","","","","","3","","BD_ICV_2023"
"2023","Julio","2023-07-01","CAQUETÁ","SAN VICENTE DEL CAGUÁN","El Limon","","","","","","","","","","","","","","","","","","","","","","","","","","","","20.25","","BD_ICV_2023"
"2023","Enero","2023-01-01","CAQUETÁ","SOLITA","","","","","","","","","","","","","","","","","","","","","","","","","","","","","4","","BD_ICV_2023"
"2023","Enero","2023-01-05","CASANARE","AGUAZUL","","","","","","","","","","","","","","","","","","","","","","","","","","","","","1","","BD_ICV_2023"
"2023","Enero","2023-01-06","CASANARE","AGUAZUL","","","","","","","","","","","","","","","","","","","","","","","","","","","","","2","","BD_ICV_2023"
"2023","Enero","2023-01-12","CASANARE","AGUAZUL","","","","","","","","","","","","","","","","","","","","","","","","","","","","","50","","BD_ICV_2023"
"2023","Enero","2023-01-24","CASANARE","AGUAZUL","","","","","","","","","","","","","","","","","","","","","","","","","","","","","1","","BD_ICV_2023"
"2023","Enero","2023-01-24","CASANARE","AGUAZUL","","","","","","","","","","","","","","","","","","","","","","","","","","","","","1","","BD_ICV_2023"
"2023","Febrero","2023-02-04","CASANARE","AGUAZUL","","","","","","","","","","","","","","","","","","","","","","","","","","","","","1","","BD_ICV_2023"
"2023","Febrero","2023-02-05","CASANARE","AGUAZUL","","","","","","","","","","","","","","","","","","","","","","","","","","","","","6","","BD_ICV_2023"
"2023","Febrero","2023-02-07","CASANARE","AGUAZUL","","","","","","","","","","","","","","","","","","","","","","","","","","","","","4","","BD_ICV_2023"
"2023","Febrero","2023-02-07","CASANARE","AGUAZUL","","","","","","","","","","","","","","","","","","","","","","","","","","","","","2","","BD_ICV_2023"
"2023","Febrero","2023-02-07","CASANARE","AGUAZUL","","","","","","","","","","","","","","","","","","","","","","","","","","","","","2","","BD_ICV_2023"
"2023","Febrero","2023-02-08","CASANARE","AGUAZUL","","","","","","","","","","","","","","","","","","","","","","","","","","","","","3","","BD_ICV_2023"
"2023","Febrero","2023-02-08","CASANARE","AGUAZUL","","","","","","","","","","","","","","","","","","","","","","","","","","","","","2","","BD_ICV_2023"
"2023","Febrero","2023-02-12","CASANARE","AGUAZUL","","","","","","","","","","","","","","","","","","","","","","","","","","","","","1","","BD_ICV_2023"
"2023","Febrero","2023-02-14","CASANARE","AGUAZUL","","","","","","","","","","","","","","","","","","","","","","","","","","","","","1","","BD_ICV_2023"
"2023","Febrero","2023-02-15","CASANARE","AGUAZUL","","","","","","","","","","","","","","","","","","","","","","","","","","","","","3","","BD_ICV_2023"
"2023","Febrero","2023-02-15","CASANARE","AGUAZUL","","","","","","","","","","","","","","","","","","","","","","","","","","","","","1","","BD_ICV_2023"
"2023","Febrero","2023-02-17","CASANARE","AGUAZUL","","","","","","","","","","","","","","","","","","","","","","","","","","","","","2","","BD_ICV_2023"
"2023","Febrero","2023-02-18","CASANARE","AGUAZUL","","","","","","","","","","","","","","","","","","","","","","","","","","","","","1","","BD_ICV_2023"
"2023","Febrero","2023-02-19","CASANARE","AGUAZUL","","","","","","","","","","","","","","","","","","","","","","","","","","","","","1","","BD_ICV_2023"
"2023","Febrero","2023-02-21","CASANARE","AGUAZUL","","","","","","","","","","","","","","","","","","","","","","","","","","","","","5","","BD_ICV_2023"
"2023","Febrero","2023-02-22","CASANARE","AGUAZUL","","","","","","","","","","","","","","","","","","","","","","","","","","","","","2","","BD_ICV_2023"
"2023","Febrero","2023-02-23","CASANARE","AGUAZUL","","","","","","","","","","","","","","","","","","","","","","","","","","","","","2","","BD_ICV_2023"
"2023","Febrero","2023-02-24","CASANARE","AGUAZUL","","","","","","","","","","","","","","","","","","","","","","","","","","","","","40","","BD_ICV_2023"
"2023","Marzo","2023-03-01","CASANARE","AGUAZUL","","","","","","","","","","","","","","","","","","","","","","","","","","","","","1","","BD_ICV_2023"
"2023","Marzo","2023-03-03","CASANARE","AGUAZUL","","","","","","","","","","","","","","","","","","","","","","","","","","","","","5","","BD_ICV_2023"
"2023","Marzo","2023-03-04","CASANARE","AGUAZUL","","","","","","","","","","","","","","","","","","","","","","","","","","","","","2","","BD_ICV_2023"
"2023","Enero","2023-01-30","CASANARE","CHÁMEZA","","","","","","","","","","","","","","","","","","","","","","","","","","","","","15","","BD_ICV_2023"
"2023","Enero","2023-01-24","CASANARE","HATO COROZAL","","","","","","","","","","","","","","","","","","","","","","","","","","","","","90","","BD_ICV_2023"
"2023","Enero","2023-01-27","CASANARE","HATO COROZAL","","","","","","","","","","","","","","","","","","","","","","","","","","","","","0.5","","BD_ICV_2023"
"2023","Febrero","2023-02-02","CASANARE","HATO COROZAL","","","","","","","","","","","","","","","","","","","","","","","","","","","","","4","","BD_ICV_2023"
"2023","Febrero","2023-02-09","CASANARE","HATO COROZAL","","","","","","","","","","","","","","","","","","","","","","","","","","","","","400","","BD_ICV_2023"
"2023","Febrero","2023-02-09","CASANARE","HATO COROZAL","","","","","","","","","","","","","","","","","","","","","","","","","","","","","30","","BD_ICV_2023"
"2023","Febrero","2023-02-22","CASANARE","HATO COROZAL","","","","","","","","","","","","","","","","","","","","","","","","","","","","","0.5","","BD_ICV_2023"
"2023","Marzo","2023-03-20","CASANARE","HATO COROZAL","","","","","","","","","","","","","","","","","","","","","","","","","","","","","50","","BD_ICV_2023"
"2023","Abril","2023-04-13","CASANARE","HATO COROZAL","","","","","","","","","","","","","","","","","","","","","","","","","","","","","4","","BD_ICV_2023"
"2023","Abril","2023-04-17","CASANARE","HATO COROZAL","","","","","","","","","","","","","","","","","","","","","","","","","","","","","5","","BD_ICV_2023"
"2023","Enero","2023-01-29","CASANARE","MANÍ","","","","","","","","","","","","","","","","","","","","","","","","","","","","","100","","BD_ICV_2023"
"2023","Febrero","2023-02-10","CASANARE","MANÍ","","","","","","","","","","","","","","","","","","","","","","","","","","","","","1","","BD_ICV_2023"
"2023","Febrero","2023-02-13","CASANARE","MANÍ","","","","","","","","","","","","","","","","","","","","","","","","","","","","","550","","BD_ICV_2023"
"2023","Febrero","2023-02-15","CASANARE","MANÍ","","","","","","","","","","","","","","","","","","","","","","","","","","","","","1","","BD_ICV_2023"
"2023","Febrero","2023-02-17","CASANARE","MANÍ","","","","","","","","","","","","","","","","","","","","","","","","","","","","","4","","BD_ICV_2023"
"2023","Febrero","2023-02-24","CASANARE","MANÍ","","","","","","","","","","","","","","","","","","","","","","","","","","","","","1","","BD_ICV_2023"
"2023","Febrero","2023-02-26","CASANARE","MANÍ","","","","","","","","","","","","","","","","","","","","","","","","","","","","","0.5","","BD_ICV_2023"
"2023","Febrero","2023-02-28","CASANARE","MANÍ","","","","","","","","","","","","","","","","","","","","","","","","","","","","","0.5","","BD_ICV_2023"
"2023","Marzo","2023-03-04","CASANARE","MANÍ","","","","","","","","","","","","","","","","","","","","","","","","","","","","","0.5","","BD_ICV_2023"
"2023","Marzo","2023-03-06","CASANARE","MANÍ","","","","","","","","","","","","","","","","","","","","","","","","","","","","","1","","BD_ICV_2023"
"2023","Marzo","2023-03-07","CASANARE","MANÍ","","","","","","","","","","","","","","","","","","","","","","","","","","","","","1","","BD_ICV_2023"
"2023","Febrero","2023-02-05","CASANARE","MONTERREY","","","","","","","","","","","","","","","","","","","","","","","","","","","","","20","","BD_ICV_2023"
"2023","Febrero","2023-02-15","CASANARE","MONTERREY","","","","","","","","","","","","","","","","","","","","","","","","","","","","","2","","BD_ICV_2023"
"2023","Febrero","2023-02-19","CASANARE","MONTERREY","","","","","","","","","","","","","","","","","","","","","","","","","","","","","4","","BD_ICV_2023"
"2023","Febrero","2023-02-20","CASANARE","MONTERREY","","","","","","","","","","","","","","","","","","","","","","","","","","","","","0.5","","BD_ICV_2023"
"2023","Febrero","2023-02-25","CASANARE","MONTERREY","","","","","","","","","","","","","","","","","","","","","","","","","","","","","0.5","","BD_ICV_2023"
"2023","Febrero","2023-02-27","CASANARE","MONTERREY","","","","","","","","","","","","","","","","","","","","","","","","","","","","","3","","BD_ICV_2023"
"2023","Marzo","2023-03-23","CASANARE","NUNCHÍA","","","","","","","","","","","","","","","","","","","","","","","","","","","","","12","","BD_ICV_2023"
"2023","Febrero","2023-02-10","CASANARE","PAZ DE ARIPORO","","","","","","","","","","","","","","","","","","","","","","","","","","","","","3","","BD_ICV_2023"
"2023","Febrero","2023-02-19","CASANARE","PAZ DE ARIPORO","","","","","","","","","","","","","","","","","","","","","","","","","","","","","3","","BD_ICV_2023"
"2023","Febrero","2023-02-19","CASANARE","PAZ DE ARIPORO","","","","","","","","","","","","","","","","","","","","","","","","","","","","","2","","BD_ICV_2023"
"2023","Febrero","2023-02-19","CASANARE","PAZ DE ARIPORO","","","","","","","","","","","","","","","","","","","","","","","","","","","","","0.5","","BD_ICV_2023"
"2023","Febrero","2023-02-26","CASANARE","PAZ DE ARIPORO","","","","","","","","","","","","","","","","","","","","","","","","","","","","","250","","BD_ICV_2023"
"2023","Febrero","2023-02-27","CASANARE","PAZ DE ARIPORO","","","","","","","","","","","","","","","","","","","","","","","","","","","","","1","","BD_ICV_2023"
"2023","Marzo","2023-03-06","CASANARE","PAZ DE ARIPORO","","","","","","","","","","","","","","","","","","","","","","","","","","","","","12","","BD_ICV_2023"
"2023","Marzo","2023-03-07","CASANARE","PAZ DE ARIPORO","","","","","","","","","","","","","","","","","","","","","","","","","","","","","5","","BD_ICV_2023"
"2023","Enero","2023-01-01","CASANARE","PORE","","","","","","","","","","","","","","","","","","","","","","","","","","","","","500","","BD_ICV_2023"
"2023","Enero","2023-01-23","CASANARE","PORE","","","","","","","","","","","","","","","","","","","","","","","","","","","","","2","","BD_ICV_2023"
"2023","Enero","2023-01-29","CASANARE","PORE","","","","","","","","","","","","","","","","","","","","","","","","","","","","","3","","BD_ICV_2023"
"2023","Febrero","2023-02-03","CASANARE","PORE","","","","","","","","","","","","","","","","","","","","","","","","","","","","","3","","BD_ICV_2023"
"2023","Febrero","2023-02-04","CASANARE","PORE","","","","","","","","","","","","","","","","","","","","","","","","","","","","","3","","BD_ICV_2023"
"2023","Febrero","2023-02-09","CASANARE","PORE","","","","","","","","","","","","","","","","","","","","","","","","","","","","","5","","BD_ICV_2023"
"2023","Febrero","2023-02-24","CASANARE","PORE","","","","","","","","","","","","","","","","","","","","","","","","","","","","","25","","BD_ICV_2023"
"2023","Febrero","2023-02-08","CASANARE","SABANALARGA","","","","","","","","","","","","","","","","","","","","","","","","","","","","","164","","BD_ICV_2023"
"2023","Febrero","2023-02-19","CASANARE","SABANALARGA","","","","","","","","","","","","","","","","","","","","","","","","","","","","","3","","BD_ICV_2023"
"2023","Febrero","2023-02-23","CASANARE","SÁCAMA","","","","","","","","","","","","","","","","","","","","","","","","","","","","","1","","BD_ICV_2023"
"2023","Febrero","2023-02-19","CASANARE","SAN LUIS DE PALENQUE","","","","","","","","","","","","","","","","","","","","","","","","","","","","","0.5","","BD_ICV_2023"
"2023","Marzo","2023-03-07","CASANARE","SAN LUIS DE PALENQUE","","","","","","","","","","","","","","","","","","","","","","","","","","","","","686","","BD_ICV_2023"
"2023","Abril","2023-04-13","CASANARE","SAN LUIS DE PALENQUE","","","","","","","","","","","","","","","","","","","","","","","","","","","","","5000","","BD_ICV_2023"
"2023","Febrero","2023-02-03","CASANARE","TÁMARA","","","","","","","","","","","","","","","","","","","","","","","","","","","","","3","","BD_ICV_2023"
"2023","Enero","2023-01-16","CASANARE","TRINIDAD","","","","","","","","","","","","","","","","","","","","","","","","","","","","","1","","BD_ICV_2023"
"2023","Enero","2023-01-06","CASANARE","VILLANUEVA","","","","","","","","","","","","","","","","","","","","","","","","","","","","","1","","BD_ICV_2023"
"2023","Enero","2023-01-25","CASANARE","VILLANUEVA","","","","","","","","","","","","","","","","","","","","","","","","","","","","","1","","BD_ICV_2023"
"2023","Enero","2023-01-26","CASANARE","VILLANUEVA","","","","","","","","","","","","","","","","","","","","","","","","","","","","","2","","BD_ICV_2023"
"2023","Enero","2023-01-30","CASANARE","VILLANUEVA","","","","","","","","","","","","","","","","","","","","","","","","","","","","","1","","BD_ICV_2023"
"2023","Enero","2023-01-31","CASANARE","VILLANUEVA","","","","","","","","","","","","","","","","","","","","","","","","","","","","","0.5","","BD_ICV_2023"
"2023","Febrero","2023-02-07","CASANARE","VILLANUEVA","","","","","","","","","","","","","","","","","","","","","","","","","","","","","2","","BD_ICV_2023"
"2023","Febrero","2023-02-09","CASANARE","VILLANUEVA","","","","","","","","","","","","","","","","","","","","","","","","","","","","","2","","BD_ICV_2023"
"2023","Febrero","2023-02-19","CASANARE","VILLANUEVA","","","","","","","","","","","","","","","","","","","","","","","","","","","","","11","","BD_ICV_2023"
"2023","Febrero","2023-02-23","CASANARE","VILLANUEVA","","","","","","","","","","","","","","","","","","","","","","","","","","","","","35","","BD_ICV_2023"
"2023","Febrero","2023-02-23","CASANARE","VILLANUEVA","","","","","","","","","","","","","","","","","","","","","","","","","","","","","2","","BD_ICV_2023"
"2023","Febrero","2023-02-23","CASANARE","VILLANUEVA","","","","","","","","","","","","","","","","","","","","","","","","","","","","","1","","BD_ICV_2023"
"2023","Febrero","2023-02-25","CASANARE","VILLANUEVA","","","","","","","","","","","","","","","","","","","","","","","","","","","","","7","","BD_ICV_2023"
"2023","Febrero","2023-02-27","CASANARE","VILLANUEVA","","","","","","","","","","","","","","","","","","","","","","","","","","","","","5","","BD_ICV_2023"
"2023","Febrero","2023-02-28","CASANARE","VILLANUEVA","","","","","","","","","","","","","","","","","","","","","","","","","","","","","12","","BD_ICV_2023"
"2023","Enero","2023-01-01","CASANARE","YOPAL","","","","","","","","","","","","","","","","","","","","","","","","","","","","","1","","BD_ICV_2023"
"2023","Enero","2023-01-01","CASANARE","YOPAL","","","","","","","","","","","","","","","","","","","","","","","","","","","","","0.5","","BD_ICV_2023"
"2023","Enero","2023-01-04","CASANARE","YOPAL","","","","","","","","","","","","","","","","","","","","","","","","","","","","","0.5","","BD_ICV_2023"
"2023","Enero","2023-01-07","CASANARE","YOPAL","","","","","","","","","","","","","","","","","","","","","","","","","","","","","0.5","","BD_ICV_2023"
"2023","Enero","2023-01-11","CASANARE","YOPAL","","","","","","","","","","","","","","","","","","","","","","","","","","","","","0.5","","BD_ICV_2023"
"2023","Enero","2023-01-14","CASANARE","YOPAL","","","","","","","","","","","","","","","","","","","","","","","","","","","","","0.5","","BD_ICV_2023"
"2023","Enero","2023-01-20","CASANARE","YOPAL","","","","","","","","","","","","","","","","","","","","","","","","","","","","","0.5","","BD_ICV_2023"
"2023","Enero","2023-01-24","CASANARE","YOPAL","","","","","","","","","","","","","","","","","","","","","","","","","","","","","1","","BD_ICV_2023"
"2023","Enero","2023-01-24","CASANARE","YOPAL","","","","","","","","","","","","","","","","","","","","","","","","","","","","","0.5","","BD_ICV_2023"
"2023","Enero","2023-01-24","CASANARE","YOPAL","","","","","","","","","","","","","","","","","","","","","","","","","","","","","0.5","","BD_ICV_2023"
"2023","Enero","2023-01-25","CASANARE","YOPAL","","","","","","","","","","","","","","","","","","","","","","","","","","","","","0.5","","BD_ICV_2023"
"2023","Enero","2023-01-25","CASANARE","YOPAL","","","","","","","","","","","","","","","","","","","","","","","","","","","","","0.5","","BD_ICV_2023"
"2023","Enero","2023-01-26","CASANARE","YOPAL","","","","","","","","","","","","","","","","","","","","","","","","","","","","","0.5","","BD_ICV_2023"
"2023","Enero","2023-01-27","CASANARE","YOPAL","","","","","","","","","","","","","","","","","","","","","","","","","","","","","0.5","","BD_ICV_2023"
"2023","Enero","2023-01-28","CASANARE","YOPAL","","","","","","","","","","","","","","","","","","","","","","","","","","","","","0.5","","BD_ICV_2023"
"2023","Enero","2023-01-30","CASANARE","YOPAL","","","","","","","","","","","","","","","","","","","","","","","","","","","","","0.5","","BD_ICV_2023"
"2023","Enero","2023-01-30","CASANARE","YOPAL","","","","","","","","","","","","","","","","","","","","","","","","","","","","","0.5","","BD_ICV_2023"
"2023","Enero","2023-01-31","CASANARE","YOPAL","","","","","","","","","","","","","","","","","","","","","","","","","","","","","15","","BD_ICV_2023"
"2023","Enero","2023-01-31","CASANARE","YOPAL","","","","","","","","","","","","","","","","","","","","","","","","","","","","","0.5","","BD_ICV_2023"
"2023","Enero","2023-01-31","CASANARE","YOPAL","","","","","","","","","","","","","","","","","","","","","","","","","","","","","0.5","","BD_ICV_2023"
"2023","Febrero","2023-02-01","CASANARE","YOPAL","","","","","","","","","","","","","","","","","","","","","","","","","","","","","0.5","","BD_ICV_2023"
"2023","Febrero","2023-02-01","CASANARE","YOPAL","","","","","","","","","","","","","","","","","","","","","","","","","","","","","0.5","","BD_ICV_2023"
"2023","Febrero","2023-02-03","CASANARE","YOPAL","","","","","","","","","","","","","","","","","","","","","","","","","","","","","0.5","","BD_ICV_2023"
"2023","Febrero","2023-02-06","CASANARE","YOPAL","","","","","","","","","","","","","","","","","","","","","","","","","","","","","0.5","","BD_ICV_2023"
"2023","Febrero","2023-02-06","CASANARE","YOPAL","","","","","","","","","","","","","","","","","","","","","","","","","","","","","0.5","","BD_ICV_2023"
"2023","Febrero","2023-02-06","CASANARE","YOPAL","","","","","","","","","","","","","","","","","","","","","","","","","","","","","0.5","","BD_ICV_2023"
"2023","Febrero","2023-02-06","CASANARE","YOPAL","","","","","","","","","","","","","","","","","","","","","","","","","","","","","0.5","","BD_ICV_2023"
"2023","Febrero","2023-02-09","CASANARE","YOPAL","","","","","","","","","","","","","","","","","","","","","","","","","","","","","0.5","","BD_ICV_2023"
"2023","Febrero","2023-02-10","CASANARE","YOPAL","","","","","","","","","","","","","","","","","","","","","","","","","","","","","100","","BD_ICV_2023"
"2023","Febrero","2023-02-12","CASANARE","YOPAL","","","","","","","","","","","","","","","","","","","","","","","","","","","","","15","","BD_ICV_2023"
"2023","Febrero","2023-02-12","CASANARE","YOPAL","","","","","","","","","","","","","","","","","","","","","","","","","","","","","0.5","","BD_ICV_2023"
"2023","Febrero","2023-02-12","CASANARE","YOPAL","","","","","","","","","","","","","","","","","","","","","","","","","","","","","0.5","","BD_ICV_2023"
"2023","Febrero","2023-02-13","CASANARE","YOPAL","","","","","","","","","","","","","","","","","","","","","","","","","","","","","0.5","","BD_ICV_2023"
"2023","Febrero","2023-02-13","CASANARE","YOPAL","","","","","","","","","","","","","","","","","","","","","","","","","","","","","0.5","","BD_ICV_2023"
"2023","Febrero","2023-02-13","CASANARE","YOPAL","","","","","","","","","","","","","","","","","","","","","","","","","","","","","0.5","","BD_ICV_2023"
"2023","Febrero","2023-02-14","CASANARE","YOPAL","","","","","","","","","","","","","","","","","","","","","","","","","","","","","0.5","","BD_ICV_2023"
"2023","Febrero","2023-02-14","CASANARE","YOPAL","","","","","","","","","","","","","","","","","","","","","","","","","","","","","0.5","","BD_ICV_2023"
"2023","Febrero","2023-02-14","CASANARE","YOPAL","","","","","","","","","","","","","","","","","","","","","","","","","","","","","0.5","","BD_ICV_2023"
"2023","Febrero","2023-02-14","CASANARE","YOPAL","","","","","","","","","","","","","","","","","","","","","","","","","","","","","0.5","","BD_ICV_2023"
"2023","Febrero","2023-02-14","CASANARE","YOPAL","","","","","","","","","","","","","","","","","","","","","","","","","","","","","0.5","","BD_ICV_2023"
"2023","Febrero","2023-02-16","CASANARE","YOPAL","","","","","","","","","","","","","","","","","","","","","","","","","","","","","0.5","","BD_ICV_2023"
"2023","Febrero","2023-02-17","CASANARE","YOPAL","","","","","","","","","","","","","","","","","","","","","","","","","","","","","0.5","","BD_ICV_2023"
"2023","Febrero","2023-02-18","CASANARE","YOPAL","","","","","","","","","","","","","","","","","","","","","","","","","","","","","0.5","","BD_ICV_2023"
"2023","Febrero","2023-02-18","CASANARE","YOPAL","","","","","","","","","","","","","","","","","","","","","","","","","","","","","0.5","","BD_ICV_2023"
"2023","Febrero","2023-02-19","CASANARE","YOPAL","","","","","","","","","","","","","","","","","","","","","","","","","","","","","0.5","","BD_ICV_2023"
"2023","Febrero","2023-02-19","CASANARE","YOPAL","","","","","","","","","","","","","","","","","","","","","","","","","","","","","0.5","","BD_ICV_2023"
"2023","Febrero","2023-02-19","CASANARE","YOPAL","","","","","","","","","","","","","","","","","","","","","","","","","","","","","0.5","","BD_ICV_2023"
"2023","Febrero","2023-02-20","CASANARE","YOPAL","","","","","","","","","","","","","","","","","","","","","","","","","","","","","0.5","","BD_ICV_2023"
"2023","Febrero","2023-02-21","CASANARE","YOPAL","","","","","","","","","","","","","","","","","","","","","","","","","","","","","0.5","","BD_ICV_2023"
"2023","Febrero","2023-02-21","CASANARE","YOPAL","","","","","","","","","","","","","","","","","","","","","","","","","","","","","0.5","","BD_ICV_2023"
"2023","Febrero","2023-02-22","CASANARE","YOPAL","","","","","","","","","","","","","","","","","","","","","","","","","","","","","0.5","","BD_ICV_2023"
"2023","Febrero","2023-02-22","CASANARE","YOPAL","","","","","","","","","","","","","","","","","","","","","","","","","","","","","0.5","","BD_ICV_2023"
"2023","Febrero","2023-02-22","CASANARE","YOPAL","","","","","","","","","","","","","","","","","","","","","","","","","","","","","0.5","","BD_ICV_2023"
"2023","Febrero","2023-02-23","CASANARE","YOPAL","","","","","","","","","","","","","","","","","","","","","","","","","","","","","0.5","","BD_ICV_2023"
"2023","Febrero","2023-02-24","CASANARE","YOPAL","","","","","","","","","","","","","","","","","","","","","","","","","","","","","0.5","","BD_ICV_2023"
"2023","Febrero","2023-02-25","CASANARE","YOPAL","","","","","","","","","","","","","","","","","","","","","","","","","","","","","0.5","","BD_ICV_2023"
"2023","Febrero","2023-02-26","CASANARE","YOPAL","","","","","","","","","","","","","","","","","","","","","","","","","","","","","0.5","","BD_ICV_2023"
"2023","Febrero","2023-02-26","CASANARE","YOPAL","","","","","","","","","","","","","","","","","","","","","","","","","","","","","0.5","","BD_ICV_2023"
"2023","Febrero","2023-02-26","CASANARE","YOPAL","","","","","","","","","","","","","","","","","","","","","","","","","","","","","0.5","","BD_ICV_2023"
"2023","Febrero","2023-02-26","CASANARE","YOPAL","","","","","","","","","","","","","","","","","","","","","","","","","","","","","0.5","","BD_ICV_2023"
"2023","Febrero","2023-02-27","CASANARE","YOPAL","","","","","","","","","","","","","","","","","","","","","","","","","","","","","3","","BD_ICV_2023"
"2023","Febrero","2023-02-28","CASANARE","YOPAL","","","","","","","","","","","","","","","","","","","","","","","","","","","","","0.5","","BD_ICV_2023"
"2023","Marzo","2023-03-04","CASANARE","YOPAL","","","","","","","","","","","","","","","","","","","","","","","","","","","","","0.5","","BD_ICV_2023"
"2023","Marzo","2023-03-05","CASANARE","YOPAL","","","","","","","","","","","","","","","","","","","","","","","","","","","","","0.5","","BD_ICV_2023"
"2023","Marzo","2023-03-06","CASANARE","YOPAL","","","","","","","","","","","","","","","","","","","","","","","","","","","","","0.5","","BD_ICV_2023"
"2023","Marzo","2023-03-07","CASANARE","YOPAL","","","","","","","","","","","","","","","","","","","","","","","","","","","","","60","","BD_ICV_2023"
"2023","Marzo","2023-03-07","CASANARE","YOPAL","","","","","","","","","","","","","","","","","","","","","","","","","","","","","0.5","","BD_ICV_2023"
"2023","Marzo","2023-03-14","CASANARE","YOPAL","","","","","","","","","","","","","","","","","","","","","","","","","","","","","0.5","","BD_ICV_2023"
"2023","Marzo","2023-03-15","CASANARE","YOPAL","","","","","","","","","","","","","","","","","","","","","","","","","","","","","0.5","","BD_ICV_2023"
"2023","Julio","2023-07-16","CAUCA","ARGELIA","","","","","","","","","","","","","","","","","","","","","","","","","","","","","1.5","","BD_ICV_2023"
"2023","Septiembre","2023-09-20","CAUCA","ARGELIA","","","","","","","","","","","","","","","","","","","","","","","","","","","","","1000","","BD_ICV_2023"
"2023","Septiembre","2023-09-18","CAUCA","BALBOA","","","","","","","","","","","","","","","","","","","","","","","","","","","","","3","","BD_ICV_2023"
"2023","Julio","2023-07-27","CAUCA","CAJIBÍO","","","","","","","","","","","","","","","","","","","","","","","","","","","","","5","","BD_ICV_2023"
"2023","Mayo","2023-05-08","CAUCA","CALDONO","","","","","","","","","","","","","","","","","","","","","","","","","","","","","1","","BD_ICV_2023"
"2023","Junio","2023-06-20","CAUCA","CALDONO","","","","","","","","","","","","","","","","","","","","","","","","","","","","","1","","BD_ICV_2023"
"2023","Agosto","2023-08-13","CAUCA","CALDONO","","","","","","","","","","","","","","","","","","","","","","","","","","","","","1","","BD_ICV_2023"
"2023","Agosto","2023-08-14","CAUCA","CALDONO","","","","","","","","","","","","","","","","","","","","","","","","","","","","","1","","BD_ICV_2023"
"2023","Agosto","2023-08-26","CAUCA","CALDONO","","","","","","","","","","","","","","","","","","","","","","","","","","","","","3","","BD_ICV_2023"
"2023","Septiembre","2023-09-02","CAUCA","CALDONO","","","","","","","","","","","","","","","","","","","","","","","","","","","","","4","","BD_ICV_2023"
"2023","Junio","2023-06-23","CAUCA","CALOTO","","","","","","","","","","","","","","","","","","","","","","","","","","","","","0.5","","BD_ICV_2023"
"2023","Septiembre","2023-09-06","CAUCA","CALOTO","","","","","","","","","","","","","","","","","","","","","","","","","","","","","60","","BD_ICV_2023"
"2023","Septiembre","2023-09-12","CAUCA","CALOTO","","","","","","","","","","","","","","","","","","","","","","","","","","","","","40","","BD_ICV_2023"
"2023","Agosto","2023-08-31","CAUCA","LA VEGA","","","","","","","","","","","","","","","","","","","","","","","","","","","","","1","","BD_ICV_2023"
"2023","Septiembre","2023-09-20","CAUCA","LA VEGA","","","","","","","","","","","","","","","","","","","","","","","","","","","","","400","","BD_ICV_2023"
"2023","Junio","2023-06-19","CAUCA","MIRANDA","","","","","","","","","","","","","","","","","","","","","","","","","","","","","7","","BD_ICV_2023"
"2023","Junio","2023-06-20","CAUCA","MIRANDA","","","","","","","","","","","","","","","","","","","","","","","","","","","","","1","","BD_ICV_2023"
"2023","Febrero","2023-02-01","CAUCA","PÁEZ","","","","","","","","","","","","","","","","","","","","","","","","","","","","","8","","BD_ICV_2023"
"2023","Febrero","2023-02-01","CAUCA","PÁEZ","","","","","","","","","","","","","","","","","","","","","","","","","","","","","4","","BD_ICV_2023"
"2023","Febrero","2023-02-02","CAUCA","PÁEZ","","","","","","","","","","","","","","","","","","","","","","","","","","","","","10","","BD_ICV_2023"
"2023","Febrero","2023-02-03","CAUCA","PÁEZ","","","","","","","","","","","","","","","","","","","","","","","","","","","","","3","","BD_ICV_2023"
"2023","Febrero","2023-02-15","CAUCA","PÁEZ","","","","","","","","","","","","","","","","","","","","","","","","","","","","","1","","BD_ICV_2023"
"2023","Septiembre","2023-09-08","CAUCA","PÁEZ","","","","","","","","","","","","","","","","","","","","","","","","","","","","","20","","BD_ICV_2023"
"2023","Mayo","2023-05-18","CAUCA","PATÍA","","","","","","","","","","","","","","","","","","","","","","","","","","","","","2","","BD_ICV_2023"
"2023","Julio","2023-07-31","CAUCA","PATÍA","","","","","","","","","","","","","","","","","","","","","","","","","","","","","5","","BD_ICV_2023"
"2023","Agosto","2023-08-10","CAUCA","PATÍA","","","","","","","","","","","","","","","","","","","","","","","","","","","","","5","","BD_ICV_2023"
"2023","Septiembre","2023-09-13","CAUCA","PATÍA","","","","","","","","","","","","","","","","","","","","","","","","","","","","","1","","BD_ICV_2023"
"2023","Diciembre","2023-12-21","CAUCA","PIENDAMÓ","","","","","","","","","","","","","","","","","","","","","","","","","","","","","3","","BD_ICV_2023"
"2023","Julio","2023-07-27","CAUCA","POPAYÁN","","","","","","","","","","","","","","","","","","","","","","","","","","","","","2","","BD_ICV_2023"
"2023","Agosto","2023-08-02","CAUCA","POPAYÁN","","","","","","","","","","","","","","","","","","","","","","","","","","","","","15","","BD_ICV_2023"
"2023","Agosto","2023-08-02","CAUCA","POPAYÁN","","","","","","","","","","","","","","","","","","","","","","","","","","","","","4","","BD_ICV_2023"
"2023","Agosto","2023-08-03","CAUCA","POPAYÁN","","","","","","","","","","","","","","","","","","","","","","","","","","","","","0.5","","BD_ICV_2023"
"2023","Agosto","2023-08-04","CAUCA","POPAYÁN","","","","","","","","","","","","","","","","","","","","","","","","","","","","","5","","BD_ICV_2023"
"2023","Agosto","2023-08-07","CAUCA","POPAYÁN","","","","","","","","","","","","","","","","","","","","","","","","","","","","","30","","BD_ICV_2023"
"2023","Agosto","2023-08-08","CAUCA","POPAYÁN","","","","","","","","","","","","","","","","","","","","","","","","","","","","","1","","BD_ICV_2023"
"2023","Agosto","2023-08-14","CAUCA","POPAYÁN","","","","","","","","","","","","","","","","","","","","","","","","","","","","","5","","BD_ICV_2023"
"2023","Agosto","2023-08-29","CAUCA","POPAYÁN","","","","","","","","","","","","","","","","","","","","","","","","","","","","","2","","BD_ICV_2023"
"2023","Septiembre","2023-09-01","CAUCA","POPAYÁN","","","","","","","","","","","","","","","","","","","","","","","","","","","","","2","","BD_ICV_2023"
"2023","Septiembre","2023-09-16","CAUCA","POPAYÁN","","","","","","","","","","","","","","","","","","","","","","","","","","","","","0.5","","BD_ICV_2023"
"2023","Septiembre","2023-09-30","CAUCA","POPAYÁN","","","","","","","","","","","","","","","","","","","","","","","","","","","","","15","","BD_ICV_2023"
"2023","Septiembre","2023-09-06","CAUCA","SAN SEBASTIÁN","","","","","","","","","","","","","","","","","","","","","","","","","","","","","5","","BD_ICV_2023"
"2023","Febrero","2023-02-05","CAUCA","SANTANDER DE QUILICHAO","","","","","","","","","","","","","","","","","","","","","","","","","","","","","0.5","","BD_ICV_2023"
"2023","Julio","2023-07-26","CAUCA","SANTANDER DE QUILICHAO","","","","","","","","","","","","","","","","","","","","","","","","","","","","","5","","BD_ICV_2023"
"2023","Octubre","2023-10-10","CAUCA","SANTANDER DE QUILICHAO","","","","","","","","","","","","","","","","","","","","","","","","","","","","","30","","BD_ICV_2023"
"2023","Julio","2023-07-26","CAUCA","SILVIA","","","","","","","","","","","","","","","","","","","","","","","","","","","","","1","","BD_ICV_2023"
"2023","Agosto","2023-08-30","CAUCA","SOTARÁ","","","","","","","","","","","","","","","","","","","","","","","","","","","","","3","","BD_ICV_2023"
"2023","Septiembre","2023-09-11","CAUCA","SOTARÁ","","","","","","","","","","","","","","","","","","","","","","","","","","","","","100","","BD_ICV_2023"
"2023","Septiembre","2023-09-16","CAUCA","SOTARÁ","","","","","","","","","","","","","","","","","","","","","","","","","","","","","70","","BD_ICV_2023"
"2023","Septiembre","2023-09-19","CAUCA","SOTARÁ","","","","","","","","","","","","","","","","","","","","","","","","","","","","","150","","BD_ICV_2023"
"2023","Octubre","2023-09-19","CAUCA","SOTARÁ","","","","","","","","","","","","","","","","","","","","","","","","","","","","","80","","BD_ICV_2023"
"2023","Octubre","2023-10-11","CAUCA","SOTARÁ","","","","","","","","","","","","","","","","","","","","","","","","","","","","","23","","BD_ICV_2023"
"2023","Julio","2023-07-18","CAUCA","SUÁREZ","","","","","","","","","","","","","","","","","","","","","","","","","","","","","2","","BD_ICV_2023"
"2023","Julio","2023-07-18","CAUCA","SUÁREZ","","","","","","","","","","","","","","","","","","","","","","","","","","","","","1","","BD_ICV_2023"
"2023","Septiembre","2023-09-08","CAUCA","SUCRE","","","","","","","","","","","","","","","","","","","","","","","","","","","","","9","","BD_ICV_2023"
"2023","Junio","2023-06-18","CAUCA","TIMBÍO","","","","","","","","","","","","","","","","","","","","","","","","","","","","","1","","BD_ICV_2023"
"2023","Junio","2023-06-20","CAUCA","TIMBÍO","","","","","","","","","","","","","","","","","","","","","","","","","","","","","2","","BD_ICV_2023"
"2023","Julio","2023-07-21","CAUCA","TIMBÍO","","","","","","","","","","","","","","","","","","","","","","","","","","","","","20","","BD_ICV_2023"
"2023","Julio","2023-07-25","CAUCA","TIMBÍO","","","","","","","","","","","","","","","","","","","","","","","","","","","","","20","","BD_ICV_2023"
"2023","Julio","2023-07-27","CAUCA","TIMBÍO","","","","","","","","","","","","","","","","","","","","","","","","","","","","","3","","BD_ICV_2023"
"2023","Agosto","2023-08-08","CAUCA","TIMBÍO","","","","","","","","","","","","","","","","","","","","","","","","","","","","","0.5","","BD_ICV_2023"
"2023","Septiembre","2023-09-14","CAUCA","TIMBÍO","","","","","","","","","","","","","","","","","","","","","","","","","","","","","5","","BD_ICV_2023"
"2023","Septiembre","2023-09-20","CAUCA","TIMBÍO","","","","","","","","","","","","","","","","","","","","","","","","","","","","","16","","BD_ICV_2023"
"2023","Febrero","2023-02-02","CAUCA","TORIBÍO","Resguardo Tacuelló","","","","","","","","","","","","","","","","","","","","","","","","","","","","515","","BD_ICV_2023"
"2023","Febrero","2023-02-03","CAUCA","TORIBÍO","","","","","","","","","","","","","","","","","","","","","","","","","","","","","400","","BD_ICV_2023"
"2023","Julio","2023-07-30","CAUCA","TORIBÍO","","","","","","","","","","","","","","","","","","","","","","","","","","","","","6","","BD_ICV_2023"
"2023","Agosto","2023-08-03","CAUCA","TORIBÍO","","","","","","","","","","","","","","","","","","","","","","","","","","","","","10","","BD_ICV_2023"
"2023","Septiembre","2023-09-19","CAUCA","TORIBÍO","","","","","","","","","","","","","","","","","","","","","","","","","","","","","1","","BD_ICV_2023"
"2023","Junio","2023-06-19","CAUCA","TOTORO","","","","","","","","","","","","","","","","","","","","","","","","","","","","","2","","BD_ICV_2023"
"2023","Julio","2023-07-16","CAUCA","TOTORO","","","","","","","","","","","","","","","","","","","","","","","","","","","","","23","","BD_ICV_2023"
"2023","Agosto","2023-08-13","CAUCA","TOTORO","","","","","","","","","","","","","","","","","","","","","","","","","","","","","1","","BD_ICV_2023"
"2023","Septiembre","2023-09-18","CAUCA","TOTORO","","","","","","","","","","","","","","","","","","","","","","","","","","","","","10","","BD_ICV_2023"
"2023","Enero","2023-01-21","CESAR","AGUACHICA","","","","","","","","","","","","","","","","","","","","","","","","","","","","","0.5","","BD_ICV_2023"
"2023","Enero","2023-01-24","CESAR","AGUACHICA","","","","","","","","","","","","","","","","","","","","","","","","","","","","","3","","BD_ICV_2023"
"2023","Enero","2023-01-25","CESAR","AGUACHICA","","","","","","","","","","","","","","","","","","","","","","","","","","","","","20","","BD_ICV_2023"
"2023","Enero","2023-01-26","CESAR","AGUACHICA","","","","","","","","","","","","","","","","","","","","","","","","","","","","","3","","BD_ICV_2023"
"2023","Enero","2023-01-28","CESAR","AGUACHICA","","","","","","","","","","","","","","","","","","","","","","","","","","","","","0.5","","BD_ICV_2023"
"2023","Enero","2023-01-28","CESAR","AGUACHICA","","","","","","","","","","","","","","","","","","","","","","","","","","","","","0.5","","BD_ICV_2023"
"2023","Enero","2023-01-31","CESAR","AGUACHICA","","","","","","","","","","","","","","","","","","","","","","","","","","","","","20","","BD_ICV_2023"
"2023","Enero","2023-01-31","CESAR","AGUACHICA","","","","","","","","","","","","","","","","","","","","","","","","","","","","","5","","BD_ICV_2023"
"2023","Enero","2023-01-22","CESAR","BOSCONIA","","","","","","","","","","","","","","","","","","","","","","","","","","","","","0.5","","BD_ICV_2023"
"2023","Enero","2023-01-25","CESAR","BOSCONIA","","","","","","","","","","","","","","","","","","","","","","","","","","","","","2","","BD_ICV_2023"
"2023","Febrero","2023-02-11","CESAR","BOSCONIA","","","","","","","","","","","","","","","","","","","","","","","","","","","","","0.5","","BD_ICV_2023"
"2023","Febrero","2023-02-17","CESAR","BOSCONIA","","","","","","","","","","","","","","","","","","","","","","","","","","","","","5","","BD_ICV_2023"
"2023","Febrero","2023-02-20","CESAR","BOSCONIA","","","","","","","","","","","","","","","","","","","","","","","","","","","","","0.5","","BD_ICV_2023"
"2023","Febrero","2023-02-21","CESAR","BOSCONIA","","","","","","","","","","","","","","","","","","","","","","","","","","","","","0.5","","BD_ICV_2023"
"2023","Febrero","2023-02-22","CESAR","BOSCONIA","","","","","","","","","","","","","","","","","","","","","","","","","","","","","6","","BD_ICV_2023"
"2023","Febrero","2023-02-23","CESAR","BOSCONIA","","","","","","","","","","","","","","","","","","","","","","","","","","","","","3","","BD_ICV_2023"
"2023","Febrero","2023-02-26","CESAR","BOSCONIA","","","","","","","","","","","","","","","","","","","","","","","","","","","","","2","","BD_ICV_2023"
"2023","Marzo","2023-03-02","CESAR","BOSCONIA","","","","","","","","","","","","","","","","","","","","","","","","","","","","","5","","BD_ICV_2023"
"2023","Febrero","2023-02-11","CESAR","CHIRIGUANÁ","","","","","","","","","","","","","","","","","","","","","","","","","","","","","10","","BD_ICV_2023"
"2023","Febrero","2023-02-11","CESAR","CHIRIGUANÁ","","","","","","","","","","","","","","","","","","","","","","","","","","","","","3","","BD_ICV_2023"
"2023","Febrero","2023-02-17","CESAR","CHIRIGUANÁ","","","","","","","","","","","","","","","","","","","","","","","","","","","","","14","","BD_ICV_2023"
"2023","Febrero","2023-02-18","CESAR","CHIRIGUANÁ","","","","","","","","","","","","","","","","","","","","","","","","","","","","","5","","BD_ICV_2023"
"2023","Febrero","2023-02-20","CESAR","CHIRIGUANÁ","","","","","","","","","","","","","","","","","","","","","","","","","","","","","20","","BD_ICV_2023"
"2023","Febrero","2023-02-21","CESAR","CHIRIGUANÁ","","","","","","","","","","","","","","","","","","","","","","","","","","","","","10","","BD_ICV_2023"
"2023","Febrero","2023-02-23","CESAR","CHIRIGUANÁ","","","","","","","","","","","","","","","","","","","","","","","","","","","","","71","","BD_ICV_2023"
"2023","Febrero","2023-02-09","CESAR","GAMARRA","","","","","","","","","","","","","","","","","","","","","","","","","","","","","2","","BD_ICV_2023"
"2023","Enero","2023-01-23","CESAR","LA PAZ","","","","","","","","","","","","","","","","","","","","","","","","","","","","","0.5","","BD_ICV_2023"
"2023","Enero","2023-01-30","CESAR","LA PAZ","","","","","","","","","","","","","","","","","","","","","","","","","","","","","0.5","","BD_ICV_2023"
"2023","Febrero","2023-02-17","CESAR","LA PAZ","","","","","","","","","","","","","","","","","","","","","","","","","","","","","0.5","","BD_ICV_2023"
"2023","Febrero","2023-02-20","CESAR","LA PAZ","","","","","","","","","","","","","","","","","","","","","","","","","","","","","0.5","","BD_ICV_2023"
"2023","Febrero","2023-02-26","CESAR","LA PAZ","","","","","","","","","","","","","","","","","","","","","","","","","","","","","0.5","","BD_ICV_2023"
"2023","Febrero","2023-02-28","CESAR","LA PAZ","","","","","","","","","","","","","","","","","","","","","","","","","","","","","0.5","","BD_ICV_2023"
"2023","Marzo","2023-03-07","CESAR","LA PAZ","","","","","","","","","","","","","","","","","","","","","","","","","","","","","1","","BD_ICV_2023"
"2023","Febrero","2023-02-17","CESAR","MANAURE","","","","","","","","","","","","","","","","","","","","","","","","","","","","","15","","BD_ICV_2023"
"2023","Febrero","2023-02-23","CESAR","MANAURE","","","","","","","","","","","","","","","","","","","","","","","","","","","","","0.5","","BD_ICV_2023"
"2023","Febrero","2023-02-26","CESAR","MANAURE","","","","","","","","","","","","","","","","","","","","","","","","","","","","","0.5","","BD_ICV_2023"
"2023","Febrero","2023-02-05","CESAR","PELAYA","","","","","","","","","","","","","","","","","","","","","","","","","","","","","8","","BD_ICV_2023"
"2023","Enero","2023-01-22","CESAR","PUEBLO BELLO","","","","","","","","","","","","","","","","","","","","","","","","","","","","","2","","BD_ICV_2023"
"2023","Febrero","2023-02-09","CESAR","PUEBLO BELLO","","","","","","","","","","","","","","","","","","","","","","","","","","","","","2","","BD_ICV_2023"
"2023","Marzo","2023-03-18","CESAR","PUEBLO BELLO","","","","","","","","","","","","","","","","","","","","","","","","","","","","","2","","BD_ICV_2023"
"2023","Febrero","2023-02-01","CESAR","SAN DIEGO","","","","","","","","","","","","","","","","","","","","","","","","","","","","","20","","BD_ICV_2023"
"2023","Febrero","2023-02-20","CESAR","SAN DIEGO","","","","","","","","","","","","","","","","","","","","","","","","","","","","","0.5","","BD_ICV_2023"
"2023","Febrero","2023-02-23","CESAR","SAN DIEGO","","","","","","","","","","","","","","","","","","","","","","","","","","","","","0.5","","BD_ICV_2023"
"2023","Febrero","2023-02-28","CESAR","SAN DIEGO","","","","","","","","","","","","","","","","","","","","","","","","","","","","","0.5","","BD_ICV_2023"
"2023","Marzo","2023-03-01","CESAR","SAN DIEGO","","","","","","","","","","","","","","","","","","","","","","","","","","","","","0.5","","BD_ICV_2023"
"2023","Enero","2023-01-05","CESAR","VALLEDUPAR","","","","","","","","","","","","","","","","","","","","","","","","","","","","","4","","BD_ICV_2023"
"2023","Enero","2023-01-22","CESAR","VALLEDUPAR","","","","","","","","","","","","","","","","","","","","","","","","","","","","","1","","BD_ICV_2023"
"2023","Enero","2023-01-28","CESAR","VALLEDUPAR","","","","","","","","","","","","","","","","","","","","","","","","","","","","","5","","BD_ICV_2023"
"2023","Enero","2023-01-28","CESAR","VALLEDUPAR","","","","","","","","","","","","","","","","","","","","","","","","","","","","","3","","BD_ICV_2023"
"2023","Enero","2023-01-31","CESAR","VALLEDUPAR","","","","","","","","","","","","","","","","","","","","","","","","","","","","","2","","BD_ICV_2023"
"2023","Febrero","2023-02-05","CESAR","VALLEDUPAR","","","","","","","","","","","","","","","","","","","","","","","","","","","","","2","","BD_ICV_2023"
"2023","Febrero","2023-02-08","CESAR","VALLEDUPAR","","","","","","","","","","","","","","","","","","","","","","","","","","","","","1000","","BD_ICV_2023"
"2023","Febrero","2023-02-08","CESAR","VALLEDUPAR","","","","","","","","","","","","","","","","","","","","","","","","","","","","","0.5","","BD_ICV_2023"
"2023","Febrero","2023-02-08","CESAR","VALLEDUPAR","","","","","","","","","","","","","","","","","","","","","","","","","","","","","0.5","","BD_ICV_2023"
"2023","Febrero","2023-02-14","CESAR","VALLEDUPAR","","","","","","","","","","","","","","","","","","","","","","","","","","","","","0.5","","BD_ICV_2023"
"2023","Febrero","2023-02-18","CESAR","VALLEDUPAR","","","","","","","","","","","","","","","","","","","","","","","","","","","","","40","","BD_ICV_2023"
"2023","Febrero","2023-02-18","CESAR","VALLEDUPAR","","","","","","","","","","","","","","","","","","","","","","","","","","","","","30","","BD_ICV_2023"
"2023","Febrero","2023-02-19","CESAR","VALLEDUPAR","","","","","","","","","","","","","","","","","","","","","","","","","","","","","100","","BD_ICV_2023"
"2023","Febrero","2023-02-23","CESAR","VALLEDUPAR","","","","","","","","","","","","","","","","","","","","","","","","","","","","","0.5","","BD_ICV_2023"
"2023","Febrero","2023-02-24","CESAR","VALLEDUPAR","","","","","","","","","","","","","","","","","","","","","","","","","","","","","2","","BD_ICV_2023"
"2023","Febrero","2023-02-24","CESAR","VALLEDUPAR","","","","","","","","","","","","","","","","","","","","","","","","","","","","","0.5","","BD_ICV_2023"
"2023","Marzo","2023-03-03","CESAR","VALLEDUPAR","","","","","","","","","","","","","","","","","","","","","","","","","","","","","0.5","","BD_ICV_2023"
"2023","Febrero","2023-02-26","CHOCÓ","ACANDÍ","","","","","","","","","","","","","","","","","","","","","","","","","","","","","1","","BD_ICV_2023"
"2023","Abril","2023-04-03","CHOCÓ","RIOSUCIO","","","","","","","","","","","","","","","","","","","","","","","","","","","","","4","","BD_ICV_2023"
"2023","Febrero","2023-02-06","CHOCÓ","UNGUÍA","","","","","","","","","","","","","","","","","","","","","","","","","","","","","2","","BD_ICV_2023"
"2023","Febrero","2023-02-24","CHOCÓ","UNGUÍA","","","","","","","","","","","","","","","","","","","","","","","","","","","","","3","","BD_ICV_2023"
"2023","Febrero","2023-02-09","CÓRDOBA","AYAPEL","","","","","","","","","","","","","","","","","","","","","","","","","","","","","2","","BD_ICV_2023"
"2023","Febrero","2023-02-16","CÓRDOBA","AYAPEL","","","","","","","","","","","","","","","","","","","","","","","","","","","","","2","","BD_ICV_2023"
"2023","Febrero","2023-02-22","CÓRDOBA","AYAPEL","","","","","","","","","","","","","","","","","","","","","","","","","","","","","2","","BD_ICV_2023"
"2023","Febrero","2023-02-26","CÓRDOBA","AYAPEL","","","","","","","","","","","","","","","","","","","","","","","","","","","","","0.5","","BD_ICV_2023"
"2023","Enero","2023-01-01","CÓRDOBA","CERETE","","","","","","","","","","","","","","","","","","","","","","","","","","","","","0.5","","BD_ICV_2023"
"2023","Enero","2023-01-02","CÓRDOBA","CERETE","","","","","","","","","","","","","","","","","","","","","","","","","","","","","0.5","","BD_ICV_2023"
"2023","Enero","2023-01-02","CÓRDOBA","CERETE","","","","","","","","","","","","","","","","","","","","","","","","","","","","","0.5","","BD_ICV_2023"
"2023","Enero","2023-01-07","CÓRDOBA","CERETE","","","","","","","","","","","","","","","","","","","","","","","","","","","","","0.5","","BD_ICV_2023"
"2023","Enero","2023-01-10","CÓRDOBA","CERETE","","","","","","","","","","","","","","","","","","","","","","","","","","","","","0.5","","BD_ICV_2023"
"2023","Enero","2023-01-10","CÓRDOBA","CERETE","","","","","","","","","","","","","","","","","","","","","","","","","","","","","0.5","","BD_ICV_2023"
"2023","Enero","2023-01-12","CÓRDOBA","CERETE","","","","","","","","","","","","","","","","","","","","","","","","","","","","","0.5","","BD_ICV_2023"
"2023","Enero","2023-01-13","CÓRDOBA","CERETE","","","","","","","","","","","","","","","","","","","","","","","","","","","","","0.5","","BD_ICV_2023"
"2023","Enero","2023-01-14","CÓRDOBA","CERETE","","","","","","","","","","","","","","","","","","","","","","","","","","","","","0.5","","BD_ICV_2023"
"2023","Enero","2023-01-15","CÓRDOBA","CERETE","","","","","","","","","","","","","","","","","","","","","","","","","","","","","0.5","","BD_ICV_2023"
"2023","Enero","2023-01-16","CÓRDOBA","CERETE","","","","","","","","","","","","","","","","","","","","","","","","","","","","","0.5","","BD_ICV_2023"
"2023","Enero","2023-01-20","CÓRDOBA","CERETE","","","","","","","","","","","","","","","","","","","","","","","","","","","","","0.5","","BD_ICV_2023"
"2023","Enero","2023-01-21","CÓRDOBA","CERETE","","","","","","","","","","","","","","","","","","","","","","","","","","","","","0.5","","BD_ICV_2023"
"2023","Enero","2023-01-22","CÓRDOBA","CERETE","","","","","","","","","","","","","","","","","","","","","","","","","","","","","0.5","","BD_ICV_2023"
"2023","Enero","2023-01-23","CÓRDOBA","CERETE","","","","","","","","","","","","","","","","","","","","","","","","","","","","","0.5","","BD_ICV_2023"
"2023","Enero","2023-01-28","CÓRDOBA","CERETE","","","","","","","","","","","","","","","","","","","","","","","","","","","","","0.5","","BD_ICV_2023"
"2023","Enero","2023-01-29","CÓRDOBA","CERETE","","","","","","","","","","","","","","","","","","","","","","","","","","","","","0.5","","BD_ICV_2023"
"2023","Enero","2023-01-31","CÓRDOBA","CERETE","","","","","","","","","","","","","","","","","","","","","","","","","","","","","0.5","","BD_ICV_2023"
"2023","Febrero","2023-02-01","CÓRDOBA","CERETE","","","","","","","","","","","","","","","","","","","","","","","","","","","","","0.5","","BD_ICV_2023"
"2023","Febrero","2023-02-02","CÓRDOBA","CERETE","","","","","","","","","","","","","","","","","","","","","","","","","","","","","0.5","","BD_ICV_2023"
"2023","Febrero","2023-02-04","CÓRDOBA","CERETE","","","","","","","","","","","","","","","","","","","","","","","","","","","","","0.5","","BD_ICV_2023"
"2023","Febrero","2023-02-05","CÓRDOBA","CERETE","","","","","","","","","","","","","","","","","","","","","","","","","","","","","0.5","","BD_ICV_2023"
"2023","Febrero","2023-02-07","CÓRDOBA","CERETE","","","","","","","","","","","","","","","","","","","","","","","","","","","","","0.5","","BD_ICV_2023"
"2023","Febrero","2023-02-07","CÓRDOBA","CERETE","","","","","","","","","","","","","","","","","","","","","","","","","","","","","0.5","","BD_ICV_2023"
"2023","Febrero","2023-02-08","CÓRDOBA","CERETE","","","","","","","","","","","","","","","","","","","","","","","","","","","","","0.5","","BD_ICV_2023"
"2023","Febrero","2023-02-08","CÓRDOBA","CERETE","","","","","","","","","","","","","","","","","","","","","","","","","","","","","0.5","","BD_ICV_2023"
"2023","Febrero","2023-02-09","CÓRDOBA","CERETE","","","","","","","","","","","","","","","","","","","","","","","","","","","","","0.5","","BD_ICV_2023"
"2023","Febrero","2023-02-10","CÓRDOBA","CERETE","","","","","","","","","","","","","","","","","","","","","","","","","","","","","0.5","","BD_ICV_2023"
"2023","Febrero","2023-02-12","CÓRDOBA","CERETE","","","","","","","","","","","","","","","","","","","","","","","","","","","","","0.5","","BD_ICV_2023"
"2023","Febrero","2023-02-13","CÓRDOBA","CERETE","","","","","","","","","","","","","","","","","","","","","","","","","","","","","0.5","","BD_ICV_2023"
"2023","Febrero","2023-02-13","CÓRDOBA","CERETE","","","","","","","","","","","","","","","","","","","","","","","","","","","","","0.5","","BD_ICV_2023"
"2023","Febrero","2023-02-13","CÓRDOBA","CERETE","","","","","","","","","","","","","","","","","","","","","","","","","","","","","0.5","","BD_ICV_2023"
"2023","Febrero","2023-02-14","CÓRDOBA","CERETE","","","","","","","","","","","","","","","","","","","","","","","","","","","","","0.5","","BD_ICV_2023"
"2023","Febrero","2023-02-15","CÓRDOBA","CERETE","","","","","","","","","","","","","","","","","","","","","","","","","","","","","0.5","","BD_ICV_2023"
"2023","Febrero","2023-02-15","CÓRDOBA","CERETE","","","","","","","","","","","","","","","","","","","","","","","","","","","","","0.5","","BD_ICV_2023"
"2023","Febrero","2023-02-16","CÓRDOBA","CERETE","","","","","","","","","","","","","","","","","","","","","","","","","","","","","0.5","","BD_ICV_2023"
"2023","Febrero","2023-02-16","CÓRDOBA","CERETE","","","","","","","","","","","","","","","","","","","","","","","","","","","","","0.5","","BD_ICV_2023"
"2023","Febrero","2023-02-17","CÓRDOBA","CERETE","","","","","","","","","","","","","","","","","","","","","","","","","","","","","0.5","","BD_ICV_2023"
"2023","Febrero","2023-02-17","CÓRDOBA","CERETE","","","","","","","","","","","","","","","","","","","","","","","","","","","","","0.5","","BD_ICV_2023"
"2023","Enero","2023-01-28","CÓRDOBA","CHINU","","","","","","","","","","","","","","","","","","","","","","","","","","","","","1","","BD_ICV_2023"
"2023","Enero","2023-01-29","CÓRDOBA","CHINU","","","","","","","","","","","","","","","","","","","","","","","","","","","","","0.5","","BD_ICV_2023"
"2023","Febrero","2023-02-04","CÓRDOBA","CHINU","","","","","","","","","","","","","","","","","","","","","","","","","","","","","0.5","","BD_ICV_2023"
"2023","Febrero","2023-02-06","CÓRDOBA","CHINU","","","","","","","","","","","","","","","","","","","","","","","","","","","","","0.5","","BD_ICV_2023"
"2023","Febrero","2023-02-18","CÓRDOBA","CHINÚ","","","","","","","","","","","","","","","","","","","","","","","","","","","","","40","","BD_ICV_2023"
"2023","Marzo","2023-03-11","CÓRDOBA","LA APARTADA","","","","","","","","","","","","","","","","","","","","","","","","","","","","","60","","BD_ICV_2023"
"2023","Enero","2023-01-06","CÓRDOBA","LORICA","","","","","","","","","","","","","","","","","","","","","","","","","","","","","1","","BD_ICV_2023"
"2023","Enero","2023-01-07","CÓRDOBA","LORICA","","","","","","","","","","","","","","","","","","","","","","","","","","","","","1","","BD_ICV_2023"
"2023","Enero","2023-01-14","CÓRDOBA","LORICA","","","","","","","","","","","","","","","","","","","","","","","","","","","","","1","","BD_ICV_2023"
"2023","Enero","2023-01-14","CÓRDOBA","LORICA","","","","","","","","","","","","","","","","","","","","","","","","","","","","","1","","BD_ICV_2023"
"2023","Enero","2023-01-23","CÓRDOBA","LORICA","","","","","","","","","","","","","","","","","","","","","","","","","","","","","1","","BD_ICV_2023"
"2023","Enero","2023-01-26","CÓRDOBA","LORICA","","","","","","","","","","","","","","","","","","","","","","","","","","","","","1","","BD_ICV_2023"
"2023","Enero","2023-01-31","CÓRDOBA","LORICA","","","","","","","","","","","","","","","","","","","","","","","","","","","","","1","","BD_ICV_2023"
"2023","Febrero","2023-02-02","CÓRDOBA","LORICA","","","","","","","","","","","","","","","","","","","","","","","","","","","","","1","","BD_ICV_2023"
"2023","Febrero","2023-02-03","CÓRDOBA","LORICA","","","","","","","","","","","","","","","","","","","","","","","","","","","","","1","","BD_ICV_2023"
"2023","Febrero","2023-02-04","CÓRDOBA","LORICA","","","","","","","","","","","","","","","","","","","","","","","","","","","","","0.5","","BD_ICV_2023"
"2023","Febrero","2023-02-05","CÓRDOBA","LORICA","","","","","","","","","","","","","","","","","","","","","","","","","","","","","1","","BD_ICV_2023"
"2023","Febrero","2023-02-09","CÓRDOBA","LORICA","","","","","","","","","","","","","","","","","","","","","","","","","","","","","1","","BD_ICV_2023"
"2023","Febrero","2023-02-11","CÓRDOBA","LORICA","","","","","","","","","","","","","","","","","","","","","","","","","","","","","1","","BD_ICV_2023"
"2023","Febrero","2023-02-14","CÓRDOBA","LORICA","","","","","","","","","","","","","","","","","","","","","","","","","","","","","1","","BD_ICV_2023"
"2023","Febrero","2023-02-15","CÓRDOBA","LORICA","","","","","","","","","","","","","","","","","","","","","","","","","","","","","1","","BD_ICV_2023"
"2023","Febrero","2023-02-18","CÓRDOBA","LORICA","","","","","","","","","","","","","","","","","","","","","","","","","","","","","1","","BD_ICV_2023"
"2023","Febrero","2023-02-18","CÓRDOBA","LORICA","","","","","","","","","","","","","","","","","","","","","","","","","","","","","1","","BD_ICV_2023"
"2023","Febrero","2023-02-20","CÓRDOBA","LORICA","","","","","","","","","","","","","","","","","","","","","","","","","","","","","0.5","","BD_ICV_2023"
"2023","Febrero","2023-02-20","CÓRDOBA","LORICA","","","","","","","","","","","","","","","","","","","","","","","","","","","","","0.5","","BD_ICV_2023"
"2023","Febrero","2023-02-22","CÓRDOBA","LORICA","","","","","","","","","","","","","","","","","","","","","","","","","","","","","1","","BD_ICV_2023"
"2023","Febrero","2023-02-26","CÓRDOBA","LORICA","","","","","","","","","","","","","","","","","","","","","","","","","","","","","0.5","","BD_ICV_2023"
"2023","Febrero","2023-02-26","CÓRDOBA","LORICA","","","","","","","","","","","","","","","","","","","","","","","","","","","","","0.5","","BD_ICV_2023"
"2023","Febrero","2023-02-27","CÓRDOBA","LORICA","","","","","","","","","","","","","","","","","","","","","","","","","","","","","0.5","","BD_ICV_2023"
"2023","Marzo","2023-03-01","CÓRDOBA","LORICA","","","","","","","","","","","","","","","","","","","","","","","","","","","","","1","","BD_ICV_2023"
"2023","Marzo","2023-03-02","CÓRDOBA","LORICA","","","","","","","","","","","","","","","","","","","","","","","","","","","","","2","","BD_ICV_2023"
"2023","Marzo","2023-03-02","CÓRDOBA","LORICA","","","","","","","","","","","","","","","","","","","","","","","","","","","","","2","","BD_ICV_2023"
"2023","Marzo","2023-03-02","CÓRDOBA","LORICA","","","","","","","","","","","","","","","","","","","","","","","","","","","","","1","","BD_ICV_2023"
"2023","Marzo","2023-03-03","CÓRDOBA","LORICA","","","","","","","","","","","","","","","","","","","","","","","","","","","","","3","","BD_ICV_2023"
"2023","Marzo","2023-03-03","CÓRDOBA","LORICA","","","","","","","","","","","","","","","","","","","","","","","","","","","","","1","","BD_ICV_2023"
"2023","Marzo","2023-03-08","CÓRDOBA","LORICA","","","","","","","","","","","","","","","","","","","","","","","","","","","","","600","","BD_ICV_2023"
"2023","Marzo","2023-03-08","CÓRDOBA","LORICA","","","","","","","","","","","","","","","","","","","","","","","","","","","","","4","","BD_ICV_2023"
"2023","Marzo","2023-03-10","CÓRDOBA","LORICA","","","","","","","","","","","","","","","","","","","","","","","","","","","","","2","","BD_ICV_2023"
"2023","Marzo","2023-03-11","CÓRDOBA","LORICA","","","","","","","","","","","","","","","","","","","","","","","","","","","","","2","","BD_ICV_2023"
"2023","Marzo","2023-03-11","CÓRDOBA","LORICA","","","","","","","","","","","","","","","","","","","","","","","","","","","","","1","","BD_ICV_2023"
"2023","Marzo","2023-03-12","CÓRDOBA","LORICA","","","","","","","","","","","","","","","","","","","","","","","","","","","","","2","","BD_ICV_2023"
"2023","Marzo","2023-03-13","CÓRDOBA","LORICA","","","","","","","","","","","","","","","","","","","","","","","","","","","","","8","","BD_ICV_2023"
"2023","Marzo","2023-03-15","CÓRDOBA","LORICA","","","","","","","","","","","","","","","","","","","","","","","","","","","","","1","","BD_ICV_2023"
"2023","Marzo","2023-03-15","CÓRDOBA","LORICA","","","","","","","","","","","","","","","","","","","","","","","","","","","","","0.5","","BD_ICV_2023"
"2023","Febrero","2023-02-09","CÓRDOBA","MONTELIBANO","","","","","","","","","","","","","","","","","","","","","","","","","","","","","1","","BD_ICV_2023"
"2023","Febrero","2023-02-18","CÓRDOBA","MONTELIBANO","","","","","","","","","","","","","","","","","","","","","","","","","","","","","1","","BD_ICV_2023"
"2023","Febrero","2023-02-25","CÓRDOBA","MONTELIBANO","","","","","","","","","","","","","","","","","","","","","","","","","","","","","1","","BD_ICV_2023"
"2023","Marzo","2023-03-03","CÓRDOBA","MONTELIBANO","","","","","","","","","","","","","","","","","","","","","","","","","","","","","2","","BD_ICV_2023"
"2023","Marzo","2023-03-04","CÓRDOBA","MONTELIBANO","","","","","","","","","","","","","","","","","","","","","","","","","","","","","2","","BD_ICV_2023"
"2023","Marzo","2023-03-10","CÓRDOBA","MONTELIBANO","","","","","","","","","","","","","","","","","","","","","","","","","","","","","1","","BD_ICV_2023"
"2023","Marzo","2023-03-11","CÓRDOBA","MONTELIBANO","","","","","","","","","","","","","","","","","","","","","","","","","","","","","50","","BD_ICV_2023"
"2023","Enero","2023-01-21","CÓRDOBA","PLANETA RICA","","","","","","","","","","","","","","","","","","","","","","","","","","","","","0.5","","BD_ICV_2023"
"2023","Febrero","2023-02-01","CÓRDOBA","PLANETA RICA","","","","","","","","","","","","","","","","","","","","","","","","","","","","","2","","BD_ICV_2023"
"2023","Febrero","2023-02-06","CÓRDOBA","PLANETA RICA","","","","","","","","","","","","","","","","","","","","","","","","","","","","","0.5","","BD_ICV_2023"
"2023","Febrero","2023-02-10","CÓRDOBA","PLANETA RICA","","","","","","","","","","","","","","","","","","","","","","","","","","","","","3","","BD_ICV_2023"
"2023","Febrero","2023-02-13","CÓRDOBA","PLANETA RICA","","","","","","","","","","","","","","","","","","","","","","","","","","","","","2","","BD_ICV_2023"
"2023","Febrero","2023-02-13","CÓRDOBA","PLANETA RICA","","","","","","","","","","","","","","","","","","","","","","","","","","","","","1","","BD_ICV_2023"
"2023","Febrero","2023-02-19","CÓRDOBA","PLANETA RICA","","","","","","","","","","","","","","","","","","","","","","","","","","","","","0.5","","BD_ICV_2023"
"2023","Febrero","2023-02-22","CÓRDOBA","PLANETA RICA","","","","","","","","","","","","","","","","","","","","","","","","","","","","","1","","BD_ICV_2023"
"2023","Febrero","2023-02-26","CÓRDOBA","PLANETA RICA","","","","","","","","","","","","","","","","","","","","","","","","","","","","","1","","BD_ICV_2023"
"2023","Marzo","2023-03-07","CÓRDOBA","PLANETA RICA","","","","","","","","","","","","","","","","","","","","","","","","","","","","","1","","BD_ICV_2023"
"2023","Marzo","2023-03-10","CÓRDOBA","PLANETA RICA","","","","","","","","","","","","","","","","","","","","","","","","","","","","","30","","BD_ICV_2023"
"2023","Marzo","2023-03-12","CÓRDOBA","PLANETA RICA","","","","","","","","","","","","","","","","","","","","","","","","","","","","","4","","BD_ICV_2023"
"2023","Febrero","2023-02-19","CÓRDOBA","PUEBLO NUEVO","","","","","","","","","","","","","","","","","","","","","","","","","","","","","7","","BD_ICV_2023"
"2023","Febrero","2023-02-23","CÓRDOBA","PUEBLO NUEVO","","","","","","","","","","","","","","","","","","","","","","","","","","","","","1","","BD_ICV_2023"
"2023","Marzo","2023-03-08","CÓRDOBA","PUEBLO NUEVO","","","","","","","","","","","","","","","","","","","","","","","","","","","","","1","","BD_ICV_2023"
"2023","Marzo","2023-03-15","CÓRDOBA","PUEBLO NUEVO","","","","","","","","","","","","","","","","","","","","","","","","","","","","","60","","BD_ICV_2023"
"2023","Febrero","2023-02-20","CÓRDOBA","PUERTO LIBERTADOR","","","","","","","","","","","","","","","","","","","","","","","","","","","","","10","","BD_ICV_2023"
"2023","Febrero","2023-02-26","CÓRDOBA","PUERTO LIBERTADOR","","","","","","","","","","","","","","","","","","","","","","","","","","","","","0.5","","BD_ICV_2023"
"2023","Marzo","2023-03-10","CÓRDOBA","PUERTO LIBERTADOR","","","","","","","","","","","","","","","","","","","","","","","","","","","","","20","","BD_ICV_2023"
"2023","Marzo","2023-03-14","CÓRDOBA","PUERTO LIBERTADOR","","","","","","","","","","","","","","","","","","","","","","","","","","","","","6","","BD_ICV_2023"
"2023","Febrero","2023-02-03","CÓRDOBA","SAHAGÚN","","","","","","","","","","","","","","","","","","","","","","","","","","","","","12","","BD_ICV_2023"
"2023","Febrero","2023-02-05","CÓRDOBA","SAHAGÚN","","","","","","","","","","","","","","","","","","","","","","","","","","","","","0.5","","BD_ICV_2023"
"2023","Febrero","2023-02-07","CÓRDOBA","SAHAGÚN","","","","","","","","","","","","","","","","","","","","","","","","","","","","","10","","BD_ICV_2023"
"2023","Febrero","2023-02-07","CÓRDOBA","SAHAGÚN","","","","","","","","","","","","","","","","","","","","","","","","","","","","","1","","BD_ICV_2023"
"2023","Febrero","2023-02-08","CÓRDOBA","SAHAGÚN","","","","","","","","","","","","","","","","","","","","","","","","","","","","","7","","BD_ICV_2023"
"2023","Febrero","2023-02-13","CÓRDOBA","SAHAGÚN","","","","","","","","","","","","","","","","","","","","","","","","","","","","","0.5","","BD_ICV_2023"
"2023","Febrero","2023-02-13","CÓRDOBA","SAHAGÚN","","","","","","","","","","","","","","","","","","","","","","","","","","","","","0.5","","BD_ICV_2023"
"2023","Febrero","2023-02-19","CÓRDOBA","SAHAGÚN","","","","","","","","","","","","","","","","","","","","","","","","","","","","","3","","BD_ICV_2023"
"2023","Febrero","2023-02-20","CÓRDOBA","SAHAGÚN","","","","","","","","","","","","","","","","","","","","","","","","","","","","","25","","BD_ICV_2023"
"2023","Febrero","2023-02-21","CÓRDOBA","SAHAGÚN","","","","","","","","","","","","","","","","","","","","","","","","","","","","","1","","BD_ICV_2023"
"2023","Febrero","2023-02-22","CÓRDOBA","SAHAGÚN","","","","","","","","","","","","","","","","","","","","","","","","","","","","","12","","BD_ICV_2023"
"2023","Febrero","2023-02-23","CÓRDOBA","SAHAGÚN","","","","","","","","","","","","","","","","","","","","","","","","","","","","","6","","BD_ICV_2023"
"2023","Febrero","2023-02-23","CÓRDOBA","SAHAGÚN","","","","","","","","","","","","","","","","","","","","","","","","","","","","","3","","BD_ICV_2023"
"2023","Febrero","2023-02-25","CÓRDOBA","SAHAGÚN","","","","","","","","","","","","","","","","","","","","","","","","","","","","","4","","BD_ICV_2023"
"2023","Febrero","2023-02-08","CÓRDOBA","SAN JOSE DE URÉ","","","","","","","","","","","","","","","","","","","","","","","","","","","","","0.5","","BD_ICV_2023"
"2023","Enero","2023-01-31","CÓRDOBA","TIERRALTA","","","","","","","","","","","","","","","","","","","","","","","","","","","","","1","","BD_ICV_2023"
"2023","Febrero","2023-02-04","CÓRDOBA","TIERRALTA","","","","","","","","","","","","","","","","","","","","","","","","","","","","","1","","BD_ICV_2023"
"2023","Febrero","2023-02-09","CÓRDOBA","TIERRALTA","","","","","","","","","","","","","","","","","","","","","","","","","","","","","3","","BD_ICV_2023"
"2023","Febrero","2023-02-11","CÓRDOBA","TIERRALTA","","","","","","","","","","","","","","","","","","","","","","","","","","","","","40","","BD_ICV_2023"
"2023","Febrero","2023-02-15","CÓRDOBA","TIERRALTA","","","","","","","","","","","","","","","","","","","","","","","","","","","","","2","","BD_ICV_2023"
"2023","Marzo","2023-03-07","CÓRDOBA","TIERRALTA","","","","","","","","","","","","","","","","","","","","","","","","","","","","","3","","BD_ICV_2023"
"2023","Marzo","2023-03-08","CÓRDOBA","TIERRALTA","","","","","","","","","","","","","","","","","","","","","","","","","","","","","2","","BD_ICV_2023"
"2023","Marzo","2023-03-11","CÓRDOBA","TIERRALTA","","","","","","","","","","","","","","","","","","","","","","","","","","","","","2","","BD_ICV_2023"
"2023","Marzo","2023-03-14","CÓRDOBA","TIERRALTA","","","","","","","","","","","","","","","","","","","","","","","","","","","","","1","","BD_ICV_2023"
"2023","Marzo","2023-03-15","CÓRDOBA","TIERRALTA","","","","","","","","","","","","","","","","","","","","","","","","","","","","","1","","BD_ICV_2023"
"2023","Abril","2023-04-06","CÓRDOBA","VALENCIA","","","","","","","","","","","","","","","","","","","","","","","","","","","","","35","","BD_ICV_2023"
"2023","Septiembre","2023-09-01","CUNDINAMARCA","AGUA DE DIOS","","","","","","","","","","","","","","","","","","","","","","","","","","","","","2","","BD_ICV_2023"
"2023","Septiembre","2023-09-11","CUNDINAMARCA","AGUA DE DIOS","VEREDA CENTRO","","","","","","","","","","","","","","","","","","","","","","","","","","","","14.86","","BD_ICV_2023"
"2023","Septiembre","2023-09-11","CUNDINAMARCA","AGUA DE DIOS","","","","","","","","","","","","","","","","","","","","","","","","","","","","","1","","BD_ICV_2023"
"2023","Septiembre","2023-09-27","CUNDINAMARCA","AGUA DE DIOS","VEREDA AGUAS FRIAS","","","","","","","","","","","","","","","","","","","","","","","","","","","","8.2799999999999994","","BD_ICV_2023"
"2023","Octubre","2023-10-02","CUNDINAMARCA","AGUA DE DIOS","VEREDA SANTA HELENA","","","","","","","","","","","","","","","","","","","","","","","","","","","","1.65","","BD_ICV_2023"
"2023","Octubre","2023-10-03","CUNDINAMARCA","AGUA DE DIOS","","","","","","","","","","","","","","","","","","","","","","","","","","","","","3","","BD_ICV_2023"
"2023","Septiembre","2023-09-13","CUNDINAMARCA","ANAPOIMA","","","","","","","","","","","","","","","","","","","","","","","","","","","","","4","","BD_ICV_2023"
"2023","Diciembre","2023-12-13","CUNDINAMARCA","ANAPOIMA","","","","","","","","","","","","","","","","","","","","","","","","","","","","","1","","BD_ICV_2023"
"2023","Agosto","2023-08-10","CUNDINAMARCA","ANOLAIMA","","","","","","","","","","","","","","","","","","","","","","","","","","","","","1","","BD_ICV_2023"
"2023","Agosto","2023-08-11","CUNDINAMARCA","ANOLAIMA","","","","","","","","","","","","","","","","","","","","","","","","","","","","","1","","BD_ICV_2023"
"2023","Agosto","2023-08-30","CUNDINAMARCA","ANOLAIMA","VEREDAS LUCHIMA Y EL RETIRO","","","","","","","","","","","","","","","","","","","","","","","","","","","","55.9","","BD_ICV_2023"
"2023","Septiembre","2023-09-16","CUNDINAMARCA","ANOLAIMA","","","","","","","","","","","","","","","","","","","","","","","","","","","","","1","","BD_ICV_2023"
"2023","Agosto","2023-08-01","CUNDINAMARCA","APULO","","","","","","","","","","","","","","","","","","","","","","","","","","","","","4","","BD_ICV_2023"
"2023","Agosto","2023-08-10","CUNDINAMARCA","APULO","","","","","","","","","","","","","","","","","","","","","","","","","","","","","4","","BD_ICV_2023"
"2023","Agosto","2023-08-11","CUNDINAMARCA","APULO","","","","","","","","","","","","","","","","","","","","","","","","","","","","","2","","BD_ICV_2023"
"2023","Agosto","2023-08-16","CUNDINAMARCA","APULO","","","","","","","","","","","","","","","","","","","","","","","","","","","","","2","","BD_ICV_2023"
"2023","Agosto","2023-08-17","CUNDINAMARCA","APULO","","","","","","","","","","","","","","","","","","","","","","","","","","","","","1.5","","BD_ICV_2023"
"2023","Agosto","2023-08-26","CUNDINAMARCA","APULO","","","","","","","","","","","","","","","","","","","","","","","","","","","","","1","","BD_ICV_2023"
"2023","Septiembre","2023-09-05","CUNDINAMARCA","APULO","","","","","","","","","","","","","","","","","","","","","","","","","","","","","4","","BD_ICV_2023"
"2023","Septiembre","2023-09-23","CUNDINAMARCA","APULO","","","","","","","","","","","","","","","","","","","","","","","","","","","","","2","","BD_ICV_2023"
"2023","Julio","2023-07-25","CUNDINAMARCA","ARBELAEZ","","","","","","","","","","","","","","","","","","","","","","","","","","","","","4","","BD_ICV_2023"
"2023","Agosto","2023-08-02","CUNDINAMARCA","ARBELAEZ","","","","","","","","","","","","","","","","","","","","","","","","","","","","","2","","BD_ICV_2023"
"2023","Agosto","2023-08-30","CUNDINAMARCA","ARBELAEZ","","","","","","","","","","","","","","","","","","","","","","","","","","","","","2","","BD_ICV_2023"
"2023","Agosto","2023-08-02","CUNDINAMARCA","ARBELÁEZ","VEREDA SAN ROQUE  SECTOR JICUA","","","","","","","","","","","","","","","","","","","","","","","","","","","","0.11","","BD_ICV_2023"
"2023","Agosto","2023-08-04","CUNDINAMARCA","BELTRÁN","VEREDA PAQUILO","","","","","","","","","","","","","","","","","","","","","","","","","","","","10.11","","BD_ICV_2023"
"2023","Agosto","2023-08-28","CUNDINAMARCA","BITUIMA","","","","","","","","","","","","","","","","","","","","","","","","","","","","","1","","BD_ICV_2023"
"2023","Septiembre","2023-09-01","CUNDINAMARCA","BOJACA","","","","","","","","","","","","","","","","","","","","","","","","","","","","","4","","BD_ICV_2023"
"2023","Septiembre","2023-09-02","CUNDINAMARCA","BOJACA","","","","","","","","","","","","","","","","","","","","","","","","","","","","","4","","BD_ICV_2023"
"2023","Septiembre","2023-09-15","CUNDINAMARCA","BOJACA","","","","","","","","","","","","","","","","","","","","","","","","","","","","","145","","BD_ICV_2023"
"2023","Septiembre","2023-09-15","CUNDINAMARCA","BOJACA","","","","","","","","","","","","","","","","","","","","","","","","","","","","","0.5","","BD_ICV_2023"
"2023","Febrero","2023-02-25","CUNDINAMARCA","BOJACÁ","VEREDA BARRO BLANCO","","","","","","","","","","","","","","","","","","","","","","","","","","","","2.8","","BD_ICV_2023"
"2023","Septiembre","2023-09-01","CUNDINAMARCA","BOJACÁ","VEREDA BARRO BLANCO SECTOR CANTERAS","","","","","","","","","","","","","","","","","","","","","","","","","","","","1.2","","BD_ICV_2023"
"2023","Septiembre","2023-09-15","CUNDINAMARCA","BOJACÁ","VEREDAS CUBIA, CORTEZ Y BARRO BLANCO SECTOR PARQUE ARQUEOLOGICO PIEDRAS DE  CHIVO  NEGRO","","","","","","","","","","","","","","","","","","","","","","","","","","","","201.3","","BD_ICV_2023"
"2023","Septiembre","2023-09-15","CUNDINAMARCA","BOJACÁ","VEREDA FUCTER","","","","","","","","","","","","","","","","","","","","","","","","","","","","0.72","","BD_ICV_2023"
"2023","Febrero","2023-02-24","CUNDINAMARCA","CABRERA","","","","","","","","","","","","","","","","","","","","","","","","","","","","","1","","BD_ICV_2023"
"2023","Agosto","2023-08-14","CUNDINAMARCA","CABRERA","ALTO ARIARI","","","","","","","","","","","","","","","","","","","","","","","","","","","","1.23","","BD_ICV_2023"
"2023","Septiembre","2023-09-08","CUNDINAMARCA","CABRERA","VEREDA ALTO DE ARIARI","","","","","","","","","","","","","","","","","","","","","","","","","","","","3.64","","BD_ICV_2023"
"2023","Julio","2023-07-23","CUNDINAMARCA","CAPARRAPI","","","","","","","","","","","","","","","","","","","","","","","","","","","","","10","","BD_ICV_2023"
"2023","Agosto","2023-08-03","CUNDINAMARCA","CAPARRAPI","","","","","","","","","","","","","","","","","","","","","","","","","","","","","1","","BD_ICV_2023"
"2023","Agosto","2023-08-09","CUNDINAMARCA","CAPARRAPI","","","","","","","","","","","","","","","","","","","","","","","","","","","","","40","","BD_ICV_2023"
"2023","Agosto","2023-08-14","CUNDINAMARCA","CAPARRAPI","","","","","","","","","","","","","","","","","","","","","","","","","","","","","31","","BD_ICV_2023"
"2023","Julio","2023-07-20","CUNDINAMARCA","CAPARRAPÍ","vereda Patalinares","","","","","","","","","","","","","","","","","","","","","","","","","","","","3.2","","BD_ICV_2023"
"2023","Agosto","2023-08-08","CUNDINAMARCA","CAPARRAPÍ","VEREDA  PATALINARES","","","","","","","","","","","","","","","","","","","","","","","","","","","","18.059999999999999","","BD_ICV_2023"
"2023","Agosto","2023-08-10","CUNDINAMARCA","CAPARRAPÍ","VEREDA CHARCO DE INDIOS SECTOR  4 CAMINOS","","","","","","","","","","","","","","","","","","","","","","","","","","","","29.59","","BD_ICV_2023"
"2023","Agosto","2023-08-14","CUNDINAMARCA","CAPARRAPÍ","VEREDA  PATALINARES","","","","","","","","","","","","","","","","","","","","","","","","","","","","30.33","","BD_ICV_2023"
"2023","Enero","2023-01-01","CUNDINAMARCA","CAQUEZA","","","","","","","","","","","","","","","","","","","","","","","","","","","","","1","","BD_ICV_2023"
"2023","Enero","2023-01-27","CUNDINAMARCA","CAQUEZA","","","","","","","","","","","","","","","","","","","","","","","","","","","","","1","","BD_ICV_2023"
"2023","Enero","2023-01-27","CUNDINAMARCA","CAQUEZA","","","","","","","","","","","","","","","","","","","","","","","","","","","","","1","","BD_ICV_2023"
"2023","Enero","2023-01-28","CUNDINAMARCA","CAQUEZA","","","","","","","","","","","","","","","","","","","","","","","","","","","","","3","","BD_ICV_2023"
"2023","Enero","2023-01-28","CUNDINAMARCA","CAQUEZA","","","","","","","","","","","","","","","","","","","","","","","","","","","","","3","","BD_ICV_2023"
"2023","Enero","2023-01-28","CUNDINAMARCA","CAQUEZA","","","","","","","","","","","","","","","","","","","","","","","","","","","","","1.5","","BD_ICV_2023"
"2023","Enero","2023-01-28","CUNDINAMARCA","CAQUEZA","","","","","","","","","","","","","","","","","","","","","","","","","","","","","1.5","","BD_ICV_2023"
"2023","Enero","2023-01-29","CUNDINAMARCA","CAQUEZA","","","","","","","","","","","","","","","","","","","","","","","","","","","","","6","","BD_ICV_2023"
"2023","Febrero","2023-02-02","CUNDINAMARCA","CAQUEZA","","","","","","","","","","","","","","","","","","","","","","","","","","","","","0.5","","BD_ICV_2023"
"2023","Febrero","2023-02-03","CUNDINAMARCA","CAQUEZA","","","","","","","","","","","","","","","","","","","","","","","","","","","","","20","","BD_ICV_2023"
"2023","Febrero","2023-02-04","CUNDINAMARCA","CAQUEZA","","","","","","","","","","","","","","","","","","","","","","","","","","","","","3","","BD_ICV_2023"
"2023","Febrero","2023-02-04","CUNDINAMARCA","CAQUEZA","","","","","","","","","","","","","","","","","","","","","","","","","","","","","2","","BD_ICV_2023"
"2023","Febrero","2023-02-05","CUNDINAMARCA","CAQUEZA","","","","","","","","","","","","","","","","","","","","","","","","","","","","","50","","BD_ICV_2023"
"2023","Febrero","2023-02-05","CUNDINAMARCA","CAQUEZA","","","","","","","","","","","","","","","","","","","","","","","","","","","","","20","","BD_ICV_2023"
"2023","Febrero","2023-02-07","CUNDINAMARCA","CAQUEZA","","","","","","","","","","","","","","","","","","","","","","","","","","","","","3","","BD_ICV_2023"
"2023","Febrero","2023-02-10","CUNDINAMARCA","CAQUEZA","","","","","","","","","","","","","","","","","","","","","","","","","","","","","1","","BD_ICV_2023"
"2023","Febrero","2023-02-11","CUNDINAMARCA","CAQUEZA","","","","","","","","","","","","","","","","","","","","","","","","","","","","","2","","BD_ICV_2023"
"2023","Febrero","2023-02-14","CUNDINAMARCA","CAQUEZA","","","","","","","","","","","","","","","","","","","","","","","","","","","","","1","","BD_ICV_2023"
"2023","Febrero","2023-02-14","CUNDINAMARCA","CAQUEZA","","","","","","","","","","","","","","","","","","","","","","","","","","","","","1","","BD_ICV_2023"
"2023","Febrero","2023-02-14","CUNDINAMARCA","CAQUEZA","","","","","","","","","","","","","","","","","","","","","","","","","","","","","1","","BD_ICV_2023"
"2023","Febrero","2023-02-14","CUNDINAMARCA","CAQUEZA","","","","","","","","","","","","","","","","","","","","","","","","","","","","","1","","BD_ICV_2023"
"2023","Febrero","2023-02-14","CUNDINAMARCA","CAQUEZA","","","","","","","","","","","","","","","","","","","","","","","","","","","","","1","","BD_ICV_2023"
"2023","Febrero","2023-02-18","CUNDINAMARCA","CAQUEZA","","","","","","","","","","","","","","","","","","","","","","","","","","","","","1","","BD_ICV_2023"
"2023","Febrero","2023-02-21","CUNDINAMARCA","CAQUEZA","","","","","","","","","","","","","","","","","","","","","","","","","","","","","1","","BD_ICV_2023"
"2023","Marzo","2023-03-01","CUNDINAMARCA","CAQUEZA","","","","","","","","","","","","","","","","","","","","","","","","","","","","","1","","BD_ICV_2023"
"2023","Marzo","2023-03-23","CUNDINAMARCA","CAQUEZA","","","","","","","","","","","","","","","","","","","","","","","","","","","","","40","","BD_ICV_2023"
"2023","Agosto","2023-08-29","CUNDINAMARCA","CAQUEZA","","","","","","","","","","","","","","","","","","","","","","","","","","","","","1","","BD_ICV_2023"
"2023","Diciembre","2023-12-06","CUNDINAMARCA","CAQUEZA","","","","","","","","","","","","","","","","","","","","","","","","","","","","","35","","BD_ICV_2023"
"2023","Diciembre","2023-12-08","CUNDINAMARCA","CAQUEZA","","","","","","","","","","","","","","","","","","","","","","","","","","","","","1","","BD_ICV_2023"
"2023","Febrero","2023-02-14","CUNDINAMARCA","CARMEN DE CARUPA","VEREDA CORRALEJA","","","","","","","","","","","","","","","","","","","","","","","","","","","","1","","BD_ICV_2023"
"2023","Septiembre","2023-09-22","CUNDINAMARCA","CARMEN DE CARUPA","VEREDA LLANO GRANDE  SECTOR EL HATO","","","","","","","","","","","","","","","","","","","","","","","","","","","","0.25","","BD_ICV_2023"
"2023","Octubre","2023-10-01","CUNDINAMARCA","CARMEN DE CARUPA","","","","","","","","","","","","","","","","","","","","","","","","","","","","","3","","BD_ICV_2023"
"2023","Junio","2023-06-11","CUNDINAMARCA","CHAGUANI","","","","","","","","","","","","","","","","","","","","","","","","","","","","","1","","BD_ICV_2023"
"2023","Junio","2023-06-16","CUNDINAMARCA","CHAGUANI","","","","","","","","","","","","","","","","","","","","","","","","","","","","","2","","BD_ICV_2023"
"2023","Agosto","2023-08-31","CUNDINAMARCA","CHAGUANI","","","","","","","","","","","","","","","","","","","","","","","","","","","","","1","","BD_ICV_2023"
"2023","Septiembre","2023-09-23","CUNDINAMARCA","CHAGUANI","","","","","","","","","","","","","","","","","","","","","","","","","","","","","6","","BD_ICV_2023"
"2023","Julio","2023-07-18","CUNDINAMARCA","CHAGUANÍ","VEREDA BRAMADEROS","","","","","","","","","","","","","","","","","","","","","","","","","","","","0.64","","BD_ICV_2023"
"2023","Agosto","2023-08-05","CUNDINAMARCA","CHAGUANÍ","VEREDA PEDRERAL SECTOR LA VEGA","","","","","","","","","","","","","","","","","","","","","","","","","","","","2.4","","BD_ICV_2023"
"2023","Agosto","2023-08-31","CUNDINAMARCA","CHAGUANÍ","VEREDA NUQUIA","","","","","","","","","","","","","","","","","","","","","","","","","","","","4","","BD_ICV_2023"
"2023","Febrero","2023-02-02","CUNDINAMARCA","CHIPAQUE","","","","","","","","","","","","","","","","","","","","","","","","","","","","","1","","BD_ICV_2023"
"2023","Febrero","2023-02-03","CUNDINAMARCA","CHIPAQUE","","","","","","","","","","","","","","","","","","","","","","","","","","","","","2","","BD_ICV_2023"
"2023","Febrero","2023-02-03","CUNDINAMARCA","CHIPAQUE","","","","","","","","","","","","","","","","","","","","","","","","","","","","","1","","BD_ICV_2023"
"2023","Febrero","2023-02-09","CUNDINAMARCA","CHIPAQUE","","","","","","","","","","","","","","","","","","","","","","","","","","","","","2.5","","BD_ICV_2023"
"2023","Febrero","2023-02-20","CUNDINAMARCA","CHIPAQUE","","","","","","","","","","","","","","","","","","","","","","","","","","","","","3","","BD_ICV_2023"
"2023","Enero","2023-01-31","CUNDINAMARCA","CHOACHI","","","","","","","","","","","","","","","","","","","","","","","","","","","","","1","","BD_ICV_2023"
"2023","Febrero","2023-02-01","CUNDINAMARCA","CHOACHI","","","","","","","","","","","","","","","","","","","","","","","","","","","","","1","","BD_ICV_2023"
"2023","Febrero","2023-02-03","CUNDINAMARCA","CHOACHI","","","","","","","","","","","","","","","","","","","","","","","","","","","","","1","","BD_ICV_2023"
"2023","Febrero","2023-02-05","CUNDINAMARCA","CHOACHI","","","","","","","","","","","","","","","","","","","","","","","","","","","","","1","","BD_ICV_2023"
"2023","Febrero","2023-02-06","CUNDINAMARCA","CHOACHI","","","","","","","","","","","","","","","","","","","","","","","","","","","","","25","","BD_ICV_2023"
"2023","Febrero","2023-02-24","CUNDINAMARCA","CHOACHI","","","","","","","","","","","","","","","","","","","","","","","","","","","","","6","","BD_ICV_2023"
"2023","Febrero","2023-02-24","CUNDINAMARCA","CHOACHI","","","","","","","","","","","","","","","","","","","","","","","","","","","","","0.5","","BD_ICV_2023"
"2023","Febrero","2023-02-25","CUNDINAMARCA","CHOACHI","","","","","","","","","","","","","","","","","","","","","","","","","","","","","1","","BD_ICV_2023"
"2023","Marzo","2023-03-01","CUNDINAMARCA","CHOACHI","","","","","","","","","","","","","","","","","","","","","","","","","","","","","1","","BD_ICV_2023"
"2023","Marzo","2023-03-01","CUNDINAMARCA","CHOACHI","","","","","","","","","","","","","","","","","","","","","","","","","","","","","1","","BD_ICV_2023"
"2023","Abril","2023-04-13","CUNDINAMARCA","CHOACHI","","","","","","","","","","","","","","","","","","","","","","","","","","","","","1","","BD_ICV_2023"
"2023","Diciembre","2023-12-11","CUNDINAMARCA","CHOACHI","","","","","","","","","","","","","","","","","","","","","","","","","","","","","1","","BD_ICV_2023"
"2023","Febrero","2023-02-04","CUNDINAMARCA","CHOCONTA","","","","","","","","","","","","","","","","","","","","","","","","","","","","","8","","BD_ICV_2023"
"2023","Febrero","2023-02-03","CUNDINAMARCA","CHOCONTÁ","VEREDA CHINGACIO Y VEREDA APOSENTOS","","","","","","","","","","","","","","","","","","","","","","","","","","","","1.47","","BD_ICV_2023"
"2023","Febrero","2023-02-18","CUNDINAMARCA","CHOCONTÁ","VEREDA EL HATO","","","","","","","","","","","","","","","","","","","","","","","","","","","","2.8","","BD_ICV_2023"
"2023","Octubre","2023-10-15","CUNDINAMARCA","COGUA","","","","","","","","","","","","","","","","","","","","","","","","","","","","","23","","BD_ICV_2023"
"2023","Septiembre","2023-09-21","CUNDINAMARCA","CUCUNUBA","","","","","","","","","","","","","","","","","","","","","","","","","","","","","0.5","","BD_ICV_2023"
"2023","Diciembre","2023-12-26","CUNDINAMARCA","CUCUNUBA","","","","","","","","","","","","","","","","","","","","","","","","","","","","","2","","BD_ICV_2023"
"2023","Octubre","2023-10-02","CUNDINAMARCA","EL COLEGIO","","","","","","","","","","","","","","","","","","","","","","","","","","","","","1.5","","BD_ICV_2023"
"2023","Diciembre","2023-12-12","CUNDINAMARCA","EL COLEGIO","","","","","","","","","","","","","","","","","","","","","","","","","","","","","1","","BD_ICV_2023"
"2023","Diciembre","2023-12-12","CUNDINAMARCA","EL COLEGIO","","","","","","","","","","","","","","","","","","","","","","","","","","","","","0.5","","BD_ICV_2023"
"2023","Junio","2023-06-24","CUNDINAMARCA","EL PEÑÓN","VEREDA TENDIDOS","","","","","","","","","","","","","","","","","","","","","","","","","","","","1.04","","BD_ICV_2023"
"2023","Agosto","2023-08-29","CUNDINAMARCA","FACATATIVA","","","","","","","","","","","","","","","","","","","","","","","","","","","","","1","","BD_ICV_2023"
"2023","Agosto","2023-08-31","CUNDINAMARCA","FACATATIVA","","","","","","","","","","","","","","","","","","","","","","","","","","","","","1","","BD_ICV_2023"
"2023","Septiembre","2023-09-22","CUNDINAMARCA","FACATATIVA","","","","","","","","","","","","","","","","","","","","","","","","","","","","","1","","BD_ICV_2023"
"2023","Agosto","2023-08-29","CUNDINAMARCA","FACATATIVÁ","SECTOR LOMA DE CARTAGENITA","","","","","","","","","","","","","","","","","","","","","","","","","","","","1.1000000000000001","","BD_ICV_2023"
"2023","Enero","2023-01-25","CUNDINAMARCA","FOMEQUE","","","","","","","","","","","","","","","","","","","","","","","","","","","","","7","","BD_ICV_2023"
"2023","Enero","2023-01-25","CUNDINAMARCA","FOMEQUE","","","","","","","","","","","","","","","","","","","","","","","","","","","","","7","","BD_ICV_2023"
"2023","Enero","2023-01-25","CUNDINAMARCA","FOMEQUE","","","","","","","","","","","","","","","","","","","","","","","","","","","","","7","","BD_ICV_2023"
"2023","Enero","2023-01-27","CUNDINAMARCA","FOMEQUE","","","","","","","","","","","","","","","","","","","","","","","","","","","","","1","","BD_ICV_2023"
"2023","Febrero","2023-02-06","CUNDINAMARCA","FOMEQUE","","","","","","","","","","","","","","","","","","","","","","","","","","","","","25","","BD_ICV_2023"
"2023","Febrero","2023-02-08","CUNDINAMARCA","FOMEQUE","","","","","","","","","","","","","","","","","","","","","","","","","","","","","2","","BD_ICV_2023"
"2023","Febrero","2023-02-21","CUNDINAMARCA","FOMEQUE","","","","","","","","","","","","","","","","","","","","","","","","","","","","","6","","BD_ICV_2023"
"2023","Febrero","2023-02-25","CUNDINAMARCA","FOMEQUE","","","","","","","","","","","","","","","","","","","","","","","","","","","","","40","","BD_ICV_2023"
"2023","Junio","2023-06-14","CUNDINAMARCA","FOMEQUE","","","","","","","","","","","","","","","","","","","","","","","","","","","","","1","","BD_ICV_2023"
"2023","Octubre","2023-10-02","CUNDINAMARCA","FOMEQUE","","","","","","","","","","","","","","","","","","","","","","","","","","","","","4","","BD_ICV_2023"
"2023","Enero","2023-01-29","CUNDINAMARCA","FOSCA","","","","","","","","","","","","","","","","","","","","","","","","","","","","","6","","BD_ICV_2023"
"2023","Febrero","2023-02-23","CUNDINAMARCA","FOSCA","","","","","","","","","","","","","","","","","","","","","","","","","","","","","530","","BD_ICV_2023"
"2023","Febrero","2023-02-07","CUNDINAMARCA","FUSAGASUGA","","","","","","","","","","","","","","","","","","","","","","","","","","","","","1","","BD_ICV_2023"
"2023","Febrero","2023-02-11","CUNDINAMARCA","FUSAGASUGA","","","","","","","","","","","","","","","","","","","","","","","","","","","","","10","","BD_ICV_2023"
"2023","Febrero","2023-02-13","CUNDINAMARCA","FUSAGASUGA","","","","","","","","","","","","","","","","","","","","","","","","","","","","","3","","BD_ICV_2023"
"2023","Agosto","2023-08-30","CUNDINAMARCA","FUSAGASUGA","","","","","","","","","","","","","","","","","","","","","","","","","","","","","2","","BD_ICV_2023"
"2023","Noviembre","2023-11-17","CUNDINAMARCA","FUSAGASUGA","","","","","","","","","","","","","","","","","","","","","","","","","","","","","3","","BD_ICV_2023"
"2023","Noviembre","2023-11-30","CUNDINAMARCA","FUSAGASUGA","","","","","","","","","","","","","","","","","","","","","","","","","","","","","1.5","","BD_ICV_2023"
"2023","Enero","2023-01-28","CUNDINAMARCA","GACHALA","","","","","","","","","","","","","","","","","","","","","","","","","","","","","10","","BD_ICV_2023"
"2023","Enero","2023-01-29","CUNDINAMARCA","GACHALA","","","","","","","","","","","","","","","","","","","","","","","","","","","","","1","","BD_ICV_2023"
"2023","Febrero","2023-02-14","CUNDINAMARCA","GACHALA","","","","","","","","","","","","","","","","","","","","","","","","","","","","","4","","BD_ICV_2023"
"2023","Febrero","2023-02-21","CUNDINAMARCA","GACHALA","","","","","","","","","","","","","","","","","","","","","","","","","","","","","1","","BD_ICV_2023"
"2023","Febrero","2023-02-23","CUNDINAMARCA","GACHALA","","","","","","","","","","","","","","","","","","","","","","","","","","","","","1","","BD_ICV_2023"
"2023","Enero","2023-01-31","CUNDINAMARCA","GACHETA","","","","","","","","","","","","","","","","","","","","","","","","","","","","","1","","BD_ICV_2023"
"2023","Febrero","2023-02-04","CUNDINAMARCA","GACHETA","","","","","","","","","","","","","","","","","","","","","","","","","","","","","0.5","","BD_ICV_2023"
"2023","Febrero","2023-02-08","CUNDINAMARCA","GACHETA","","","","","","","","","","","","","","","","","","","","","","","","","","","","","1","","BD_ICV_2023"
"2023","Febrero","2023-02-13","CUNDINAMARCA","GACHETA","","","","","","","","","","","","","","","","","","","","","","","","","","","","","1","","BD_ICV_2023"
"2023","Febrero","2023-02-06","CUNDINAMARCA","GAMA","","","","","","","","","","","","","","","","","","","","","","","","","","","","","0.5","","BD_ICV_2023"
"2023","Febrero","2023-02-13","CUNDINAMARCA","GAMA","","","","","","","","","","","","","","","","","","","","","","","","","","","","","1","","BD_ICV_2023"
"2023","Febrero","2023-02-14","CUNDINAMARCA","GAMA","","","","","","","","","","","","","","","","","","","","","","","","","","","","","2","","BD_ICV_2023"
"2023","Agosto","2023-08-31","CUNDINAMARCA","GIRARDOT","","","","","","","","","","","","","","","","","","","","","","","","","","","","","1","","BD_ICV_2023"
"2023","Septiembre","2023-09-13","CUNDINAMARCA","GIRARDOT","","","","","","","","","","","","","","","","","","","","","","","","","","","","","60","","BD_ICV_2023"
"2023","Septiembre","2023-09-13","CUNDINAMARCA","GIRARDOT","VEREDA SAN LORENZO SECTOR LA RECEBERA","","","","","","","","","","","","","","","","","","","","","","","","","","","","3.96","","BD_ICV_2023"
"2023","Septiembre","2023-09-15","CUNDINAMARCA","GIRARDOT","CASCO URBANO BARRIO RAMON BUENO - VEREDA CORDILLERA ALONZO VERA.SECTOR DE KEOPS - VEREDA CORAZON DE","","","","","","","","","","","","","","","","","","","","","","","","","","","","7.45","","BD_ICV_2023"
"2023","Septiembre","2023-09-15","CUNDINAMARCA","GIRARDOT","","","","","","","","","","","","","","","","","","","","","","","","","","","","","0.5","","BD_ICV_2023"
"2023","Julio","2023-07-25","CUNDINAMARCA","GUACHETA","","","","","","","","","","","","","","","","","","","","","","","","","","","","","2","","BD_ICV_2023"
"2023","Septiembre","2023-09-13","CUNDINAMARCA","GUACHETA","","","","","","","","","","","","","","","","","","","","","","","","","","","","","0.8","","BD_ICV_2023"
"2023","Julio","2023-07-25","CUNDINAMARCA","GUACHETÁ","VEREDA NENGUA","","","","","","","","","","","","","","","","","","","","","","","","","","","","1","","BD_ICV_2023"
"2023","Febrero","2023-02-03","CUNDINAMARCA","GUADUAS","","","","","","","","","","","","","","","","","","","","","","","","","","","","","0.5","","BD_ICV_2023"
"2023","Julio","2023-07-20","CUNDINAMARCA","GUADUAS","la vereda Barbascales","","","","","","","","","","","","","","","","","","","","","","","","","","","","7.69","","BD_ICV_2023"
"2023","Agosto","2023-08-30","CUNDINAMARCA","GUADUAS","","","","","","","","","","","","","","","","","","","","","","","","","","","","","1","","BD_ICV_2023"
"2023","Febrero","2023-02-04","CUNDINAMARCA","GUASCA","","","","","","","","","","","","","","","","","","","","","","","","","","","","","0.1","","BD_ICV_2023"
"2023","Febrero","2023-02-07","CUNDINAMARCA","GUASCA","","","","","","","","","","","","","","","","","","","","","","","","","","","","","1","","BD_ICV_2023"
"2023","Septiembre","2023-09-15","CUNDINAMARCA","GUATAVITA","","","","","","","","","","","","","","","","","","","","","","","","","","","","","2","","BD_ICV_2023"
"2023","Septiembre","2023-09-15","CUNDINAMARCA","GUATAVITA","VEREDA HATILLO","","","","","","","","","","","","","","","","","","","","","","","","","","","","3.9","","BD_ICV_2023"
"2023","Septiembre","2023-09-19","CUNDINAMARCA","GUAYABAL DE SIQUIMA","","","","","","","","","","","","","","","","","","","","","","","","","","","","","1.5","","BD_ICV_2023"
"2023","Enero","2023-01-28","CUNDINAMARCA","GUAYABETAL","","","","","","","","","","","","","","","","","","","","","","","","","","","","","0.5","","BD_ICV_2023"
"2023","Febrero","2023-02-03","CUNDINAMARCA","GUAYABETAL","","","","","","","","","","","","","","","","","","","","","","","","","","","","","7","","BD_ICV_2023"
"2023","Febrero","2023-02-09","CUNDINAMARCA","GUAYABETAL","","","","","","","","","","","","","","","","","","","","","","","","","","","","","9","","BD_ICV_2023"
"2023","Febrero","2023-02-09","CUNDINAMARCA","GUAYABETAL","","","","","","","","","","","","","","","","","","","","","","","","","","","","","0.5","","BD_ICV_2023"
"2023","Febrero","2023-02-13","CUNDINAMARCA","GUAYABETAL","","","","","","","","","","","","","","","","","","","","","","","","","","","","","15","","BD_ICV_2023"
"2023","Febrero","2023-02-14","CUNDINAMARCA","GUAYABETAL","","","","","","","","","","","","","","","","","","","","","","","","","","","","","5","","BD_ICV_2023"
"2023","Febrero","2023-02-20","CUNDINAMARCA","GUAYABETAL","","","","","","","","","","","","","","","","","","","","","","","","","","","","","25","","BD_ICV_2023"
"2023","Febrero","2023-02-23","CUNDINAMARCA","GUAYABETAL","","","","","","","","","","","","","","","","","","","","","","","","","","","","","2","","BD_ICV_2023"
"2023","Mayo","2023-05-29","CUNDINAMARCA","GUAYABETAL","","","","","","","","","","","","","","","","","","","","","","","","","","","","","40","","BD_ICV_2023"
"2023","Diciembre","2023-12-20","CUNDINAMARCA","GUAYABETAL","","","","","","","","","","","","","","","","","","","","","","","","","","","","","3","","BD_ICV_2023"
"2023","Mayo","2023-05-20","CUNDINAMARCA","JERUSALEN","","","","","","","","","","","","","","","","","","","","","","","","","","","","","1","","BD_ICV_2023"
"2023","Junio","2023-06-18","CUNDINAMARCA","LA MESA","","","","","","","","","","","","","","","","","","","","","","","","","","","","","2","","BD_ICV_2023"
"2023","Septiembre","2023-09-05","CUNDINAMARCA","LA MESA","","","","","","","","","","","","","","","","","","","","","","","","","","","","","2","","BD_ICV_2023"
"2023","Septiembre","2023-09-12","CUNDINAMARCA","LA MESA","","","","","","","","","","","","","","","","","","","","","","","","","","","","","1","","BD_ICV_2023"
"2023","Octubre","2023-10-12","CUNDINAMARCA","LA MESA","","","","","","","","","","","","","","","","","","","","","","","","","","","","","1","","BD_ICV_2023"
"2023","Octubre","2023-10-18","CUNDINAMARCA","LA MESA","","","","","","","","","","","","","","","","","","","","","","","","","","","","","1","","BD_ICV_2023"
"2023","Diciembre","2023-12-09","CUNDINAMARCA","LA MESA","","","","","","","","","","","","","","","","","","","","","","","","","","","","","1","","BD_ICV_2023"
"2023","Diciembre","2023-12-15","CUNDINAMARCA","LA MESA","","","","","","","","","","","","","","","","","","","","","","","","","","","","","1","","BD_ICV_2023"
"2023","Junio","2023-06-16","CUNDINAMARCA","LA PALMA","","","","","","","","","","","","","","","","","","","","","","","","","","","","","2","","BD_ICV_2023"
"2023","Junio","2023-06-20","CUNDINAMARCA","LA PALMA","","","","","","","","","","","","","","","","","","","","","","","","","","","","","3","","BD_ICV_2023"
"2023","Junio","2023-06-20","CUNDINAMARCA","LA PALMA","VEREDA TABACAL","","","","","","","","","","","","","","","","","","","","","","","","","","","","3.2","","BD_ICV_2023"
"2023","Junio","2023-06-21","CUNDINAMARCA","LA PALMA","vereda Hinche Alto","","","","","","","","","","","","","","","","","","","","","","","","","","","","1","","BD_ICV_2023"
"2023","Agosto","2023-08-01","CUNDINAMARCA","LA PALMA","","","","","","","","","","","","","","","","","","","","","","","","","","","","","4","","BD_ICV_2023"
"2023","Agosto","2023-08-02","CUNDINAMARCA","LA PALMA","","","","","","","","","","","","","","","","","","","","","","","","","","","","","2","","BD_ICV_2023"
"2023","Agosto","2023-08-11","CUNDINAMARCA","LA PALMA","","","","","","","","","","","","","","","","","","","","","","","","","","","","","5","","BD_ICV_2023"
"2023","Agosto","2023-08-31","CUNDINAMARCA","LA PALMA","","","","","","","","","","","","","","","","","","","","","","","","","","","","","4","","BD_ICV_2023"
"2023","Julio","2023-07-10","CUNDINAMARCA","LA PEÑA","","","","","","","","","","","","","","","","","","","","","","","","","","","","","2.5","","BD_ICV_2023"
"2023","Julio","2023-07-20","CUNDINAMARCA","LA PEÑA","VEREDA Mesa de Agua Blanca","","","","","","","","","","","","","","","","","","","","","","","","","","","","5.66","","BD_ICV_2023"
"2023","Julio","2023-07-22","CUNDINAMARCA","LA PEÑA","","","","","","","","","","","","","","","","","","","","","","","","","","","","","10","","BD_ICV_2023"
"2023","Agosto","2023-08-24","CUNDINAMARCA","LA PEÑA","VEREDA QUEBRADA HONDA SECTOR LAS CRUCES","","","","","","","","","","","","","","","","","","","","","","","","","","","","21.28","","BD_ICV_2023"
"2023","Agosto","2023-08-28","CUNDINAMARCA","LA PEÑA","","","","","","","","","","","","","","","","","","","","","","","","","","","","","2","","BD_ICV_2023"
"2023","Agosto","2023-08-29","CUNDINAMARCA","LA PEÑA","","","","","","","","","","","","","","","","","","","","","","","","","","","","","14","","BD_ICV_2023"
"2023","Agosto","2023-08-30","CUNDINAMARCA","LA PEÑA","","","","","","","","","","","","","","","","","","","","","","","","","","","","","7","","BD_ICV_2023"
"2023","Septiembre","2023-08-30","CUNDINAMARCA","LA PEÑA","","","","","","","","","","","","","","","","","","","","","","","","","","","","","1","","BD_ICV_2023"
"2023","Septiembre","2023-09-05","CUNDINAMARCA","LA PEÑA","","","","","","","","","","","","","","","","","","","","","","","","","","","","","2","","BD_ICV_2023"
"2023","Septiembre","2023-09-25","CUNDINAMARCA","LA PEÑA","","","","","","","","","","","","","","","","","","","","","","","","","","","","","4","","BD_ICV_2023"
"2023","Junio","2023-06-22","CUNDINAMARCA","LA VEGA","","","","","","","","","","","","","","","","","","","","","","","","","","","","","1","","BD_ICV_2023"
"2023","Agosto","2023-08-29","CUNDINAMARCA","LA VEGA","","","","","","","","","","","","","","","","","","","","","","","","","","","","","1.5","","BD_ICV_2023"
"2023","Septiembre","2023-09-01","CUNDINAMARCA","LA VEGA","","","","","","","","","","","","","","","","","","","","","","","","","","","","","2","","BD_ICV_2023"
"2023","Septiembre","2023-09-16","CUNDINAMARCA","LA VEGA","","","","","","","","","","","","","","","","","","","","","","","","","","","","","1","","BD_ICV_2023"
"2023","Septiembre","2023-09-22","CUNDINAMARCA","LA VEGA","","","","","","","","","","","","","","","","","","","","","","","","","","","","","3","","BD_ICV_2023"
"2023","Febrero","2023-02-04","CUNDINAMARCA","MACHETA","","","","","","","","","","","","","","","","","","","","","","","","","","","","","0.5","","BD_ICV_2023"
"2023","Febrero","2023-02-01","CUNDINAMARCA","MACHETÁ","VEREDA CASADILLAS","","","","","","","","","","","","","","","","","","","","","","","","","","","","3.62","","BD_ICV_2023"
"2023","Febrero","2023-02-07","CUNDINAMARCA","MACHETÁ","VEREDA SANJOSE Y SAN LUIS","","","","","","","","","","","","","","","","","","","","","","","","","","","","1.26","","BD_ICV_2023"
"2023","Febrero","2023-02-11","CUNDINAMARCA","MADRID","","","","","","","","","","","","","","","","","","","","","","","","","","","","","0.5","","BD_ICV_2023"
"2023","Abril","2023-04-23","CUNDINAMARCA","MADRID","","","","","","","","","","","","","","","","","","","","","","","","","","","","","1","","BD_ICV_2023"
"2023","Febrero","2023-02-05","CUNDINAMARCA","MANTA","","","","","","","","","","","","","","","","","","","","","","","","","","","","","4","","BD_ICV_2023"
"2023","Enero","2023-01-26","CUNDINAMARCA","MOSQUERA","","","","","","","","","","","","","","","","","","","","","","","","","","","","","0.5","","BD_ICV_2023"
"2023","Febrero","2023-02-25","CUNDINAMARCA","MOSQUERA","","","","","","","","","","","","","","","","","","","","","","","","","","","","","5","","BD_ICV_2023"
"2023","Febrero","2023-02-26","CUNDINAMARCA","MOSQUERA","","","","","","","","","","","","","","","","","","","","","","","","","","","","","7","","BD_ICV_2023"
"2023","Junio","2023-06-15","CUNDINAMARCA","MOSQUERA","","","","","","","","","","","","","","","","","","","","","","","","","","","","","1100","","BD_ICV_2023"
"2023","Junio","2023-06-15","CUNDINAMARCA","MOSQUERA","MOSQUERA VEREDA BALSILLAS Y BOJACA VEREDA BARRO BLANCO","","","","","","","","","","","","","","","","","","","","","","","","","","","","1560","","BD_ICV_2023"
"2023","Septiembre","2023-09-26","CUNDINAMARCA","MOSQUERA","","","","","","","","","","","","","","","","","","","","","","","","","","","","","2","","BD_ICV_2023"
"2023","Octubre","2023-10-08","CUNDINAMARCA","MOSQUERA","","","","","","","","","","","","","","","","","","","","","","","","","","","","","1","","BD_ICV_2023"
"2023","Noviembre","2023-11-24","CUNDINAMARCA","NEMOCON","","","","","","","","","","","","","","","","","","","","","","","","","","","","","6","","BD_ICV_2023"
"2023","Febrero","2023-02-07","CUNDINAMARCA","NILO","","","","","","","","","","","","","","","","","","","","","","","","","","","","","0.5","","BD_ICV_2023"
"2023","Junio","2023-06-13","CUNDINAMARCA","NILO","VEREDA TOLEMAIDA","","","","","","","","","","","","","","","","","","","","","","","","","","","","10.7","","BD_ICV_2023"
"2023","Agosto","2023-08-09","CUNDINAMARCA","NILO","","","","","","","","","","","","","","","","","","","","","","","","","","","","","0.5","","BD_ICV_2023"
"2023","Agosto","2023-08-28","CUNDINAMARCA","NILO","","","","","","","","","","","","","","","","","","","","","","","","","","","","","40","","BD_ICV_2023"
"2023","Septiembre","2023-09-01","CUNDINAMARCA","NILO","","","","","","","","","","","","","","","","","","","","","","","","","","","","","30","","BD_ICV_2023"
"2023","Junio","2023-06-20","CUNDINAMARCA","NOCAIMA","","","","","","","","","","","","","","","","","","","","","","","","","","","","","1.5","","BD_ICV_2023"
"2023","Mayo","2023-05-01","CUNDINAMARCA","PACHO","","","","","","","","","","","","","","","","","","","","","","","","","","","","","1.5","","BD_ICV_2023"
"2023","Junio","2023-06-10","CUNDINAMARCA","PACHO","VEREDA LA HOYA","","","","","","","","","","","","","","","","","","","","","","","","","","","","1.6","","BD_ICV_2023"
"2023","Junio","2023-06-11","CUNDINAMARCA","PACHO","","","","","","","","","","","","","","","","","","","","","","","","","","","","","1.5","","BD_ICV_2023"
"2023","Julio","2023-07-19","CUNDINAMARCA","PACHO","","","","","","","","","","","","","","","","","","","","","","","","","","","","","1","","BD_ICV_2023"
"2023","Julio","2023-07-19","CUNDINAMARCA","PACHO","VEREDA COMPERA","","","","","","","","","","","","","","","","","","","","","","","","","","","","0.93","","BD_ICV_2023"
"2023","Julio","2023-07-20","CUNDINAMARCA","PACHO","","","","","","","","","","","","","","","","","","","","","","","","","","","","","5","","BD_ICV_2023"
"2023","Julio","2023-07-20","CUNDINAMARCA","PACHO","VEREDA LA CABEREA PARTE BAJA SECTOR DIOS VE","","","","","","","","","","","","","","","","","","","","","","","","","","","","0.69","","BD_ICV_2023"
"2023","Agosto","2023-08-28","CUNDINAMARCA","PACHO","","","","","","","","","","","","","","","","","","","","","","","","","","","","","5","","BD_ICV_2023"
"2023","Septiembre","2023-09-01","CUNDINAMARCA","PACHO","","","","","","","","","","","","","","","","","","","","","","","","","","","","","45","","BD_ICV_2023"
"2023","Septiembre","2023-09-01","CUNDINAMARCA","PACHO","VEREDA SANTUARIO","","","","","","","","","","","","","","","","","","","","","","","","","","","","8.91","","BD_ICV_2023"
"2023","Agosto","2023-08-10","CUNDINAMARCA","PAIME","","","","","","","","","","","","","","","","","","","","","","","","","","","","","2","","BD_ICV_2023"
"2023","Agosto","2023-08-14","CUNDINAMARCA","PAIME","","","","","","","","","","","","","","","","","","","","","","","","","","","","","5","","BD_ICV_2023"
"2023","Julio","2023-07-29","CUNDINAMARCA","PANDI","","","","","","","","","","","","","","","","","","","","","","","","","","","","","1.5","","BD_ICV_2023"
"2023","Agosto","2023-08-11","CUNDINAMARCA","PANDI","","","","","","","","","","","","","","","","","","","","","","","","","","","","","4","","BD_ICV_2023"
"2023","Agosto","2023-08-11","CUNDINAMARCA","PANDI","VEREDA EL CAUCHO","","","","","","","","","","","","","","","","","","","","","","","","","","","","3.2","","BD_ICV_2023"
"2023","Agosto","2023-08-13","CUNDINAMARCA","PANDI","","","","","","","","","","","","","","","","","","","","","","","","","","","","","1","","BD_ICV_2023"
"2023","Agosto","2023-08-26","CUNDINAMARCA","PANDI","VEREDA LA LOMA","","","","","","","","","","","","","","","","","","","","","","","","","","","","0.62","","BD_ICV_2023"
"2023","Agosto","2023-08-30","CUNDINAMARCA","PANDI","","","","","","","","","","","","","","","","","","","","","","","","","","","","","1","","BD_ICV_2023"
"2023","Septiembre","2023-09-02","CUNDINAMARCA","PANDI","","","","","","","","","","","","","","","","","","","","","","","","","","","","","5","","BD_ICV_2023"
"2023","Septiembre","2023-09-02","CUNDINAMARCA","PANDI","VEREDA  Guacononzo bajo","","","","","","","","","","","","","","","","","","","","","","","","","","","","12.3","","BD_ICV_2023"
"2023","Septiembre","2023-09-08","CUNDINAMARCA","PANDI","VEREDA EL GUARUMO","","","","","","","","","","","","","","","","","","","","","","","","","","","","0.09","","BD_ICV_2023"
"2023","Septiembre","2023-09-20","CUNDINAMARCA","PANDI","","","","","","","","","","","","","","","","","","","","","","","","","","","","","1.5","","BD_ICV_2023"
"2023","Noviembre","2023-11-29","CUNDINAMARCA","PANDI","","","","","","","","","","","","","","","","","","","","","","","","","","","","","1.2","","BD_ICV_2023"
"2023","Noviembre","2023-11-30","CUNDINAMARCA","PANDI","","","","","","","","","","","","","","","","","","","","","","","","","","","","","1","","BD_ICV_2023"
"2023","Octubre","2023-10-27","CUNDINAMARCA","PARATEBUENO","","","","","","","","","","","","","","","","","","","","","","","","","","","","","10","","BD_ICV_2023"
"2023","Septiembre","2023-09-08","CUNDINAMARCA","PASCA","","","","","","","","","","","","","","","","","","","","","","","","","","","","","3","","BD_ICV_2023"
"2023","Enero","2023-01-23","CUNDINAMARCA","PUERTO SALGAR","","","","","","","","","","","","","","","","","","","","","","","","","","","","","1.5","","BD_ICV_2023"
"2023","Mayo","2023-05-12","CUNDINAMARCA","PUERTO SALGAR","","","","","","","","","","","","","","","","","","","","","","","","","","","","","1","","BD_ICV_2023"
"2023","Agosto","2023-08-16","CUNDINAMARCA","PULÍ","VEREDA GUAYAQUIL","","","","","","","","","","","","","","","","","","","","","","","","","","","","6","","BD_ICV_2023"
"2023","Julio","2023-07-20","CUNDINAMARCA","QUEBRADANEGRA","","","","","","","","","","","","","","","","","","","","","","","","","","","","","30","","BD_ICV_2023"
"2023","Agosto","2023-08-11","CUNDINAMARCA","QUEBRADANEGRA","","","","","","","","","","","","","","","","","","","","","","","","","","","","","40","","BD_ICV_2023"
"2023","Agosto","2023-08-30","CUNDINAMARCA","QUEBRADANEGRA","","","","","","","","","","","","","","","","","","","","","","","","","","","","","3","","BD_ICV_2023"
"2023","Agosto","2023-08-30","CUNDINAMARCA","QUEBRADANEGRA","","","","","","","","","","","","","","","","","","","","","","","","","","","","","1.5","","BD_ICV_2023"
"2023","Septiembre","2023-09-01","CUNDINAMARCA","QUEBRADANEGRA","","","","","","","","","","","","","","","","","","","","","","","","","","","","","2","","BD_ICV_2023"
"2023","Septiembre","2023-09-25","CUNDINAMARCA","QUEBRADANEGRA","","","","","","","","","","","","","","","","","","","","","","","","","","","","","60","","BD_ICV_2023"
"2023","Febrero","2023-02-04","CUNDINAMARCA","QUETAME","","","","","","","","","","","","","","","","","","","","","","","","","","","","","0.5","","BD_ICV_2023"
"2023","Febrero","2023-02-09","CUNDINAMARCA","QUETAME","","","","","","","","","","","","","","","","","","","","","","","","","","","","","12","","BD_ICV_2023"
"2023","Febrero","2023-02-25","CUNDINAMARCA","QUETAME","","","","","","","","","","","","","","","","","","","","","","","","","","","","","60","","BD_ICV_2023"
"2023","Febrero","2023-02-27","CUNDINAMARCA","QUETAME","","","","","","","","","","","","","","","","","","","","","","","","","","","","","71","","BD_ICV_2023"
"2023","Septiembre","2023-09-27","CUNDINAMARCA","QUIPILE","","","","","","","","","","","","","","","","","","","","","","","","","","","","","1","","BD_ICV_2023"
"2023","Julio","2023-07-23","CUNDINAMARCA","RICAURTE","VEREDA LA  VIRGINIA SECTOR EL PASO- CONDOMIINIO LA VICTORIA","","","","","","","","","","","","","","","","","","","","","","","","","","","","15.33","","BD_ICV_2023"
"2023","Agosto","2023-08-10","CUNDINAMARCA","SAN BERNARDO","VEREDA EL DIAMANTE","","","","","","","","","","","","","","","","","","","","","","","","","","","","0.86","","BD_ICV_2023"
"2023","Septiembre","2023-09-03","CUNDINAMARCA","SAN BERNARDO","","","","","","","","","","","","","","","","","","","","","","","","","","","","","3","","BD_ICV_2023"
"2023","Septiembre","2023-09-10","CUNDINAMARCA","SAN BERNARDO","","","","","","","","","","","","","","","","","","","","","","","","","","","","","3","","BD_ICV_2023"
"2023","Septiembre","2023-09-22","CUNDINAMARCA","SAN BERNARDO","VEREDA EL CARMEN","","","","","","","","","","","","","","","","","","","","","","","","","","","","0.49","","BD_ICV_2023"
"2023","Julio","2023-07-19","CUNDINAMARCA","SAN FRANCISCO","VEREDA SAN ANTONIO","","","","","","","","","","","","","","","","","","","","","","","","","","","","1.43","","BD_ICV_2023"
"2023","Julio","2023-07-20","CUNDINAMARCA","SAN FRANCISCO","","","","","","","","","","","","","","","","","","","","","","","","","","","","","2","","BD_ICV_2023"
"2023","Agosto","2023-08-31","CUNDINAMARCA","SAN FRANCISCO","","","","","","","","","","","","","","","","","","","","","","","","","","","","","2","","BD_ICV_2023"
"2023","Septiembre","2023-09-09","CUNDINAMARCA","SAN FRANCISCO","","","","","","","","","","","","","","","","","","","","","","","","","","","","","1.5","","BD_ICV_2023"
"2023","Septiembre","2023-09-19","CUNDINAMARCA","SAN FRANCISCO","","","","","","","","","","","","","","","","","","","","","","","","","","","","","2","","BD_ICV_2023"
"2023","Enero","2023-01-28","CUNDINAMARCA","SAN JUAN DE RIO SECO","","","","","","","","","","","","","","","","","","","","","","","","","","","","","1","","BD_ICV_2023"
"2023","Junio","2023-06-10","CUNDINAMARCA","SAN JUAN DE RIO SECO","","","","","","","","","","","","","","","","","","","","","","","","","","","","","1","","BD_ICV_2023"
"2023","Junio","2023-06-21","CUNDINAMARCA","SAN JUAN DE RIO SECO","","","","","","","","","","","","","","","","","","","","","","","","","","","","","2","","BD_ICV_2023"
"2023","Julio","2023-07-27","CUNDINAMARCA","SAN JUAN DE RIO SECO","","","","","","","","","","","","","","","","","","","","","","","","","","","","","2","","BD_ICV_2023"
"2023","Agosto","2023-08-05","CUNDINAMARCA","SAN JUAN DE RIO SECO","","","","","","","","","","","","","","","","","","","","","","","","","","","","","10.5","","BD_ICV_2023"
"2023","Agosto","2023-08-08","CUNDINAMARCA","SAN JUAN DE RIO SECO","","","","","","","","","","","","","","","","","","","","","","","","","","","","","1.5","","BD_ICV_2023"
"2023","Agosto","2023-08-28","CUNDINAMARCA","SAN JUAN DE RIO SECO","","","","","","","","","","","","","","","","","","","","","","","","","","","","","5","","BD_ICV_2023"
"2023","Agosto","2023-08-31","CUNDINAMARCA","SAN JUAN DE RIO SECO","","","","","","","","","","","","","","","","","","","","","","","","","","","","","9","","BD_ICV_2023"
"2023","Septiembre","2023-09-06","CUNDINAMARCA","SAN JUAN DE RIO SECO","","","","","","","","","","","","","","","","","","","","","","","","","","","","","2","","BD_ICV_2023"
"2023","Septiembre","2023-09-08","CUNDINAMARCA","SAN JUAN DE RIO SECO","","","","","","","","","","","","","","","","","","","","","","","","","","","","","1","","BD_ICV_2023"
"2023","Septiembre","2023-09-13","CUNDINAMARCA","SAN JUAN DE RIO SECO","","","","","","","","","","","","","","","","","","","","","","","","","","","","","1.5","","BD_ICV_2023"
"2023","Septiembre","2023-09-21","CUNDINAMARCA","SAN JUAN DE RIO SECO","","","","","","","","","","","","","","","","","","","","","","","","","","","","","0.5","","BD_ICV_2023"
"2023","Octubre","2023-10-11","CUNDINAMARCA","SAN JUAN DE RIO SECO","","","","","","","","","","","","","","","","","","","","","","","","","","","","","1","","BD_ICV_2023"
"2023","Octubre","2023-10-12","CUNDINAMARCA","SAN JUAN DE RIO SECO","","","","","","","","","","","","","","","","","","","","","","","","","","","","","2","","BD_ICV_2023"
"2023","Octubre","2023-10-12","CUNDINAMARCA","SAN JUAN DE RIO SECO","","","","","","","","","","","","","","","","","","","","","","","","","","","","","1","","BD_ICV_2023"
"2023","Octubre","2023-11-11","CUNDINAMARCA","SAN JUAN DE RIO SECO","","","","","","","","","","","","","","","","","","","","","","","","","","","","","1","","BD_ICV_2023"
"2023","Agosto","2023-08-08","CUNDINAMARCA","SAN JUAN DE RIOSECO","VEREDA HONDURAS ALTO","","","","","","","","","","","","","","","","","","","","","","","","","","","","3.2","","BD_ICV_2023"
"2023","Enero","2023-01-28","CUNDINAMARCA","SASAIMA","","","","","","","","","","","","","","","","","","","","","","","","","","","","","0.5","","BD_ICV_2023"
"2023","Febrero","2023-02-07","CUNDINAMARCA","SASAIMA","","","","","","","","","","","","","","","","","","","","","","","","","","","","","1.5","","BD_ICV_2023"
"2023","Febrero","2023-02-07","CUNDINAMARCA","SASAIMA","","","","","","","","","","","","","","","","","","","","","","","","","","","","","0.5","","BD_ICV_2023"
"2023","Septiembre","2023-09-02","CUNDINAMARCA","SASAIMA","","","","","","","","","","","","","","","","","","","","","","","","","","","","","1","","BD_ICV_2023"
"2023","Septiembre","2023-09-06","CUNDINAMARCA","SASAIMA","","","","","","","","","","","","","","","","","","","","","","","","","","","","","3","","BD_ICV_2023"
"2023","Septiembre","2023-09-06","CUNDINAMARCA","SASAIMA","","","","","","","","","","","","","","","","","","","","","","","","","","","","","1","","BD_ICV_2023"
"2023","Septiembre","2023-09-06","CUNDINAMARCA","SASAIMA","VEREDA GUAYACUNDO","","","","","","","","","","","","","","","","","","","","","","","","","","","","2","","BD_ICV_2023"
"2023","Septiembre","2023-09-21","CUNDINAMARCA","SASAIMA","","","","","","","","","","","","","","","","","","","","","","","","","","","","","1","","BD_ICV_2023"
"2023","Febrero","2023-02-18","CUNDINAMARCA","SESQUILE","","","","","","","","","","","","","","","","","","","","","","","","","","","","","3","","BD_ICV_2023"
"2023","Octubre","2023-10-04","CUNDINAMARCA","SESQUILE","","","","","","","","","","","","","","","","","","","","","","","","","","","","","1","","BD_ICV_2023"
"2023","Febrero","2023-02-15","CUNDINAMARCA","SIBATE","","","","","","","","","","","","","","","","","","","","","","","","","","","","","0.5","","BD_ICV_2023"
"2023","Agosto","2023-08-31","CUNDINAMARCA","SIBATE","","","","","","","","","","","","","","","","","","","","","","","","","","","","","1","","BD_ICV_2023"
"2023","Septiembre","2023-09-12","CUNDINAMARCA","SIBATE","","","","","","","","","","","","","","","","","","","","","","","","","","","","","1","","BD_ICV_2023"
"2023","Octubre","2023-10-15","CUNDINAMARCA","SIBATE","","","","","","","","","","","","","","","","","","","","","","","","","","","","","1","","BD_ICV_2023"
"2023","Octubre","2023-10-16","CUNDINAMARCA","SIBATE","","","","","","","","","","","","","","","","","","","","","","","","","","","","","2","","BD_ICV_2023"
"2023","Marzo","2023-03-07","CUNDINAMARCA","SIBATÉ","VEREDA SAN EUGENIO, SANTA ROSA Y SAN BENITO","","","","","","","","","","","","","","","","","","","","","","","","","","","","0.84","","BD_ICV_2023"
"2023","Septiembre","2023-09-18","CUNDINAMARCA","SIBATÉ","VEREDA LA UNION","","","","","","","","","","","","","","","","","","","","","","","","","","","","0.51","","BD_ICV_2023"
"2023","Agosto","2023-08-19","CUNDINAMARCA","SILVANIA","","","","","","","","","","","","","","","","","","","","","","","","","","","","","2","","BD_ICV_2023"
"2023","Octubre","2023-10-07","CUNDINAMARCA","SILVANIA","","","","","","","","","","","","","","","","","","","","","","","","","","","","","6","","BD_ICV_2023"
"2023","Julio","2023-07-26","CUNDINAMARCA","SIMIJACA","","","","","","","","","","","","","","","","","","","","","","","","","","","","","4","","BD_ICV_2023"
"2023","Agosto","2023-08-11","CUNDINAMARCA","SIMIJACA","","","","","","","","","","","","","","","","","","","","","","","","","","","","","4","","BD_ICV_2023"
"2023","Agosto","2023-08-11","CUNDINAMARCA","SIMIJACA","","","","","","","","","","","","","","","","","","","","","","","","","","","","","4","","BD_ICV_2023"
"2023","Marzo","2023-03-23","CUNDINAMARCA","SOACHA","""vereda Bosatama -  ciudadela Maiporé""","","","","","","","","","","","","","","","","","","","","","","","","","","","","1","","BD_ICV_2023"
"2023","Julio","2023-07-28","CUNDINAMARCA","SOACHA","VEREDA ALTO DE LA CRUZ SECTOR PARQUE CHICAQUE","","","","","","","","","","","","","","","","","","","","","","","","","","","","2.8","","BD_ICV_2023"
"2023","Agosto","2023-08-09","CUNDINAMARCA","SOACHA","","","","","","","","","","","","","","","","","","","","","","","","","","","","","1","","BD_ICV_2023"
"2023","Agosto","2023-08-11","CUNDINAMARCA","SOACHA","","","","","","","","","","","","","","","","","","","","","","","","","","","","","1","","BD_ICV_2023"
"2023","Agosto","2023-08-11","CUNDINAMARCA","SOACHA","VEREDA BOSATOMA - CIUDAD VERDE - parque ""la Niebla""","","","","","","","","","","","","","","","","","","","","","","","","","","","","4.4800000000000004","","BD_ICV_2023"
"2023","Agosto","2023-08-13","CUNDINAMARCA","SOACHA","VEREDA BOSATOMA","","","","","","","","","","","","","","","","","","","","","","","","","","","","85","","BD_ICV_2023"
"2023","Agosto","2023-08-13","CUNDINAMARCA","SOACHA","VEREDA Alto de la Cruz y Canoas","","","","","","","","","","","","","","","","","","","","","","","","","","","","65","","BD_ICV_2023"
"2023","Agosto","2023-08-14","CUNDINAMARCA","SOACHA","","","","","","","","","","","","","","","","","","","","","","","","","","","","","3","","BD_ICV_2023"
"2023","Agosto","2023-08-14","CUNDINAMARCA","SOACHA","","","","","","","","","","","","","","","","","","","","","","","","","","","","","1","","BD_ICV_2023"
"2023","Agosto","2023-08-14","CUNDINAMARCA","SOACHA","","","","","","","","","","","","","","","","","","","","","","","","","","","","","1","","BD_ICV_2023"
"2023","Agosto","2023-08-28","CUNDINAMARCA","SOACHA","CERRO LA QUIBA - VEREDA PANAMÁ.","","","","","","","","","","","","","","","","","","","","","","","","","","","","52.8","","BD_ICV_2023"
"2023","Agosto","2023-08-28","CUNDINAMARCA","SOACHA","cerro Chucuita Sur, vereda Bosatama, jurisdicción de Soacha","","","","","","","","","","","","","","","","","","","","","","","","","","","","4.63","","BD_ICV_2023"
"2023","Agosto","2023-08-30","CUNDINAMARCA","SOACHA","","","","","","","","","","","","","","","","","","","","","","","","","","","","","10","","BD_ICV_2023"
"2023","Agosto","2023-08-30","CUNDINAMARCA","SOACHA","","","","","","","","","","","","","","","","","","","","","","","","","","","","","4","","BD_ICV_2023"
"2023","Agosto","2023-08-30","CUNDINAMARCA","SOACHA","VEREDA BOSATOMA BARRIO HOGARES","","","","","","","","","","","","","","","","","","","","","","","","","","","","2.84","","BD_ICV_2023"
"2023","Agosto","2023-08-30","CUNDINAMARCA","SOACHA","BARRIO CIUDAD VERDE - vereda Bosatama","","","","","","","","","","","","","","","","","","","","","","","","","","","","1.82","","BD_ICV_2023"
"2023","Agosto","2023-08-30","CUNDINAMARCA","SOACHA","VEREDSA PANAMA BARRIO CIUDADELA SUCRE","","","","","","","","","","","","","","","","","","","","","","","","","","","","1.54","","BD_ICV_2023"
"2023","Agosto","2023-08-31","CUNDINAMARCA","SOACHA","","","","","","","","","","","","","","","","","","","","","","","","","","","","","3","","BD_ICV_2023"
"2023","Agosto","2023-08-31","CUNDINAMARCA","SOACHA","","","","","","","","","","","","","","","","","","","","","","","","","","","","","1","","BD_ICV_2023"
"2023","Septiembre","2023-09-02","CUNDINAMARCA","SOACHA","","","","","","","","","","","","","","","","","","","","","","","","","","","","","2","","BD_ICV_2023"
"2023","Septiembre","2023-09-05","CUNDINAMARCA","SOACHA","","","","","","","","","","","","","","","","","","","","","","","","","","","","","0.5","","BD_ICV_2023"
"2023","Septiembre","2023-09-06","CUNDINAMARCA","SOACHA","","","","","","","","","","","","","","","","","","","","","","","","","","","","","50","","BD_ICV_2023"
"2023","Septiembre","2023-09-06","CUNDINAMARCA","SOACHA","","","","","","","","","","","","","","","","","","","","","","","","","","","","","50","","BD_ICV_2023"
"2023","Septiembre","2023-09-06","CUNDINAMARCA","SOACHA","","","","","","","","","","","","","","","","","","","","","","","","","","","","","10","","BD_ICV_2023"
"2023","Septiembre","2023-09-06","CUNDINAMARCA","SOACHA","VEREDA PANAMA - CERRO SAN MATEO","","","","","","","","","","","","","","","","","","","","","","","","","","","","42","","BD_ICV_2023"
"2023","Septiembre","2023-09-06","CUNDINAMARCA","SOACHA","VEREDA ALTO DE LA CRUZ CORREGIMIENTO DEL CHARQUITO","","","","","","","","","","","","","","","","","","","","","","","","","","","","1.66","","BD_ICV_2023"
"2023","Septiembre","2023-09-07","CUNDINAMARCA","SOACHA","VEREDA BOSATOMA","","","","","","","","","","","","","","","","","","","","","","","","","","","","0.82","","BD_ICV_2023"
"2023","Septiembre","2023-09-11","CUNDINAMARCA","SOACHA","","","","","","","","","","","","","","","","","","","","","","","","","","","","","6","","BD_ICV_2023"
"2023","Septiembre","2023-09-12","CUNDINAMARCA","SOACHA","","","","","","","","","","","","","","","","","","","","","","","","","","","","","2","","BD_ICV_2023"
"2023","Septiembre","2023-09-13","CUNDINAMARCA","SOACHA","","","","","","","","","","","","","","","","","","","","","","","","","","","","","3","","BD_ICV_2023"
"2023","Septiembre","2023-09-13","CUNDINAMARCA","SOACHA","","","","","","","","","","","","","","","","","","","","","","","","","","","","","2","","BD_ICV_2023"
"2023","Septiembre","2023-09-15","CUNDINAMARCA","SOACHA","","","","","","","","","","","","","","","","","","","","","","","","","","","","","5","","BD_ICV_2023"
"2023","Septiembre","2023-09-15","CUNDINAMARCA","SOACHA","","","","","","","","","","","","","","","","","","","","","","","","","","","","","2","","BD_ICV_2023"
"2023","Septiembre","2023-09-16","CUNDINAMARCA","SOACHA","","","","","","","","","","","","","","","","","","","","","","","","","","","","","3","","BD_ICV_2023"
"2023","Septiembre","2023-09-17","CUNDINAMARCA","SOACHA","","","","","","","","","","","","","","","","","","","","","","","","","","","","","1","","BD_ICV_2023"
"2023","Septiembre","2023-09-19","CUNDINAMARCA","SOACHA","","","","","","","","","","","","","","","","","","","","","","","","","","","","","2","","BD_ICV_2023"
"2023","Septiembre","2023-09-26","CUNDINAMARCA","SOACHA","","","","","","","","","","","","","","","","","","","","","","","","","","","","","3","","BD_ICV_2023"
"2023","Septiembre","2023-09-26","CUNDINAMARCA","SOACHA","","","","","","","","","","","","","","","","","","","","","","","","","","","","","2","","BD_ICV_2023"
"2023","Septiembre","2023-09-29","CUNDINAMARCA","SOACHA","VEREDA ALTO DE LA CRUZ","","","","","","","","","","","","","","","","","","","","","","","","","","","","1.69","","BD_ICV_2023"
"2023","Septiembre","2023-09-29","CUNDINAMARCA","SOACHA","AREA URBANA -  HUMEDAL NEUTA","","","","","","","","","","","","","","","","","","","","","","","","","","","","0.4","","BD_ICV_2023"
"2023","Septiembre","2023-09-30","CUNDINAMARCA","SOACHA","","","","","","","","","","","","","","","","","","","","","","","","","","","","","5","","BD_ICV_2023"
"2023","Septiembre","2023-09-30","CUNDINAMARCA","SOACHA","","","","","","","","","","","","","","","","","","","","","","","","","","","","","3","","BD_ICV_2023"
"2023","Septiembre","2023-09-30","CUNDINAMARCA","SOACHA","","","","","","","","","","","","","","","","","","","","","","","","","","","","","2","","BD_ICV_2023"
"2023","Octubre","2023-10-01","CUNDINAMARCA","SOACHA","","","","","","","","","","","","","","","","","","","","","","","","","","","","","3","","BD_ICV_2023"
"2023","Octubre","2023-10-02","CUNDINAMARCA","SOACHA","","","","","","","","","","","","","","","","","","","","","","","","","","","","","2","","BD_ICV_2023"
"2023","Octubre","2023-10-04","CUNDINAMARCA","SOACHA","","","","","","","","","","","","","","","","","","","","","","","","","","","","","2","","BD_ICV_2023"
"2023","Diciembre","2023-12-05","CUNDINAMARCA","SOACHA","","","","","","","","","","","","","","","","","","","","","","","","","","","","","1","","BD_ICV_2023"
"2023","Diciembre","2023-12-12","CUNDINAMARCA","SOACHA","","","","","","","","","","","","","","","","","","","","","","","","","","","","","2","","BD_ICV_2023"
"2023","Diciembre","2023-12-12","CUNDINAMARCA","SOACHA","","","","","","","","","","","","","","","","","","","","","","","","","","","","","1.5","","BD_ICV_2023"
"2023","Diciembre","2023-12-12","CUNDINAMARCA","SOACHA","","","","","","","","","","","","","","","","","","","","","","","","","","","","","1","","BD_ICV_2023"
"2023","Diciembre","2023-12-22","CUNDINAMARCA","SOACHA","","","","","","","","","","","","","","","","","","","","","","","","","","","","","1","","BD_ICV_2023"
"2023","Febrero","2023-02-16","CUNDINAMARCA","SOPO","","","","","","","","","","","","","","","","","","","","","","","","","","","","","1","","BD_ICV_2023"
"2023","Noviembre","2023-11-25","CUNDINAMARCA","SUBACHOQUE","","","","","","","","","","","","","","","","","","","","","","","","","","","","","1.5","","BD_ICV_2023"
"2023","Mayo","2023-05-19","CUNDINAMARCA","SUSA","VEREDA CASCADAS","","","","","","","","","","","","","","","","","","","","","","","","","","","","2.4500000000000002","","BD_ICV_2023"
"2023","Septiembre","2023-09-06","CUNDINAMARCA","SUTATAUSA","","","","","","","","","","","","","","","","","","","","","","","","","","","","","1","","BD_ICV_2023"
"2023","Septiembre","2023-09-07","CUNDINAMARCA","TENA","","","","","","","","","","","","","","","","","","","","","","","","","","","","","0.5","","BD_ICV_2023"
"2023","Octubre","2023-10-02","CUNDINAMARCA","TENJO","VEREDA CHITASUGA","","","","","","","","","","","","","","","","","","","","","","","","","","","","0.8","","BD_ICV_2023"
"2023","Agosto","2023-08-16","CUNDINAMARCA","TIBACUY","","","","","","","","","","","","","","","","","","","","","","","","","","","","","5","","BD_ICV_2023"
"2023","Febrero","2023-02-03","CUNDINAMARCA","TIBIRITA","","","","","","","","","","","","","","","","","","","","","","","","","","","","","1","","BD_ICV_2023"
"2023","Febrero","2023-02-03","CUNDINAMARCA","TIBIRITA","VEREDA TEGUAVITA","","","","","","","","","","","","","","","","","","","","","","","","","","","","1.71","","BD_ICV_2023"
"2023","Febrero","2023-02-04","CUNDINAMARCA","TIBIRITA","VEREDA CAÑADAS","","","","","","","","","","","","","","","","","","","","","","","","","","","","2.87","","BD_ICV_2023"
"2023","Febrero","2023-02-23","CUNDINAMARCA","TIBIRITA","VEREDA BARBOSA","","","","","","","","","","","","","","","","","","","","","","","","","","","","4.43","","BD_ICV_2023"
"2023","Enero","2023-01-22","CUNDINAMARCA","TOCAIMA","VEREDA ASOMADERO FINCA GUANAMBU","","","","","","","","","","","","","","","","","","","","","","","","","","","","0.62","","BD_ICV_2023"
"2023","Enero","2023-01-27","CUNDINAMARCA","TOCAIMA","","","","","","","","","","","","","","","","","","","","","","","","","","","","","5","","BD_ICV_2023"
"2023","Febrero","2023-02-26","CUNDINAMARCA","TOCAIMA","VEREDA SAN PABLO","","","","","","","","","","","","","","","","","","","","","","","","","","","","1.57","","BD_ICV_2023"
"2023","Mayo","2023-05-20","CUNDINAMARCA","TOCAIMA","","","","","","","","","","","","","","","","","","","","","","","","","","","","","1","","BD_ICV_2023"
"2023","Julio","2023-07-13","CUNDINAMARCA","TOCAIMA","","","","","","","","","","","","","","","","","","","","","","","","","","","","","6","","BD_ICV_2023"
"2023","Julio","2023-07-21","CUNDINAMARCA","TOCAIMA","","","","","","","","","","","","","","","","","","","","","","","","","","","","","2","","BD_ICV_2023"
"2023","Julio","2023-07-21","CUNDINAMARCA","TOCAIMA","VEREDA LA COLORADA","","","","","","","","","","","","","","","","","","","","","","","","","","","","1.99","","BD_ICV_2023"
"2023","Julio","2023-07-24","CUNDINAMARCA","TOCAIMA","","","","","","","","","","","","","","","","","","","","","","","","","","","","","1","","BD_ICV_2023"
"2023","Julio","2023-07-25","CUNDINAMARCA","TOCAIMA","VEREDA GUACANA - SECTOR LOS POSITOS  AZUFRADOS","","","","","","","","","","","","","","","","","","","","","","","","","","","","3.18","","BD_ICV_2023"
"2023","Julio","2023-07-27","CUNDINAMARCA","TOCAIMA","VEREDA GUACANA SECTOR EL COLEGIO","","","","","","","","","","","","","","","","","","","","","","","","","","","","0.76","","BD_ICV_2023"
"2023","Julio","2023-07-28","CUNDINAMARCA","TOCAIMA","","","","","","","","","","","","","","","","","","","","","","","","","","","","","3.5","","BD_ICV_2023"
"2023","Agosto","2023-08-16","CUNDINAMARCA","TOCAIMA","","","","","","","","","","","","","","","","","","","","","","","","","","","","","1","","BD_ICV_2023"
"2023","Septiembre","2023-09-13","CUNDINAMARCA","TOCAIMA","VEREDA CATARNICA","","","","","","","","","","","","","","","","","","","","","","","","","","","","6.89","","BD_ICV_2023"
"2023","Septiembre","2023-09-13","CUNDINAMARCA","TOCAIMA","","","","","","","","","","","","","","","","","","","","","","","","","","","","","2","","BD_ICV_2023"
"2023","Septiembre","2023-09-19","CUNDINAMARCA","TOCAIMA","VEREDA CAPOTE","","","","","","","","","","","","","","","","","","","","","","","","","","","","2.99","","BD_ICV_2023"
"2023","Septiembre","2023-09-21","CUNDINAMARCA","TOCAIMA","","","","","","","","","","","","","","","","","","","","","","","","","","","","","3","","BD_ICV_2023"
"2023","Noviembre","2023-11-17","CUNDINAMARCA","TOCAIMA","","","","","","","","","","","","","","","","","","","","","","","","","","","","","2.5","","BD_ICV_2023"
"2023","Febrero","2023-02-03","CUNDINAMARCA","TOCANCIPA","","","","","","","","","","","","","","","","","","","","","","","","","","","","","0.5","","BD_ICV_2023"
"2023","Febrero","2023-02-17","CUNDINAMARCA","TOCANCIPA","","","","","","","","","","","","","","","","","","","","","","","","","","","","","2","","BD_ICV_2023"
"2023","Febrero","2023-02-24","CUNDINAMARCA","TOCANCIPA","","","","","","","","","","","","","","","","","","","","","","","","","","","","","0.5","","BD_ICV_2023"
"2023","Septiembre","2023-09-21","CUNDINAMARCA","TOCANCIPA","","","","","","","","","","","","","","","","","","","","","","","","","","","","","1","","BD_ICV_2023"
"2023","Enero","2023-01-26","CUNDINAMARCA","UBALA","","","","","","","","","","","","","","","","","","","","","","","","","","","","","1","","BD_ICV_2023"
"2023","Enero","2023-01-30","CUNDINAMARCA","UBALA","","","","","","","","","","","","","","","","","","","","","","","","","","","","","1.5","","BD_ICV_2023"
"2023","Febrero","2023-02-07","CUNDINAMARCA","UBALA","","","","","","","","","","","","","","","","","","","","","","","","","","","","","8","","BD_ICV_2023"
"2023","Febrero","2023-02-11","CUNDINAMARCA","UBALA","","","","","","","","","","","","","","","","","","","","","","","","","","","","","1","","BD_ICV_2023"
"2023","Febrero","2023-02-21","CUNDINAMARCA","UBALA","","","","","","","","","","","","","","","","","","","","","","","","","","","","","1","","BD_ICV_2023"
"2023","Febrero","2023-02-21","CUNDINAMARCA","UBALA","","","","","","","","","","","","","","","","","","","","","","","","","","","","","0.5","","BD_ICV_2023"
"2023","Febrero","2023-02-05","CUNDINAMARCA","UBAQUE","","","","","","","","","","","","","","","","","","","","","","","","","","","","","35","","BD_ICV_2023"
"2023","Agosto","2023-08-31","CUNDINAMARCA","UBAQUE","","","","","","","","","","","","","","","","","","","","","","","","","","","","","6","","BD_ICV_2023"
"2023","Diciembre","2023-12-05","CUNDINAMARCA","UBAQUE","","","","","","","","","","","","","","","","","","","","","","","","","","","","","10","","BD_ICV_2023"
"2023","Septiembre","2023-09-06","CUNDINAMARCA","UBATE","","","","","","","","","","","","","","","","","","","","","","","","","","","","","2","","BD_ICV_2023"
"2023","Septiembre","2023-09-06","CUNDINAMARCA","UBATE","","","","","","","","","","","","","","","","","","","","","","","","","","","","","1","","BD_ICV_2023"
"2023","Septiembre","2023-09-07","CUNDINAMARCA","UBATE","","","","","","","","","","","","","","","","","","","","","","","","","","","","","1.5","","BD_ICV_2023"
"2023","Septiembre","2023-09-06","CUNDINAMARCA","UBATÉ","VEREDA BRISAS DEL APARTADERO","","","","","","","","","","","","","","","","","","","","","","","","","","","","1.06","","BD_ICV_2023"
"2023","Febrero","2023-02-13","CUNDINAMARCA","UNE","","","","","","","","","","","","","","","","","","","","","","","","","","","","","1","","BD_ICV_2023"
"2023","Febrero","2023-02-24","CUNDINAMARCA","UNE","","","","","","","","","","","","","","","","","","","","","","","","","","","","","50","","BD_ICV_2023"
"2023","Enero","2023-01-13","CUNDINAMARCA","UTICA","","","","","","","","","","","","","","","","","","","","","","","","","","","","","5","","BD_ICV_2023"
"2023","Agosto","2023-08-24","CUNDINAMARCA","UTICA","","","","","","","","","","","","","","","","","","","","","","","","","","","","","65","","BD_ICV_2023"
"2023","Septiembre","2023-09-25","CUNDINAMARCA","UTICA","","","","","","","","","","","","","","","","","","","","","","","","","","","","","2","","BD_ICV_2023"
"2023","Septiembre","2023-09-21","CUNDINAMARCA","VENECIA","","","","","","","","","","","","","","","","","","","","","","","","","","","","","1","","BD_ICV_2023"
"2023","Mayo","2023-05-15","CUNDINAMARCA","VERGARA","","","","","","","","","","","","","","","","","","","","","","","","","","","","","3","","BD_ICV_2023"
"2023","Junio","2023-06-13","CUNDINAMARCA","VERGARA","","","","","","","","","","","","","","","","","","","","","","","","","","","","","1","","BD_ICV_2023"
"2023","Agosto","2023-08-28","CUNDINAMARCA","VIANI","","","","","","","","","","","","","","","","","","","","","","","","","","","","","5","","BD_ICV_2023"
"2023","Octubre","2023-10-01","CUNDINAMARCA","VIANI","","","","","","","","","","","","","","","","","","","","","","","","","","","","","4","","BD_ICV_2023"
"2023","Agosto","2023-08-08","CUNDINAMARCA","VIANÍ","VEREDA VIANICITO","","","","","","","","","","","","","","","","","","","","","","","","","","","","0.86","","BD_ICV_2023"
"2023","Agosto","2023-08-08","CUNDINAMARCA","VIANÍ","VEREDA VIANICITO","","","","","","","","","","","","","","","","","","","","","","","","","","","","0.86","","BD_ICV_2023"
"2023","Mayo","2023-05-03","CUNDINAMARCA","VILLETA","","","","","","","","","","","","","","","","","","","","","","","","","","","","","1","","BD_ICV_2023"
"2023","Junio","2023-06-19","CUNDINAMARCA","VILLETA","","","","","","","","","","","","","","","","","","","","","","","","","","","","","1","","BD_ICV_2023"
"2023","Junio","2023-06-23","CUNDINAMARCA","VILLETA","","","","","","","","","","","","","","","","","","","","","","","","","","","","","1.5","","BD_ICV_2023"
"2023","Junio","2023-06-26","CUNDINAMARCA","VILLETA","","","","","","","","","","","","","","","","","","","","","","","","","","","","","1","","BD_ICV_2023"
"2023","Junio","2023-06-29","CUNDINAMARCA","VILLETA","","","","","","","","","","","","","","","","","","","","","","","","","","","","","1","","BD_ICV_2023"
"2023","Julio","2023-07-20","CUNDINAMARCA","VILLETA","","","","","","","","","","","","","","","","","","","","","","","","","","","","","30","","BD_ICV_2023"
"2023","Agosto","2023-08-30","CUNDINAMARCA","VILLETA","","","","","","","","","","","","","","","","","","","","","","","","","","","","","6","","BD_ICV_2023"
"2023","Septiembre","2023-09-01","CUNDINAMARCA","VILLETA","","","","","","","","","","","","","","","","","","","","","","","","","","","","","4","","BD_ICV_2023"
"2023","Septiembre","2023-09-06","CUNDINAMARCA","VILLETA","","","","","","","","","","","","","","","","","","","","","","","","","","","","","95","","BD_ICV_2023"
"2023","Septiembre","2023-09-06","CUNDINAMARCA","VILLETA","","","","","","","","","","","","","","","","","","","","","","","","","","","","","5","","BD_ICV_2023"
"2023","Septiembre","2023-09-06","CUNDINAMARCA","VILLETA","","","","","","","","","","","","","","","","","","","","","","","","","","","","","5","","BD_ICV_2023"
"2023","Septiembre","2023-09-09","CUNDINAMARCA","VILLETA","","","","","","","","","","","","","","","","","","","","","","","","","","","","","1","","BD_ICV_2023"
"2023","Septiembre","2023-09-10","CUNDINAMARCA","VILLETA","","","","","","","","","","","","","","","","","","","","","","","","","","","","","1","","BD_ICV_2023"
"2023","Septiembre","2023-09-12","CUNDINAMARCA","VILLETA","","","","","","","","","","","","","","","","","","","","","","","","","","","","","1","","BD_ICV_2023"
"2023","Septiembre","2023-09-21","CUNDINAMARCA","VILLETA","VEREDAS CHAPAIMA Y  LA BOLSA","","","","","","","","","","","","","","","","","","","","","","","","","","","","9.1","","BD_ICV_2023"
"2023","Septiembre","2023-09-23","CUNDINAMARCA","VILLETA","","","","","","","","","","","","","","","","","","","","","","","","","","","","","1.5","","BD_ICV_2023"
"2023","Diciembre","2023-12-11","CUNDINAMARCA","VILLETA","","","","","","","","","","","","","","","","","","","","","","","","","","","","","2","","BD_ICV_2023"
"2023","Agosto","2023-08-08","CUNDINAMARCA","VIOTA","","","","","","","","","","","","","","","","","","","","","","","","","","","","","4.5","","BD_ICV_2023"
"2023","Agosto","2023-08-08","CUNDINAMARCA","VIOTA","","","","","","","","","","","","","","","","","","","","","","","","","","","","","1.5","","BD_ICV_2023"
"2023","Agosto","2023-08-23","CUNDINAMARCA","VIOTA","","","","","","","","","","","","","","","","","","","","","","","","","","","","","0.5","","BD_ICV_2023"
"2023","Agosto","2023-08-29","CUNDINAMARCA","VIOTA","","","","","","","","","","","","","","","","","","","","","","","","","","","","","1","","BD_ICV_2023"
"2023","Agosto","2023-08-30","CUNDINAMARCA","VIOTA","","","","","","","","","","","","","","","","","","","","","","","","","","","","","1","","BD_ICV_2023"
"2023","Septiembre","2023-09-06","CUNDINAMARCA","VIOTA","","","","","","","","","","","","","","","","","","","","","","","","","","","","","2","","BD_ICV_2023"
"2023","Septiembre","2023-09-06","CUNDINAMARCA","VIOTA","","","","","","","","","","","","","","","","","","","","","","","","","","","","","1","","BD_ICV_2023"
"2023","Septiembre","2023-09-11","CUNDINAMARCA","VIOTA","","","","","","","","","","","","","","","","","","","","","","","","","","","","","1","","BD_ICV_2023"
"2023","Septiembre","2023-09-22","CUNDINAMARCA","VIOTA","","","","","","","","","","","","","","","","","","","","","","","","","","","","","1","","BD_ICV_2023"
"2023","Octubre","2023-10-02","CUNDINAMARCA","VIOTA","","","","","","","","","","","","","","","","","","","","","","","","","","","","","1","","BD_ICV_2023"
"2023","Octubre","2023-10-03","CUNDINAMARCA","VIOTA","","","","","","","","","","","","","","","","","","","","","","","","","","","","","42","","BD_ICV_2023"
"2023","Octubre","2023-10-07","CUNDINAMARCA","VIOTA","","","","","","","","","","","","","","","","","","","","","","","","","","","","","1.5","","BD_ICV_2023"
"2023","Noviembre","2023-11-30","CUNDINAMARCA","VIOTA","","","","","","","","","","","","","","","","","","","","","","","","","","","","","1","","BD_ICV_2023"
"2023","Diciembre","2023-12-14","CUNDINAMARCA","YACOPI","","","","","","","","","","","","","","","","","","","","","","","","","","","","","3","","BD_ICV_2023"
"2023","Diciembre","2023-12-14","CUNDINAMARCA","YACOPI","","","","","","","","","","","","","","","","","","","","","","","","","","","","","2","","BD_ICV_2023"
"2023","Febrero","2023-02-02","CUNDINAMARCA","ZIPAQUIRA","","","","","","","","","","","","","","","","","","","","","","","","","","","","","2","","BD_ICV_2023"
"2023","Febrero","2023-02-05","CUNDINAMARCA","ZIPAQUIRA","","","","","","","","","","","","","","","","","","","","","","","","","","","","","4","","BD_ICV_2023"
"2023","Enero","2023-01-01","GUAINÍA","INIRIDA","","","","","","","","","","","","","","","","","","","","","","","","","","","","","0.5","","BD_ICV_2023"
"2023","Enero","2023-01-15","GUAINÍA","INIRIDA","","","","","","","","","","","","","","","","","","","","","","","","","","","","","0.5","","BD_ICV_2023"
"2023","Enero","2023-01-21","GUAINÍA","INIRIDA","","","","","","","","","","","","","","","","","","","","","","","","","","","","","0.5","","BD_ICV_2023"
"2023","Enero","2023-01-26","GUAINÍA","INIRIDA","","","","","","","","","","","","","","","","","","","","","","","","","","","","","0.5","","BD_ICV_2023"
"2023","Enero","2023-01-27","GUAINÍA","INIRIDA","","","","","","","","","","","","","","","","","","","","","","","","","","","","","0.5","","BD_ICV_2023"
"2023","Enero","2023-01-28","GUAINÍA","INIRIDA","","","","","","","","","","","","","","","","","","","","","","","","","","","","","0.5","","BD_ICV_2023"
"2023","Enero","2023-01-29","GUAINÍA","INIRIDA","","","","","","","","","","","","","","","","","","","","","","","","","","","","","0.5","","BD_ICV_2023"
"2023","Enero","2023-01-31","GUAINÍA","INIRIDA","","","","","","","","","","","","","","","","","","","","","","","","","","","","","0.5","","BD_ICV_2023"
"2023","Enero","2023-01-31","GUAINÍA","INIRIDA","","","","","","","","","","","","","","","","","","","","","","","","","","","","","0.5","","BD_ICV_2023"
"2023","Enero","2023-01-31","GUAINÍA","INIRIDA","","","","","","","","","","","","","","","","","","","","","","","","","","","","","0.5","","BD_ICV_2023"
"2023","Febrero","2023-02-01","GUAINÍA","INIRIDA","","","","","","","","","","","","","","","","","","","","","","","","","","","","","0.5","","BD_ICV_2023"
"2023","Febrero","2023-02-01","GUAINÍA","INIRIDA","","","","","","","","","","","","","","","","","","","","","","","","","","","","","0.5","","BD_ICV_2023"
"2023","Febrero","2023-02-02","GUAINÍA","INIRIDA","","","","","","","","","","","","","","","","","","","","","","","","","","","","","0.5","","BD_ICV_2023"
"2023","Febrero","2023-02-03","GUAINÍA","INIRIDA","","","","","","","","","","","","","","","","","","","","","","","","","","","","","0.5","","BD_ICV_2023"
"2023","Febrero","2023-02-03","GUAINÍA","INIRIDA","","","","","","","","","","","","","","","","","","","","","","","","","","","","","0.5","","BD_ICV_2023"
"2023","Febrero","2023-02-03","GUAINÍA","INIRIDA","","","","","","","","","","","","","","","","","","","","","","","","","","","","","0.5","","BD_ICV_2023"
"2023","Febrero","2023-02-18","GUAINÍA","INIRIDA","","","","","","","","","","","","","","","","","","","","","","","","","","","","","0.5","","BD_ICV_2023"
"2023","Enero","2023-01-03","GUAVIARE","MIRAFLORES","","","","","","","","","","","","","","","","","","","","","","","","","","","","","20","","BD_ICV_2023"
"2023","Enero","2023-01-03","GUAVIARE","MIRAFLORES","","","","","","","","","","","","","","","","","","","","","","","","","","","","","8","","BD_ICV_2023"
"2023","Enero","2023-01-03","GUAVIARE","MIRAFLORES","","","","","","","","","","","","","","","","","","","","","","","","","","","","","1","","BD_ICV_2023"
"2023","Enero","2023-01-05","GUAVIARE","MIRAFLORES","","","","","","","","","","","","","","","","","","","","","","","","","","","","","2","","BD_ICV_2023"
"2023","Enero","2023-01-10","GUAVIARE","MIRAFLORES","","","","","","","","","","","","","","","","","","","","","","","","","","","","","9","","BD_ICV_2023"
"2023","Enero","2023-01-10","GUAVIARE","MIRAFLORES","","","","","","","","","","","","","","","","","","","","","","","","","","","","","6","","BD_ICV_2023"
"2023","Enero","2023-01-12","GUAVIARE","MIRAFLORES","","","","","","","","","","","","","","","","","","","","","","","","","","","","","2","","BD_ICV_2023"
"2023","Enero","2023-01-17","GUAVIARE","MIRAFLORES","","","","","","","","","","","","","","","","","","","","","","","","","","","","","4","","BD_ICV_2023"
"2023","Enero","2023-01-22","GUAVIARE","MIRAFLORES","","","","","","","","","","","","","","","","","","","","","","","","","","","","","9","","BD_ICV_2023"
"2023","Enero","2023-01-23","GUAVIARE","MIRAFLORES","","","","","","","","","","","","","","","","","","","","","","","","","","","","","20","","BD_ICV_2023"
"2023","Enero","2023-01-26","GUAVIARE","MIRAFLORES","","","","","","","","","","","","","","","","","","","","","","","","","","","","","8","","BD_ICV_2023"
"2023","Febrero","2023-02-02","GUAVIARE","MIRAFLORES","","","","","","","","","","","","","","","","","","","","","","","","","","","","","15","","BD_ICV_2023"
"2023","Febrero","2023-02-19","GUAVIARE","MIRAFLORES","","","","","","","","","","","","","","","","","","","","","","","","","","","","","1","","BD_ICV_2023"
"2023","Febrero","2023-02-20","GUAVIARE","MIRAFLORES","","","","","","","","","","","","","","","","","","","","","","","","","","","","","0.5","","BD_ICV_2023"
"2023","Enero","2023-01-04","GUAVIARE","SAN JOSÉ DEL GUAVIARE","","","","","","","","","","","","","","","","","","","","","","","","","","","","","0.5","","BD_ICV_2023"
"2023","Enero","2023-01-04","GUAVIARE","SAN JOSÉ DEL GUAVIARE","","","","","","","","","","","","","","","","","","","","","","","","","","","","","0.5","","BD_ICV_2023"
"2023","Enero","2023-01-06","GUAVIARE","SAN JOSÉ DEL GUAVIARE","","","","","","","","","","","","","","","","","","","","","","","","","","","","","0.5","","BD_ICV_2023"
"2023","Enero","2023-01-15","GUAVIARE","SAN JOSÉ DEL GUAVIARE","","","","","","","","","","","","","","","","","","","","","","","","","","","","","5","","BD_ICV_2023"
"2023","Enero","2023-01-18","GUAVIARE","SAN JOSÉ DEL GUAVIARE","","","","","","","","","","","","","","","","","","","","","","","","","","","","","4","","BD_ICV_2023"
"2023","Enero","2023-01-27","GUAVIARE","SAN JOSÉ DEL GUAVIARE","","","","","","","","","","","","","","","","","","","","","","","","","","","","","180","","BD_ICV_2023"
"2023","Enero","2023-01-28","GUAVIARE","SAN JOSÉ DEL GUAVIARE","","","","","","","","","","","","","","","","","","","","","","","","","","","","","0.5","","BD_ICV_2023"
"2023","Enero","2023-01-30","GUAVIARE","SAN JOSÉ DEL GUAVIARE","","","","","","","","","","","","","","","","","","","","","","","","","","","","","1","","BD_ICV_2023"
"2023","Febrero","2023-02-02","GUAVIARE","SAN JOSÉ DEL GUAVIARE","","","","","","","","","","","","","","","","","","","","","","","","","","","","","15","","BD_ICV_2023"
"2023","Febrero","2023-02-02","GUAVIARE","SAN JOSÉ DEL GUAVIARE","","","","","","","","","","","","","","","","","","","","","","","","","","","","","3","","BD_ICV_2023"
"2023","Febrero","2023-02-04","GUAVIARE","SAN JOSÉ DEL GUAVIARE","","","","","","","","","","","","","","","","","","","","","","","","","","","","","0.5","","BD_ICV_2023"
"2023","Febrero","2023-02-07","GUAVIARE","SAN JOSÉ DEL GUAVIARE","","","","","","","","","","","","","","","","","","","","","","","","","","","","","0.5","","BD_ICV_2023"
"2023","Febrero","2023-02-07","GUAVIARE","SAN JOSÉ DEL GUAVIARE","","","","","","","","","","","","","","","","","","","","","","","","","","","","","0.5","","BD_ICV_2023"
"2023","Febrero","2023-02-10","GUAVIARE","SAN JOSÉ DEL GUAVIARE","","","","","","","","","","","","","","","","","","","","","","","","","","","","","0.5","","BD_ICV_2023"
"2023","Febrero","2023-02-10","GUAVIARE","SAN JOSÉ DEL GUAVIARE","","","","","","","","","","","","","","","","","","","","","","","","","","","","","0.5","","BD_ICV_2023"
"2023","Febrero","2023-02-10","GUAVIARE","SAN JOSÉ DEL GUAVIARE","","","","","","","","","","","","","","","","","","","","","","","","","","","","","0.5","","BD_ICV_2023"
"2023","Febrero","2023-02-14","GUAVIARE","SAN JOSÉ DEL GUAVIARE","","","","","","","","","","","","","","","","","","","","","","","","","","","","","0.5","","BD_ICV_2023"
"2023","Febrero","2023-02-19","GUAVIARE","SAN JOSÉ DEL GUAVIARE","","","","","","","","","","","","","","","","","","","","","","","","","","","","","3","","BD_ICV_2023"
"2023","Febrero","2023-02-19","GUAVIARE","SAN JOSÉ DEL GUAVIARE","","","","","","","","","","","","","","","","","","","","","","","","","","","","","0.5","","BD_ICV_2023"
"2023","Febrero","2023-02-19","GUAVIARE","SAN JOSÉ DEL GUAVIARE","","","","","","","","","","","","","","","","","","","","","","","","","","","","","0.5","","BD_ICV_2023"
"2023","Febrero","2023-02-20","GUAVIARE","SAN JOSÉ DEL GUAVIARE","","","","","","","","","","","","","","","","","","","","","","","","","","","","","0.5","","BD_ICV_2023"
"2023","Febrero","2023-02-20","GUAVIARE","SAN JOSÉ DEL GUAVIARE","","","","","","","","","","","","","","","","","","","","","","","","","","","","","0.5","","BD_ICV_2023"
"2023","Febrero","2023-02-21","GUAVIARE","SAN JOSÉ DEL GUAVIARE","","","","","","","","","","","","","","","","","","","","","","","","","","","","","0.5","","BD_ICV_2023"
"2023","Febrero","2023-02-21","GUAVIARE","SAN JOSÉ DEL GUAVIARE","","","","","","","","","","","","","","","","","","","","","","","","","","","","","0.5","","BD_ICV_2023"
"2023","Febrero","2023-02-22","GUAVIARE","SAN JOSÉ DEL GUAVIARE","","","","","","","","","","","","","","","","","","","","","","","","","","","","","1.5","","BD_ICV_2023"
"2023","Febrero","2023-02-23","GUAVIARE","SAN JOSÉ DEL GUAVIARE","","","","","","","","","","","","","","","","","","","","","","","","","","","","","20","","BD_ICV_2023"
"2023","Febrero","2023-02-02","HUILA","ACEVEDO","","","","","","","","","","","","","","","","","","","","","","","","","","","","","1","","BD_ICV_2023"
"2023","Febrero","2023-02-20","HUILA","ACEVEDO","Llanitos","","","","","","","","","","","","","","","","","","","","","","","","","","","","0.25","","BD_ICV_2023"
"2023","Febrero","2023-02-27","HUILA","ACEVEDO","","","","","","","","","","","","","","","","","","","","","","","","","","","","","1","","BD_ICV_2023"
"2023","Febrero","2023-02-04","HUILA","AGRADO","","","","","","","","","","","","","","","","","","","","","","","","","","","","","0.5","","BD_ICV_2023"
"2023","Febrero","2023-02-04","HUILA","AGRADO","Vereda Los Alpes","","","","","","","","","","","","","","","","","","","","","","","","","","","","3","","BD_ICV_2023"
"2023","Marzo","2023-03-02","HUILA","AGRADO","Vereda La Galda","","","","","","","","","","","","","","","","","","","","","","","","","","","","1.5","","BD_ICV_2023"
"2023","Marzo","2023-03-03","HUILA","AGRADO","Vía Agrado-GARZÓN Predios De Enel","","","","","","","","","","","","","","","","","","","","","","","","","","","","2.7","","BD_ICV_2023"
"2023","Mayo","2023-05-11","HUILA","AGRADO","Vereda Pedernal","","","","","","","","","","","","","","","","","","","","","","","","","","","","0.28999999999999998","","BD_ICV_2023"
"2023","Mayo","2023-05-17","HUILA","AGRADO","Vereda Pedernal","","","","","","","","","","","","","","","","","","","","","","","","","","","","1.8","","BD_ICV_2023"
"2023","Mayo","2023-05-18","HUILA","AGRADO","Vía Agrado-GARZÓN","","","","","","","","","","","","","","","","","","","","","","","","","","","","0.28000000000000003","","BD_ICV_2023"
"2023","Mayo","2023-05-20","HUILA","AGRADO","Vereda Buenavista Bajo","","","","","","","","","","","","","","","","","","","","","","","","","","","","0.25","","BD_ICV_2023"
"2023","Julio","2023-07-07","HUILA","AGRADO","Vereda Yaguilga","","","","","","","","","","","","","","","","","","","","","","","","","","","","0.25","","BD_ICV_2023"
"2023","Julio","2023-07-10","HUILA","AGRADO","Vereda La Galda","","","","","","","","","","","","","","","","","","","","","","","","","","","","1.5","","BD_ICV_2023"
"2023","Julio","2023-07-31","HUILA","AGRADO","Barrio Manizales","","","","","","","","","","","","","","","","","","","","","","","","","","","","0.27","","BD_ICV_2023"
"2023","Agosto","2023-08-04","HUILA","AGRADO","Vía Agrado-GARZÓN","","","","","","","","","","","","","","","","","","","","","","","","","","","","0.25","","BD_ICV_2023"
"2023","Agosto","2023-08-10","HUILA","AGRADO","Cerro Del Caracol","","","","","","","","","","","","","","","","","","","","","","","","","","","","2.6","","BD_ICV_2023"
"2023","Agosto","2023-08-13","HUILA","AGRADO","Vía Agrado-GARZÓN","","","","","","","","","","","","","","","","","","","","","","","","","","","","0.39","","BD_ICV_2023"
"2023","Agosto","2023-08-14","HUILA","AGRADO","Vereda Yaguilga","","","","","","","","","","","","","","","","","","","","","","","","","","","","1.5","","BD_ICV_2023"
"2023","Agosto","2023-08-16","HUILA","AGRADO","","","","","","","","","","","","","","","","","","","","","","","","","","","","","30","","BD_ICV_2023"
"2023","Agosto","2023-08-16","HUILA","AGRADO","Vereda La Galda","","","","","","","","","","","","","","","","","","","","","","","","","","","","30","","BD_ICV_2023"
"2023","Agosto","2023-08-19","HUILA","AGRADO","Sobre La Vía Y Predios Enel","","","","","","","","","","","","","","","","","","","","","","","","","","","","1.5","","BD_ICV_2023"
"2023","Agosto","2023-08-27","HUILA","AGRADO","Vereda Sabaneta","","","","","","","","","","","","","","","","","","","","","","","","","","","","0.56999999999999995","","BD_ICV_2023"
"2023","Agosto","2023-08-28","HUILA","AGRADO","Chimbayaco Alto","","","","","","","","","","","","","","","","","","","","","","","","","","","","2","","BD_ICV_2023"
"2023","Septiembre","2023-09-12","HUILA","AGRADO","","","","","","","","","","","","","","","","","","","","","","","","","","","","","240","","BD_ICV_2023"
"2023","Septiembre","2023-09-23","HUILA","AGRADO","","","","","","","","","","","","","","","","","","","","","","","","","","","","","1","","BD_ICV_2023"
"2023","Septiembre","2023-09-30","HUILA","AGRADO","","","","","","","","","","","","","","","","","","","","","","","","","","","","","0.5","","BD_ICV_2023"
"2023","Octubre","2023-09-30","HUILA","AGRADO","","","","","","","","","","","","","","","","","","","","","","","","","","","","","0.5","","BD_ICV_2023"
"2023","Enero","2023-01-31","HUILA","AIPE","Urbano barrio la Floresta","","","","","","","","","","","","","","","","","","","","","","","","","","","","0.02","","BD_ICV_2023"
"2023","Mayo","2023-05-03","HUILA","AIPE","Urbano barrio las Marias","","","","","","","","","","","","","","","","","","","","","","","","","","","","1.5","","BD_ICV_2023"
"2023","Mayo","2023-05-07","HUILA","AIPE","Ruta 45 Troncal 6 sobre el kilómetro 33 + 600 metros vía Neiva Bogotá","","","","","","","","","","","","","","","","","","","","","","","","","","","","1","","BD_ICV_2023"
"2023","Mayo","2023-05-09","HUILA","AIPE","Ruta 45 Troncal 6 sobre el kilómetro 23 vía Neiva Bogotá","","","","","","","","","","","","","","","","","","","","","","","","","","","","3","","BD_ICV_2023"
"2023","Junio","2023-06-02","HUILA","AIPE","Urbano barrio Francisco cabrera","","","","","","","","","","","","","","","","","","","","","","","","","","","","0.05","","BD_ICV_2023"
"2023","Junio","2023-06-09","HUILA","AIPE","Rural Vereda el Pata","","","","","","","","","","","","","","","","","","","","","","","","","","","","0.01","","BD_ICV_2023"
"2023","Junio","2023-06-16","HUILA","AIPE","Ruta 45 troncal 6 vía Neiva Bogotá, sobre el kilómetro 20 + 300 metros","","","","","","","","","","","","","","","","","","","","","","","","","","","","0.25","","BD_ICV_2023"
"2023","Junio","2023-06-30","HUILA","AIPE","Urbano barrio Ángel María Perdomo lugar denominado la molla del Lourdes","","","","","","","","","","","","","","","","","","","","","","","","","","","","1","","BD_ICV_2023"
"2023","Julio","2023-07-03","HUILA","AIPE","Urbano barrio el centro","","","","","","","","","","","","","","","","","","","","","","","","","","","","0.15","","BD_ICV_2023"
"2023","Julio","2023-07-11","HUILA","AIPE","Rural vereda rio Aipe sector conocido como el triunfo","","","","","","","","","","","","","","","","","","","","","","","","","","","","0.05","","BD_ICV_2023"
"2023","Julio","2023-07-12","HUILA","AIPE","Urbano barrio las marías","","","","","","","","","","","","","","","","","","","","","","","","","","","","1","","BD_ICV_2023"
"2023","Julio","2023-07-14","HUILA","AIPE","Ruta 45 troncal 6 vía Neiva-Bogotá, sobre el kilómetro 49+500 metros","","","","","","","","","","","","","","","","","","","","","","","","","","","","1","","BD_ICV_2023"
"2023","Julio","2023-07-14","HUILA","AIPE","Ruta 45 troncal 6 vía Neiva-Bogotá, sobre los kilómetros 50, 51 y 52","","","","","","","","","","","","","","","","","","","","","","","","","","","","0.05","","BD_ICV_2023"
"2023","Julio","2023-07-15","HUILA","AIPE","Ruta 45 troncal 6 vía Neiva-Bogotá, sobre el kilómetro 52","","","","","","","","","","","","","","","","","","","","","","","","","","","","0.03","","BD_ICV_2023"
"2023","Julio","2023-07-16","HUILA","AIPE","Urbano barrio las Marias (Ciudadela Educativa)","","","","","","","","","","","","","","","","","","","","","","","","","","","","1","","BD_ICV_2023"
"2023","Julio","2023-07-16","HUILA","AIPE","Ruta 45 troncal 6 vía Neiva-Bogotá, sobre el kilómetro 47+50 metros","","","","","","","","","","","","","","","","","","","","","","","","","","","","0.03","","BD_ICV_2023"
"2023","Julio","2023-07-21","HUILA","AIPE","Ruta 45 Troncal 6 vía Neiva Bogotá sobre el kilometro 46+300 metros","","","","","","","","","","","","","","","","","","","","","","","","","","","","0.25","","BD_ICV_2023"
"2023","Julio","2023-07-23","HUILA","AIPE","45 Troncal 6 vía Neiva Bogotá sobre el kilómetro 19+100 metros","","","","","","","","","","","","","","","","","","","","","","","","","","","","0.35","","BD_ICV_2023"
"2023","Julio","2023-07-28","HUILA","AIPE","Urbano barrio Pablo Sexto","","","","","","","","","","","","","","","","","","","","","","","","","","","","0.05","","BD_ICV_2023"
"2023","Julio","2023-07-28","HUILA","AIPE","Urbano barrio Pablo Sexto","","","","","","","","","","","","","","","","","","","","","","","","","","","","0.01","","BD_ICV_2023"
"2023","Julio","2023-07-31","HUILA","AIPE","Urbano vereda la Manga sector la quinta","","","","","","","","","","","","","","","","","","","","","","","","","","","","1.5","","BD_ICV_2023"
"2023","Agosto","2023-08-01","HUILA","AIPE","Urbano barrio Pueblo Nuevo","","","","","","","","","","","","","","","","","","","","","","","","","","","","0.05","","BD_ICV_2023"
"2023","Agosto","2023-08-03","HUILA","AIPE","Rural vereda rio Aipe Sector conocido como finca la manga","","","","","","","","","","","","","","","","","","","","","","","","","","","","2","","BD_ICV_2023"
"2023","Agosto","2023-08-04","HUILA","AIPE","Ruta 45 Troncal 6 vía Neiva Bogotá sobre el kilómetro 40","","","","","","","","","","","","","","","","","","","","","","","","","","","","0.25","","BD_ICV_2023"
"2023","Agosto","2023-08-07","HUILA","AIPE","Rural vereda rio Aipe sector la Brigada","","","","","","","","","","","","","","","","","","","","","","","","","","","","2.5","","BD_ICV_2023"
"2023","Agosto","2023-08-07","HUILA","AIPE","Ruta 45 Troncal 6 vía Neiva Bogotá sobre el kilómetro 43+ 650 metros y el kilómetro 44 + 100 metros","","","","","","","","","","","","","","","","","","","","","","","","","","","","0.25","","BD_ICV_2023"
"2023","Agosto","2023-08-08","HUILA","AIPE","Rural vereda el Pata finca el Castillo","","","","","","","","","","","","","","","","","","","","","","","","","","","","3","","BD_ICV_2023"
"2023","Agosto","2023-08-08","HUILA","AIPE","Ruta 45 Troncal 6 vía Neiva Bogotá sobre el kilómetro 35+ 650 metro","","","","","","","","","","","","","","","","","","","","","","","","","","","","0.01","","BD_ICV_2023"
"2023","Agosto","2023-08-12","HUILA","AIPE","Rural vereda Rio Aipe sector el triunfo finca","","","","","","","","","","","","","","","","","","","","","","","","","","","","1","","BD_ICV_2023"
"2023","Agosto","2023-08-13","HUILA","AIPE","Urbano zona verde del barrio Ángel María Perdomo Lugar conocido como la Molla de Lourdes","","","","","","","","","","","","","","","","","","","","","","","","","","","","1","","BD_ICV_2023"
"2023","Agosto","2023-08-14","HUILA","AIPE","Rural vereda dina finca el mangón del cisne","","","","","","","","","","","","","","","","","","","","","","","","","","","","5","","BD_ICV_2023"
"2023","Agosto","2023-08-14","HUILA","AIPE","Rural barrio las Marias  zona verde del centro educativo ¿ciudadela educativa¿","","","","","","","","","","","","","","","","","","","","","","","","","","","","1.5","","BD_ICV_2023"
"2023","Agosto","2023-08-14","HUILA","AIPE","Ruta 45 troncal 6 vía Neiva -Bogotá sobre el kilómetro 20 + 800 metros","","","","","","","","","","","","","","","","","","","","","","","","","","","","1","","BD_ICV_2023"
"2023","Agosto","2023-08-17","HUILA","AIPE","Rural vereda san diego","","","","","","","","","","","","","","","","","","","","","","","","","","","","10","","BD_ICV_2023"
"2023","Agosto","2023-08-17","HUILA","AIPE","Rural vereda san Antonio Bajo sector Pérez chiquito","","","","","","","","","","","","","","","","","","","","","","","","","","","","10","","BD_ICV_2023"
"2023","Agosto","2023-08-17","HUILA","AIPE","Rural barrio las Marias  zona verde del centro educativo ¿ciudadela educativa¿","","","","","","","","","","","","","","","","","","","","","","","","","","","","2","","BD_ICV_2023"
"2023","Agosto","2023-08-19","HUILA","AIPE","Rural vereda san Antonio bajo","","","","","","","","","","","","","","","","","","","","","","","","","","","","10","","BD_ICV_2023"
"2023","Agosto","2023-08-19","HUILA","AIPE","Rural barrio las Marias  zona verde","","","","","","","","","","","","","","","","","","","","","","","","","","","","1.5","","BD_ICV_2023"
"2023","Agosto","2023-08-19","HUILA","AIPE","Urbano barrio las Marias","","","","","","","","","","","","","","","","","","","","","","","","","","","","1.5","","BD_ICV_2023"
"2023","Agosto","2023-08-23","HUILA","AIPE","Rural vereda Rio Aipe, finca providencia ubicada por la vía secundaria Aipe ¿ Praga","","","","","","","","","","","","","","","","","","","","","","","","","","","","1","","BD_ICV_2023"
"2023","Agosto","2023-08-26","HUILA","AIPE","Rural corregimiento de guarcirco","","","","","","","","","","","","","","","","","","","","","","","","","","","","5","","BD_ICV_2023"
"2023","Agosto","2023-08-26","HUILA","AIPE","Urbano  Lugar conocido como parque temático","","","","","","","","","","","","","","","","","","","","","","","","","","","","1","","BD_ICV_2023"
"2023","Agosto","2023-08-26","HUILA","AIPE","Urbano barrio Ángel María Perdomo Lugar conocido como la Molla de Lourdes","","","","","","","","","","","","","","","","","","","","","","","","","","","","1","","BD_ICV_2023"
"2023","Agosto","2023-08-28","HUILA","AIPE","Urbano barrio las Marias","","","","","","","","","","","","","","","","","","","","","","","","","","","","2","","BD_ICV_2023"
"2023","Agosto","2023-08-28","HUILA","AIPE","Rural vereda san Antonio bajo empresa ¿QUINSA S.A¿","","","","","","","","","","","","","","","","","","","","","","","","","","","","0.01","","BD_ICV_2023"
"2023","Agosto","2023-08-29","HUILA","AIPE","Ruta 45 Troncal 6 vía Neiva Bogotá sobre el kilómetro 17, cerca de la empresa ¿QUALITY FISS S.A.S,","","","","","","","","","","","","","","","","","","","","","","","","","","","","3","","BD_ICV_2023"
"2023","Agosto","2023-08-29","HUILA","AIPE","Urbano ¿PLAZA DE FERIAS¿, lugar las caballerizas","","","","","","","","","","","","","","","","","","","","","","","","","","","","0.01","","BD_ICV_2023"
"2023","Agosto","2023-08-30","HUILA","AIPE","Rural barrio las Marias  zona verde del centro educativo ¿ciudadela educativa¿","","","","","","","","","","","","","","","","","","","","","","","","","","","","1","","BD_ICV_2023"
"2023","Agosto","2023-08-30","HUILA","AIPE","Rural vereda ¿SAN ANTONIO BAJO¿, finca goteras de propiedad de la familia campos","","","","","","","","","","","","","","","","","","","","","","","","","","","","0.25","","BD_ICV_2023"
"2023","Agosto","2023-08-30","HUILA","AIPE","Rural vereda ¿SAN ANTONIO BAJO¿, finca goteras de propiedad de la familia campos","","","","","","","","","","","","","","","","","","","","","","","","","","","","0.25","","BD_ICV_2023"
"2023","Agosto","2023-08-30","HUILA","AIPE","Rural barrio las Marias  zona verde del centro educativo ¿ciudadela educativa¿","","","","","","","","","","","","","","","","","","","","","","","","","","","","0.25","","BD_ICV_2023"
"2023","Agosto","2023-08-31","HUILA","AIPE","Rural vereda el Dindal finca del señor Wilmer Parra Garzón","","","","","","","","","","","","","","","","","","","","","","","","","","","","3","","BD_ICV_2023"
"2023","Agosto","2023-08-31","HUILA","AIPE","","","","","","","","","","","","","","","","","","","","","","","","","","","","","1","","BD_ICV_2023"
"2023","Agosto","2023-08-31","HUILA","AIPE","Ruta 45 Troncal 6 vía Neiva Bogotá sobre el kilómetro 50 + 100 metros","","","","","","","","","","","","","","","","","","","","","","","","","","","","1","","BD_ICV_2023"
"2023","Septiembre","2023-09-01","HUILA","AIPE","Urbano barrio las Marias (Ciudadela Educativa)","","","","","","","","","","","","","","","","","","","","","","","","","","","","2","","BD_ICV_2023"
"2023","Septiembre","2023-09-01","HUILA","AIPE","Rural disperso de Guacirco en la empresa ¿LADRILLERA ANDINA¿","","","","","","","","","","","","","","","","","","","","","","","","","","","","1","","BD_ICV_2023"
"2023","Septiembre","2023-09-01","HUILA","AIPE","Ruta 45 Troncal 6 vía Neiva Bogotá sobre el kilómetro 33 barrio la floresta","","","","","","","","","","","","","","","","","","","","","","","","","","","","1","","BD_ICV_2023"
"2023","Septiembre","2023-09-01","HUILA","AIPE","Ruta 45 Troncal 6 vía Neiva Bogotá sobre el kilómetro 52 en la Vereda en Pata","","","","","","","","","","","","","","","","","","","","","","","","","","","","1","","BD_ICV_2023"
"2023","Septiembre","2023-09-02","HUILA","AIPE","Urbano avenida fundadores lugar conocido como la loma de la virgen","","","","","","","","","","","","","","","","","","","","","","","","","","","","0.01","","BD_ICV_2023"
"2023","Septiembre","2023-09-03","HUILA","AIPE","Rural vereda ¿San Antonio Bajo¿","","","","","","","","","","","","","","","","","","","","","","","","","","","","5","","BD_ICV_2023"
"2023","Septiembre","2023-09-06","HUILA","AIPE","","","","","","","","","","","","","","","","","","","","","","","","","","","","","5","","BD_ICV_2023"
"2023","Septiembre","2023-09-06","HUILA","AIPE","Rural vereda ¿la Brigada¿","","","","","","","","","","","","","","","","","","","","","","","","","","","","5","","BD_ICV_2023"
"2023","Septiembre","2023-09-06","HUILA","AIPE","Rural vereda ¿la Brigada¿","","","","","","","","","","","","","","","","","","","","","","","","","","","","1","","BD_ICV_2023"
"2023","Septiembre","2023-09-06","HUILA","AIPE","Urbano zona verde del barrio ¿Ángel María Perdomo¿","","","","","","","","","","","","","","","","","","","","","","","","","","","","0.05","","BD_ICV_2023"
"2023","Septiembre","2023-09-07","HUILA","AIPE","Urbano zona verde del Lugar conocido como ""parque temático""","","","","","","","","","","","","","","","","","","","","","","","","","","","","20.05","","BD_ICV_2023"
"2023","Septiembre","2023-09-07","HUILA","AIPE","Rural ereda ¿La Manga sector el Triunfo","","","","","","","","","","","","","","","","","","","","","","","","","","","","1","","BD_ICV_2023"
"2023","Septiembre","2023-09-07","HUILA","AIPE","Rural vereda ¿Santabárbara¿, en el predio Rancho de Yoli de propiedad de la señora Yolanda Diaz mora","","","","","","","","","","","","","","","","","","","","","","","","","","","","1","","BD_ICV_2023"
"2023","Septiembre","2023-09-08","HUILA","AIPE","Rural ¿Vereda los llanitos¿ vía Aipe - Praga,","","","","","","","","","","","","","","","","","","","","","","","","","","","","20.05","","BD_ICV_2023"
"2023","Septiembre","2023-09-08","HUILA","AIPE","Urbano zona verde del barrio ¿Las Marías¿","","","","","","","","","","","","","","","","","","","","","","","","","","","","1","","BD_ICV_2023"
"2023","Septiembre","2023-09-11","HUILA","AIPE","Urbano ""parque temático""","","","","","","","","","","","","","","","","","","","","","","","","","","","","20.05","","BD_ICV_2023"
"2023","Septiembre","2023-09-11","HUILA","AIPE","Rural vereda la Manga sector el triunfo","","","","","","","","","","","","","","","","","","","","","","","","","","","","2","","BD_ICV_2023"
"2023","Septiembre","2023-09-20","HUILA","AIPE","","","","","","","","","","","","","","","","","","","","","","","","","","","","","1","","BD_ICV_2023"
"2023","Septiembre","2023-09-20","HUILA","AIPE","Ruta 45 Troncal 6 vía Neiva Bogotá sobre el kilómetro 44 + 200 metros a orillas del rio Magdalena","","","","","","","","","","","","","","","","","","","","","","","","","","","","1","","BD_ICV_2023"
"2023","Septiembre","2023-09-27","HUILA","AIPE","Rural vereda ¿San Antonio Bajo Finca la Colombina""","","","","","","","","","","","","","","","","","","","","","","","","","","","","150","","BD_ICV_2023"
"2023","Septiembre","2023-09-29","HUILA","AIPE","Ruta 45 Troncal 6 vía Neiva Bogotá sobre el kilómetro 22 + 500 metros","","","","","","","","","","","","","","","","","","","","","","","","","","","","1","","BD_ICV_2023"
"2023","Septiembre","2023-09-30","HUILA","AIPE","Ruta 45 Troncal 6 vía Neiva Bogotá sobre el kilómetro 22","","","","","","","","","","","","","","","","","","","","","","","","","","","","4","","BD_ICV_2023"
"2023","Octubre","2023-10-01","HUILA","AIPE","Rural vereda ¿El Pata Cerro el callejon""","","","","","","","","","","","","","","","","","","","","","","","","","","","","30","","BD_ICV_2023"
"2023","Octubre","2023-10-03","HUILA","AIPE","Ruta 45 Troncal 6 vía Neiva Bogotá sobre el kilómetro 33 + 550 metrtos","","","","","","","","","","","","","","","","","","","","","","","","","","","","1","","BD_ICV_2023"
"2023","Octubre","2023-10-11","HUILA","AIPE","Rural vereda ¿San Antonio Bajo""","","","","","","","","","","","","","","","","","","","","","","","","","","","","3","","BD_ICV_2023"
"2023","Octubre","2023-10-16","HUILA","AIPE","Rural vereda ¿San Antonio Bajo""","","","","","","","","","","","","","","","","","","","","","","","","","","","","3","","BD_ICV_2023"
"2023","Octubre","2023-10-17","HUILA","AIPE","Rural vereda ¿Santa Barbara lugar conocido como los llanitos""","","","","","","","","","","","","","","","","","","","","","","","","","","","","10","","BD_ICV_2023"
"2023","Octubre","2023-10-18","HUILA","AIPE","Rural vereda ¿Santa Barbara lugar conocido como los llanitos""","","","","","","","","","","","","","","","","","","","","","","","","","","","","3","","BD_ICV_2023"
"2023","Octubre","2023-10-20","HUILA","AIPE","","","","","","","","","","","","","","","","","","","","","","","","","","","","","12","","BD_ICV_2023"
"2023","Octubre","2023-10-20","HUILA","AIPE","Vereda Santa Barbara","","","","","","","","","","","","","","","","","","","","","","","","","","","","13","","BD_ICV_2023"
"2023","Agosto","2023-08-16","HUILA","ALGECIRAS","","","","","","","","","","","","","","","","","","","","","","","","","","","","","20","","BD_ICV_2023"
"2023","Agosto","2023-08-26","HUILA","ALGECIRAS","","","","","","","","","","","","","","","","","","","","","","","","","","","","","22","","BD_ICV_2023"
"2023","Septiembre","2023-09-01","HUILA","ALGECIRAS","","","","","","","","","","","","","","","","","","","","","","","","","","","","","6","","BD_ICV_2023"
"2023","Septiembre","2023-09-02","HUILA","ALGECIRAS","","","","","","","","","","","","","","","","","","","","","","","","","","","","","5","","BD_ICV_2023"
"2023","Septiembre","2023-09-06","HUILA","ALGECIRAS","","","","","","","","","","","","","","","","","","","","","","","","","","","","","3","","BD_ICV_2023"
"2023","Septiembre","2023-09-12","HUILA","ALGECIRAS","","","","","","","","","","","","","","","","","","","","","","","","","","","","","2","","BD_ICV_2023"
"2023","Septiembre","2023-09-22","HUILA","ALGECIRAS","","","","","","","","","","","","","","","","","","","","","","","","","","","","","30","","BD_ICV_2023"
"2023","Septiembre","2023-09-23","HUILA","ALGECIRAS","","","","","","","","","","","","","","","","","","","","","","","","","","","","","5","","BD_ICV_2023"
"2023","Octubre","2023-10-07","HUILA","ALGECIRAS","","","","","","","","","","","","","","","","","","","","","","","","","","","","","1","","BD_ICV_2023"
"2023","Octubre","2023-10-14","HUILA","ALGECIRAS","","","","","","","","","","","","","","","","","","","","","","","","","","","","","7","","BD_ICV_2023"
"2023","Octubre","2023-10-24","HUILA","ALGECIRAS","","","","","","","","","","","","","","","","","","","","","","","","","","","","","70","","BD_ICV_2023"
"2023","Diciembre","2023-12-07","HUILA","ALGECIRAS","","","","","","","","","","","","","","","","","","","","","","","","","","","","","6","","BD_ICV_2023"
"2023","Diciembre","2023-12-11","HUILA","ALGECIRAS","","","","","","","","","","","","","","","","","","","","","","","","","","","","","1","","BD_ICV_2023"
"2023","Febrero","2023-02-12","HUILA","ALTAMIRA","","","","","","","","","","","","","","","","","","","","","","","","","","","","","1","","BD_ICV_2023"
"2023","Febrero","2023-02-25","HUILA","ALTAMIRA","","","","","","","","","","","","","","","","","","","","","","","","","","","","","1","","BD_ICV_2023"
"2023","Agosto","2023-08-17","HUILA","ALTAMIRA","Hatoblanco","","","","","","","","","","","","","","","","","","","","","","","","","","","","5","","BD_ICV_2023"
"2023","Agosto","2023-08-18","HUILA","ALTAMIRA","Llano De La Virgen","","","","","","","","","","","","","","","","","","","","","","","","","","","","22","","BD_ICV_2023"
"2023","Agosto","2023-08-18","HUILA","ALTAMIRA","San Carlos","","","","","","","","","","","","","","","","","","","","","","","","","","","","20","","BD_ICV_2023"
"2023","Agosto","2023-08-18","HUILA","ALTAMIRA","Pajiji","","","","","","","","","","","","","","","","","","","","","","","","","","","","5","","BD_ICV_2023"
"2023","Septiembre","2023-09-15","HUILA","ALTAMIRA","","","","","","","","","","","","","","","","","","","","","","","","","","","","","100","","BD_ICV_2023"
"2023","Octubre","2023-10-21","HUILA","ALTAMIRA","","","","","","","","","","","","","","","","","","","","","","","","","","","","","150","","BD_ICV_2023"
"2023","Diciembre","2023-12-04","HUILA","ALTAMIRA","","","","","","","","","","","","","","","","","","","","","","","","","","","","","4","","BD_ICV_2023"
"2023","Agosto","2023-08-08","HUILA","BARAYA","Vereda Totumito, Finca El Cambio","","","","","","","","","","","","","","","","","","","","","","","","","","","","60","","BD_ICV_2023"
"2023","Septiembre","2023-09-01","HUILA","BARAYA","","","","","","","","","","","","","","","","","","","","","","","","","","","","","1","","BD_ICV_2023"
"2023","Septiembre","2023-09-12","HUILA","BARAYA","","","","","","","","","","","","","","","","","","","","","","","","","","","","","5","","BD_ICV_2023"
"2023","Septiembre","2023-09-19","HUILA","BARAYA","","","","","","","","","","","","","","","","","","","","","","","","","","","","","35","","BD_ICV_2023"
"2023","Septiembre","2023-09-30","HUILA","BARAYA","","","","","","","","","","","","","","","","","","","","","","","","","","","","","50","","BD_ICV_2023"
"2023","Diciembre","2023-12-13","HUILA","BARAYA","","","","","","","","","","","","","","","","","","","","","","","","","","","","","5","","BD_ICV_2023"
"2023","Julio","2023-07-10","HUILA","CAMPOALEGRE","Vereda Vilaco Bajo","","","","","","","","","","","","","","","","","","","","","","","","","","","","8","","BD_ICV_2023"
"2023","Julio","2023-07-21","HUILA","CAMPOALEGRE","Km 94 Ruta 45 Via Neiva","","","","","","","","","","","","","","","","","","","","","","","","","","","","6","","BD_ICV_2023"
"2023","Agosto","2023-08-04","HUILA","CAMPOALEGRE","Vereda La Vega ( Renacer)","","","","","","","","","","","","","","","","","","","","","","","","","","","","2","","BD_ICV_2023"
"2023","Agosto","2023-08-08","HUILA","CAMPOALEGRE","Cefa La Angostura","","","","","","","","","","","","","","","","","","","","","","","","","","","","4","","BD_ICV_2023"
"2023","Agosto","2023-08-08","HUILA","CAMPOALEGRE","Pista El Limonar","","","","","","","","","","","","","","","","","","","","","","","","","","","","1","","BD_ICV_2023"
"2023","Agosto","2023-08-12","HUILA","CAMPOALEGRE","Km 11 Via Hobo YAGUARÁ","","","","","","","","","","","","","","","","","","","","","","","","","","","","45","","BD_ICV_2023"
"2023","Agosto","2023-08-12","HUILA","CAMPOALEGRE","Km 8 Via Hobo YAGUARÁ","","","","","","","","","","","","","","","","","","","","","","","","","","","","4","","BD_ICV_2023"
"2023","Agosto","2023-08-14","HUILA","CAMPOALEGRE","Km 75 Ruta 45","","","","","","","","","","","","","","","","","","","","","","","","","","","","3","","BD_ICV_2023"
"2023","Agosto","2023-08-15","HUILA","CAMPOALEGRE","Vereda Palmar Bajo","","","","","","","","","","","","","","","","","","","","","","","","","","","","2.5","","BD_ICV_2023"
"2023","Agosto","2023-08-15","HUILA","CAMPOALEGRE","Via Tabor (Hacienda El Igua)","","","","","","","","","","","","","","","","","","","","","","","","","","","","2","","BD_ICV_2023"
"2023","Agosto","2023-08-15","HUILA","CAMPOALEGRE","Via Tabor (Hacienda El Igua)","","","","","","","","","","","","","","","","","","","","","","","","","","","","2","","BD_ICV_2023"
"2023","Agosto","2023-08-17","HUILA","CAMPOALEGRE","","","","","","","","","","","","","","","","","","","","","","","","","","","","","3","","BD_ICV_2023"
"2023","Agosto","2023-08-18","HUILA","CAMPOALEGRE","Vereda Llano Sur","","","","","","","","","","","","","","","","","","","","","","","","","","","","40","","BD_ICV_2023"
"2023","Agosto","2023-08-18","HUILA","CAMPOALEGRE","Vereda Otas","","","","","","","","","","","","","","","","","","","","","","","","","","","","25","","BD_ICV_2023"
"2023","Agosto","2023-08-18","HUILA","CAMPOALEGRE","Vereda Llano Sur","","","","","","","","","","","","","","","","","","","","","","","","","","","","1","","BD_ICV_2023"
"2023","Septiembre","2023-09-01","HUILA","CAMPOALEGRE","Vereda Vilaco","","","","","","","","","","","","","","","","","","","","","","","","","","","","300","","BD_ICV_2023"
"2023","Septiembre","2023-09-05","HUILA","CAMPOALEGRE","","","","","","","","","","","","","","","","","","","","","","","","","","","","","4","","BD_ICV_2023"
"2023","Septiembre","2023-09-05","HUILA","CAMPOALEGRE","Barrio - Acropolis","","","","","","","","","","","","","","","","","","","","","","","","","","","","10","","BD_ICV_2023"
"2023","Septiembre","2023-09-06","HUILA","CAMPOALEGRE","Vía Algeciras - Neiva, sector los corrales","","","","","","","","","","","","","","","","","","","","","","","","","","","","300","","BD_ICV_2023"
"2023","Septiembre","2023-09-13","HUILA","CAMPOALEGRE","","","","","","","","","","","","","","","","","","","","","","","","","","","","","4","","BD_ICV_2023"
"2023","Septiembre","2023-09-17","HUILA","CAMPOALEGRE","","","","","","","","","","","","","","","","","","","","","","","","","","","","","1","","BD_ICV_2023"
"2023","Septiembre","2023-09-20","HUILA","CAMPOALEGRE","Vereda el Viso","","","","","","","","","","","","","","","","","","","","","","","","","","","","25","","BD_ICV_2023"
"2023","Octubre","2023-10-02","HUILA","CAMPOALEGRE","VEREDA PIRABANTE BAJO","","","","","","","","","","","","","","","","","","","","","","","","","","","","22","","BD_ICV_2023"
"2023","Octubre","2023-10-11","HUILA","CAMPOALEGRE","VEREDA POTOSI","","","","","","","","","","","","","","","","","","","","","","","","","","","","20","","BD_ICV_2023"
"2023","Octubre","2023-10-11","HUILA","CAMPOALEGRE","VEREDA LAS VUELTAS","","","","","","","","","","","","","","","","","","","","","","","","","","","","6","","BD_ICV_2023"
"2023","Octubre","2023-10-12","HUILA","CAMPOALEGRE","","","","","","","","","","","","","","","","","","","","","","","","","","","","","20","","BD_ICV_2023"
"2023","Octubre","2023-10-12","HUILA","CAMPOALEGRE","VEREDA VILACO BAJO","","","","","","","","","","","","","","","","","","","","","","","","","","","","1250","","BD_ICV_2023"
"2023","Octubre","2023-10-12","HUILA","CAMPOALEGRE","SENA","","","","","","","","","","","","","","","","","","","","","","","","","","","","20","","BD_ICV_2023"
"2023","Octubre","2023-10-12","HUILA","CAMPOALEGRE","BARRIO LA CANDELARIA","","","","","","","","","","","","","","","","","","","","","","","","","","","","3","","BD_ICV_2023"
"2023","Octubre","2023-10-13","HUILA","CAMPOALEGRE","SENA LA ANGOSTURA","","","","","","","","","","","","","","","","","","","","","","","","","","","","20","","BD_ICV_2023"
"2023","Octubre","2023-10-17","HUILA","CAMPOALEGRE","Sector de Seboruco límites de Campoalegre con la represa de BETANIA, en la Finca Mercapez.","","","","","","","","","","","","","","","","","","","","","","","","","","","","10","","BD_ICV_2023"
"2023","Octubre","2023-10-18","HUILA","CAMPOALEGRE","","","","","","","","","","","","","","","","","","","","","","","","","","","","","4","","BD_ICV_2023"
"2023","Octubre","2023-10-18","HUILA","CAMPOALEGRE","BARRIO EL VISO","","","","","","","","","","","","","","","","","","","","","","","","","","","","13","","BD_ICV_2023"
"2023","Octubre","2023-10-18","HUILA","CAMPOALEGRE","VEREDA PIRABANTE BAJO","","","","","","","","","","","","","","","","","","","","","","","","","","","","4","","BD_ICV_2023"
"2023","Octubre","2023-10-18","HUILA","CAMPOALEGRE","BARRIO 12 DE OCTUBRE","","","","","","","","","","","","","","","","","","","","","","","","","","","","1","","BD_ICV_2023"
"2023","Octubre","2023-10-19","HUILA","CAMPOALEGRE","TORRE LA PERLA","","","","","","","","","","","","","","","","","","","","","","","","","","","","0.04","","BD_ICV_2023"
"2023","Octubre","2023-10-20","HUILA","CAMPOALEGRE","","","","","","","","","","","","","","","","","","","","","","","","","","","","","2","","BD_ICV_2023"
"2023","Octubre","2023-10-20","HUILA","CAMPOALEGRE","VEREDA VILACO BAJO","","","","","","","","","","","","","","","","","","","","","","","","","","","","50","","BD_ICV_2023"
"2023","Octubre","2023-10-23","HUILA","CAMPOALEGRE","BARRIO ACROPOLIS","","","","","","","","","","","","","","","","","","","","","","","","","","","","1","","BD_ICV_2023"
"2023","Octubre","2023-10-25","HUILA","CAMPOALEGRE","VEREDA LA SARDINATA","","","","","","","","","","","","","","","","","","","","","","","","","","","","25","","BD_ICV_2023"
"2023","Octubre","2023-10-25","HUILA","CAMPOALEGRE","BARRIO LA ORQUIDEA","","","","","","","","","","","","","","","","","","","","","","","","","","","","1","","BD_ICV_2023"
"2023","Enero","2023-01-18","HUILA","COLOMBIA","","","","","","","","","","","","","","","","","","","","","","","","","","","","","20","","BD_ICV_2023"
"2023","Enero","2023-01-26","HUILA","COLOMBIA","","","","","","","","","","","","","","","","","","","","","","","","","","","","","8","","BD_ICV_2023"
"2023","Febrero","2023-02-15","HUILA","COLOMBIA","","","","","","","","","","","","","","","","","","","","","","","","","","","","","9","","BD_ICV_2023"
"2023","Febrero","2023-02-23","HUILA","COLOMBIA","","","","","","","","","","","","","","","","","","","","","","","","","","","","","20","","BD_ICV_2023"
"2023","Febrero","2023-02-24","HUILA","COLOMBIA","","","","","","","","","","","","","","","","","","","","","","","","","","","","","20","","BD_ICV_2023"
"2023","Septiembre","2023-09-12","HUILA","COLOMBIA","","","","","","","","","","","","","","","","","","","","","","","","","","","","","6","","BD_ICV_2023"
"2023","Octubre","2023-10-08","HUILA","COLOMBIA","","","","","","","","","","","","","","","","","","","","","","","","","","","","","10","","BD_ICV_2023"
"2023","Septiembre","2023-09-22","HUILA","ELÍAS","","","","","","","","","","","","","","","","","","","","","","","","","","","","","1","","BD_ICV_2023"
"2023","Enero","2023-01-27","HUILA","GARZÓN","","","","","","","","","","","","","","","","","","","","","","","","","","","","","2","","BD_ICV_2023"
"2023","Febrero","2023-02-14","HUILA","GARZÓN","","","","","","","","","","","","","","","","","","","","","","","","","","","","","1","","BD_ICV_2023"
"2023","Julio","2023-07-27","HUILA","GARZÓN","","","","","","","","","","","","","","","","","","","","","","","","","","","","","8","","BD_ICV_2023"
"2023","Agosto","2023-08-17","HUILA","GARZÓN","","","","","","","","","","","","","","","","","","","","","","","","","","","","","8","","BD_ICV_2023"
"2023","Septiembre","2023-09-04","HUILA","GARZÓN","","","","","","","","","","","","","","","","","","","","","","","","","","","","","5","","BD_ICV_2023"
"2023","Septiembre","2023-09-23","HUILA","GARZÓN","","","","","","","","","","","","","","","","","","","","","","","","","","","","","3","","BD_ICV_2023"
"2023","Octubre","2023-10-20","HUILA","GARZÓN","","","","","","","","","","","","","","","","","","","","","","","","","","","","","1","","BD_ICV_2023"
"2023","Octubre","2023-10-22","HUILA","GARZÓN","","","","","","","","","","","","","","","","","","","","","","","","","","","","","7","","BD_ICV_2023"
"2023","Octubre","2023-10-22","HUILA","GARZÓN","","","","","","","","","","","","","","","","","","","","","","","","","","","","","5","","BD_ICV_2023"
"2023","Octubre","2023-10-22","HUILA","GARZÓN","","","","","","","","","","","","","","","","","","","","","","","","","","","","","3","","BD_ICV_2023"
"2023","Octubre","2023-10-23","HUILA","GARZÓN","","","","","","","","","","","","","","","","","","","","","","","","","","","","","5","","BD_ICV_2023"
"2023","Octubre","2023-10-23","HUILA","GARZÓN","","","","","","","","","","","","","","","","","","","","","","","","","","","","","2","","BD_ICV_2023"
"2023","Octubre","2023-10-24","HUILA","GARZÓN","","","","","","","","","","","","","","","","","","","","","","","","","","","","","10","","BD_ICV_2023"
"2023","Diciembre","2023-12-06","HUILA","GARZÓN","","","","","","","","","","","","","","","","","","","","","","","","","","","","","9","","BD_ICV_2023"
"2023","Enero","2023-01-27","HUILA","GIGANTE","","","","","","","","","","","","","","","","","","","","","","","","","","","","","14","","BD_ICV_2023"
"2023","Febrero","2023-02-21","HUILA","GIGANTE","","","","","","","","","","","","","","","","","","","","","","","","","","","","","4","","BD_ICV_2023"
"2023","Agosto","2023-08-04","HUILA","GIGANTE","B/ Las Brisas","","","","","","","","","","","","","","","","","","","","","","","","","","","","0.25","","BD_ICV_2023"
"2023","Agosto","2023-08-05","HUILA","GIGANTE","Cll 5 Con Crr13","","","","","","","","","","","","","","","","","","","","","","","","","","","","0.25","","BD_ICV_2023"
"2023","Agosto","2023-08-06","HUILA","GIGANTE","B/ Madres C.D.H","","","","","","","","","","","","","","","","","","","","","","","","","","","","2","","BD_ICV_2023"
"2023","Agosto","2023-08-08","HUILA","GIGANTE","Bajo Corozal","","","","","","","","","","","","","","","","","","","","","","","","","","","","1","","BD_ICV_2023"
"2023","Agosto","2023-08-10","HUILA","GIGANTE","Las Brisas","","","","","","","","","","","","","","","","","","","","","","","","","","","","0.25","","BD_ICV_2023"
"2023","Agosto","2023-08-11","HUILA","GIGANTE","Sector Bilibiles","","","","","","","","","","","","","","","","","","","","","","","","","","","","4","","BD_ICV_2023"
"2023","Agosto","2023-08-12","HUILA","GIGANTE","Pr 20 Ruta 4505","","","","","","","","","","","","","","","","","","","","","","","","","","","","1","","BD_ICV_2023"
"2023","Agosto","2023-08-13","HUILA","GIGANTE","Ancon","","","","","","","","","","","","","","","","","","","","","","","","","","","","10","","BD_ICV_2023"
"2023","Agosto","2023-08-14","HUILA","GIGANTE","Finca Florita","","","","","","","","","","","","","","","","","","","","","","","","","","","","10","","BD_ICV_2023"
"2023","Agosto","2023-08-15","HUILA","GIGANTE","Ancon","","","","","","","","","","","","","","","","","","","","","","","","","","","","15","","BD_ICV_2023"
"2023","Agosto","2023-08-17","HUILA","GIGANTE","V. Guadalupe","","","","","","","","","","","","","","","","","","","","","","","","","","","","1","","BD_ICV_2023"
"2023","Agosto","2023-08-17","HUILA","GIGANTE","Vereda Tendido","","","","","","","","","","","","","","","","","","","","","","","","","","","","0.25","","BD_ICV_2023"
"2023","Agosto","2023-08-18","HUILA","GIGANTE","Sector Altares","","","","","","","","","","","","","","","","","","","","","","","","","","","","4","","BD_ICV_2023"
"2023","Agosto","2023-08-18","HUILA","GIGANTE","Proyecto G.","","","","","","","","","","","","","","","","","","","","","","","","","","","","2","","BD_ICV_2023"
"2023","Agosto","2023-08-18","HUILA","GIGANTE","V. Potrerillos","","","","","","","","","","","","","","","","","","","","","","","","","","","","0.25","","BD_ICV_2023"
"2023","Agosto","2023-08-20","HUILA","GIGANTE","B/ Esperanza","","","","","","","","","","","","","","","","","","","","","","","","","","","","0.25","","BD_ICV_2023"
"2023","Agosto","2023-08-23","HUILA","GIGANTE","Guaraperia","","","","","","","","","","","","","","","","","","","","","","","","","","","","0.25","","BD_ICV_2023"
"2023","Agosto","2023-08-23","HUILA","GIGANTE","Pueblo Nuevo","","","","","","","","","","","","","","","","","","","","","","","","","","","","0.25","","BD_ICV_2023"
"2023","Agosto","2023-08-26","HUILA","GIGANTE","Loma De La Cruz","","","","","","","","","","","","","","","","","","","","","","","","","","","","4","","BD_ICV_2023"
"2023","Septiembre","2023-09-08","HUILA","GIGANTE","B/ Luis A.O","","","","","","","","","","","","","","","","","","","","","","","","","","","","2","","BD_ICV_2023"
"2023","Septiembre","2023-09-23","HUILA","GIGANTE","","","","","","","","","","","","","","","","","","","","","","","","","","","","","25","","BD_ICV_2023"
"2023","Febrero","2023-02-08","HUILA","GUADALUPE","","","","","","","","","","","","","","","","","","","","","","","","","","","","","3","","BD_ICV_2023"
"2023","Octubre","2023-10-19","HUILA","GUADALUPE","","","","","","","","","","","","","","","","","","","","","","","","","","","","","10","","BD_ICV_2023"
"2023","Octubre","2023-10-19","HUILA","GUADALUPE","","","","","","","","","","","","","","","","","","","","","","","","","","","","","6","","BD_ICV_2023"
"2023","Noviembre","2023-11-19","HUILA","GUADALUPE","","","","","","","","","","","","","","","","","","","","","","","","","","","","","3","","BD_ICV_2023"
"2023","Agosto","2023-08-13","HUILA","HOBO","","","","","","","","","","","","","","","","","","","","","","","","","","","","","12","","BD_ICV_2023"
"2023","Agosto","2023-08-13","HUILA","HOBO","","","","","","","","","","","","","","","","","","","","","","","","","","","","","10","","BD_ICV_2023"
"2023","Agosto","2023-08-15","HUILA","HOBO","","","","","","","","","","","","","","","","","","","","","","","","","","","","","10","","BD_ICV_2023"
"2023","Agosto","2023-08-17","HUILA","HOBO","","","","","","","","","","","","","","","","","","","","","","","","","","","","","4","","BD_ICV_2023"
"2023","Septiembre","2023-09-12","HUILA","HOBO","","","","","","","","","","","","","","","","","","","","","","","","","","","","","80","","BD_ICV_2023"
"2023","Septiembre","2023-09-23","HUILA","HOBO","","","","","","","","","","","","","","","","","","","","","","","","","","","","","12","","BD_ICV_2023"
"2023","Septiembre","2023-09-23","HUILA","HOBO","","","","","","","","","","","","","","","","","","","","","","","","","","","","","1","","BD_ICV_2023"
"2023","Septiembre","2023-09-26","HUILA","HOBO","","","","","","","","","","","","","","","","","","","","","","","","","","","","","8","","BD_ICV_2023"
"2023","Septiembre","2023-09-26","HUILA","HOBO","","","","","","","","","","","","","","","","","","","","","","","","","","","","","2","","BD_ICV_2023"
"2023","Octubre","2023-10-23","HUILA","HOBO","","","","","","","","","","","","","","","","","","","","","","","","","","","","","90","","BD_ICV_2023"
"2023","Octubre","2023-10-23","HUILA","HOBO","","","","","","","","","","","","","","","","","","","","","","","","","","","","","40","","BD_ICV_2023"
"2023","Enero","2023-01-31","HUILA","ÍQUIRA","","","","","","","","","","","","","","","","","","","","","","","","","","","","","1.75","","BD_ICV_2023"
"2023","Agosto","2023-08-11","HUILA","ÍQUIRA","","","","","","","","","","","","","","","","","","","","","","","","","","","","","4","","BD_ICV_2023"
"2023","Agosto","2023-08-16","HUILA","ÍQUIRA","","","","","","","","","","","","","","","","","","","","","","","","","","","","","18","","BD_ICV_2023"
"2023","Agosto","2023-08-16","HUILA","ÍQUIRA","","","","","","","","","","","","","","","","","","","","","","","","","","","","","2.25","","BD_ICV_2023"
"2023","Septiembre","2023-09-05","HUILA","ÍQUIRA","","","","","","","","","","","","","","","","","","","","","","","","","","","","","4","","BD_ICV_2023"
"2023","Septiembre","2023-09-23","HUILA","ÍQUIRA","","","","","","","","","","","","","","","","","","","","","","","","","","","","","1","","BD_ICV_2023"
"2023","Diciembre","2023-12-11","HUILA","ÍQUIRA","","","","","","","","","","","","","","","","","","","","","","","","","","","","","2","","BD_ICV_2023"
"2023","Enero","2023-01-28","HUILA","ISNOS","Vereda Bajo Planes","","","","","","","","","","","","","","","","","","","","","","","","","","","","1","","BD_ICV_2023"
"2023","Enero","2023-01-28","HUILA","ISNOS","Vereda Primavera","","","","","","","","","","","","","","","","","","","","","","","","","","","","0.5","","BD_ICV_2023"
"2023","Enero","2023-01-31","HUILA","ISNOS","Vereda La Florida","","","","","","","","","","","","","","","","","","","","","","","","","","","","0.5","","BD_ICV_2023"
"2023","Febrero","2023-02-03","HUILA","ISNOS","","","","","","","","","","","","","","","","","","","","","","","","","","","","","2","","BD_ICV_2023"
"2023","Febrero","2023-02-03","HUILA","ISNOS","","","","","","","","","","","","","","","","","","","","","","","","","","","","","1","","BD_ICV_2023"
"2023","Febrero","2023-02-03","HUILA","ISNOS","","","","","","","","","","","","","","","","","","","","","","","","","","","","","0.5","","BD_ICV_2023"
"2023","Febrero","2023-02-03","HUILA","ISNOS","Vereda Jerusalen","","","","","","","","","","","","","","","","","","","","","","","","","","","","10","","BD_ICV_2023"
"2023","Febrero","2023-02-05","HUILA","ISNOS","Vereda Salen","","","","","","","","","","","","","","","","","","","","","","","","","","","","1.5","","BD_ICV_2023"
"2023","Febrero","2023-02-08","HUILA","ISNOS","","","","","","","","","","","","","","","","","","","","","","","","","","","","","11","","BD_ICV_2023"
"2023","Febrero","2023-02-08","HUILA","ISNOS","","","","","","","","","","","","","","","","","","","","","","","","","","","","","1.5","","BD_ICV_2023"
"2023","Febrero","2023-02-08","HUILA","ISNOS","Vereda Rodrigo Lara Bonilla","","","","","","","","","","","","","","","","","","","","","","","","","","","","0.25","","BD_ICV_2023"
"2023","Febrero","2023-02-25","HUILA","ISNOS","Vereda Idolos","","","","","","","","","","","","","","","","","","","","","","","","","","","","0.25","","BD_ICV_2023"
"2023","Febrero","2023-02-27","HUILA","ISNOS","Barrio Mortiño","","","","","","","","","","","","","","","","","","","","","","","","","","","","0.25","","BD_ICV_2023"
"2023","Abril","2023-04-28","HUILA","ISNOS","Vereda Bajo Plomadas","","","","","","","","","","","","","","","","","","","","","","","","","","","","1","","BD_ICV_2023"
"2023","Mayo","2023-05-19","HUILA","ISNOS","Vereda Delicias","","","","","","","","","","","","","","","","","","","","","","","","","","","","1","","BD_ICV_2023"
"2023","Julio","2023-07-27","HUILA","ISNOS","Vereda San Vicente","","","","","","","","","","","","","","","","","","","","","","","","","","","","1","","BD_ICV_2023"
"2023","Octubre","2023-10-05","HUILA","ISNOS","","","","","","","","","","","","","","","","","","","","","","","","","","","","","1","","BD_ICV_2023"
"2023","Febrero","2023-02-03","HUILA","LA ARGENTINA","","","","","","","","","","","","","","","","","","","","","","","","","","","","","3","","BD_ICV_2023"
"2023","Febrero","2023-02-04","HUILA","LA ARGENTINA","","","","","","","","","","","","","","","","","","","","","","","","","","","","","3","","BD_ICV_2023"
"2023","Agosto","2023-08-31","HUILA","LA ARGENTINA","","","","","","","","","","","","","","","","","","","","","","","","","","","","","31","","BD_ICV_2023"
"2023","Septiembre","2023-09-02","HUILA","LA ARGENTINA","","","","","","","","","","","","","","","","","","","","","","","","","","","","","4","","BD_ICV_2023"
"2023","Febrero","2023-02-03","HUILA","LA PLATA","Vereda Birmania","","","","","","","","","","","","","","","","","","","","","","","","","","","","0.08","","BD_ICV_2023"
"2023","Julio","2023-07-06","HUILA","LA PLATA","Vereda Gesen","","","","","","","","","","","","","","","","","","","","","","","","","","","","40","","BD_ICV_2023"
"2023","Agosto","2023-08-02","HUILA","LA PLATA","","","","","","","","","","","","","","","","","","","","","","","","","","","","","30","","BD_ICV_2023"
"2023","Agosto","2023-08-02","HUILA","LA PLATA","Vereda Alto Cañada","","","","","","","","","","","","","","","","","","","","","","","","","","","","30","","BD_ICV_2023"
"2023","Agosto","2023-08-12","HUILA","LA PLATA","Vereda El Perico","","","","","","","","","","","","","","","","","","","","","","","","","","","","0.08","","BD_ICV_2023"
"2023","Agosto","2023-08-16","HUILA","LA PLATA","Restaurante Los Leños","","","","","","","","","","","","","","","","","","","","","","","","","","","","0.08","","BD_ICV_2023"
"2023","Agosto","2023-08-17","HUILA","LA PLATA","Vereda El Salado","","","","","","","","","","","","","","","","","","","","","","","","","","","","1","","BD_ICV_2023"
"2023","Agosto","2023-08-18","HUILA","LA PLATA","Recta La Filis-Via Neiva","","","","","","","","","","","","","","","","","","","","","","","","","","","","80","","BD_ICV_2023"
"2023","Agosto","2023-08-18","HUILA","LA PLATA","Vereda matanzas, Vía a Paicol.","","","","","","","","","","","","","","","","","","","","","","","","","","","","80","","BD_ICV_2023"
"2023","Agosto","2023-08-18","HUILA","LA PLATA","Vereda Salado","","","","","","","","","","","","","","","","","","","","","","","","","","","","35","","BD_ICV_2023"
"2023","Agosto","2023-08-30","HUILA","LA PLATA","Vereda La Azufrada","","","","","","","","","","","","","","","","","","","","","","","","","","","","20","","BD_ICV_2023"
"2023","Agosto","2023-08-31","HUILA","LA PLATA","Batalon de Ejecito.","","","","","","","","","","","","","","","","","","","","","","","","","","","","30","","BD_ICV_2023"
"2023","Septiembre","2023-09-07","HUILA","LA PLATA","","","","","","","","","","","","","","","","","","","","","","","","","","","","","3","","BD_ICV_2023"
"2023","Septiembre","2023-09-07","HUILA","LA PLATA","Vereda Bajo Retiro","","","","","","","","","","","","","","","","","","","","","","","","","","","","62","","BD_ICV_2023"
"2023","Septiembre","2023-09-16","HUILA","LA PLATA","Veredas Cansarrocines - Panorama","","","","","","","","","","","","","","","","","","","","","","","","","","","","5","","BD_ICV_2023"
"2023","Septiembre","2023-09-17","HUILA","LA PLATA","Vereda Alto Retiro","","","","","","","","","","","","","","","","","","","","","","","","","","","","80","","BD_ICV_2023"
"2023","Septiembre","2023-09-21","HUILA","LA PLATA","","","","","","","","","","","","","","","","","","","","","","","","","","","","","4","","BD_ICV_2023"
"2023","Septiembre","2023-09-26","HUILA","LA PLATA","","","","","","","","","","","","","","","","","","","","","","","","","","","","","0.5","","BD_ICV_2023"
"2023","Octubre","2023-10-23","HUILA","LA PLATA","","","","","","","","","","","","","","","","","","","","","","","","","","","","","20","","BD_ICV_2023"
"2023","Diciembre","2023-12-14","HUILA","LA PLATA","","","","","","","","","","","","","","","","","","","","","","","","","","","","","10","","BD_ICV_2023"
"2023","Agosto","2023-08-15","HUILA","NÁTAGA","","","","","","","","","","","","","","","","","","","","","","","","","","","","","1","","BD_ICV_2023"
"2023","Agosto","2023-08-31","HUILA","NÁTAGA","","","","","","","","","","","","","","","","","","","","","","","","","","","","","111.05","","BD_ICV_2023"
"2023","Septiembre","2023-09-21","HUILA","NÁTAGA","","","","","","","","","","","","","","","","","","","","","","","","","","","","","7","","BD_ICV_2023"
"2023","Septiembre","2023-09-26","HUILA","NÁTAGA","","","","","","","","","","","","","","","","","","","","","","","","","","","","","100","","BD_ICV_2023"
"2023","Diciembre","2023-12-04","HUILA","NÁTAGA","","","","","","","","","","","","","","","","","","","","","","","","","","","","","4","","BD_ICV_2023"
"2023","Diciembre","2023-12-06","HUILA","NÁTAGA","","","","","","","","","","","","","","","","","","","","","","","","","","","","","20","","BD_ICV_2023"
"2023","Febrero","2023-02-10","HUILA","NEIVA","","","","","","","","","","","","","","","","","","","","","","","","","","","","","1","","BD_ICV_2023"
"2023","Febrero","2023-02-13","HUILA","NEIVA","","","","","","","","","","","","","","","","","","","","","","","","","","","","","2","","BD_ICV_2023"
"2023","Febrero","2023-02-16","HUILA","NEIVA","","","","","","","","","","","","","","","","","","","","","","","","","","","","","1","","BD_ICV_2023"
"2023","Marzo","2023-03-02","HUILA","NEIVA","","","","","","","","","","","","","","","","","","","","","","","","","","","","","25.5","","BD_ICV_2023"
"2023","Mayo","2023-05-18","HUILA","NEIVA","Detrás del patinodromo","","","","","","","","","","","","","","","","","","","","","","","","","","","","9.5","","BD_ICV_2023"
"2023","Mayo","2023-05-18","HUILA","NEIVA","CRA 33#50-135","","","","","","","","","","","","","","","","","","","","","","","","","","","","0.62","","BD_ICV_2023"
"2023","Mayo","2023-05-21","HUILA","NEIVA","BOSQUES DE SAN LUIS - SUR","","","","","","","","","","","","","","","","","","","","","","","","","","","","1.3","","BD_ICV_2023"
"2023","Junio","2023-06-22","HUILA","NEIVA","","","","","","","","","","","","","","","","","","","","","","","","","","","","","3","","BD_ICV_2023"
"2023","Julio","2023-07-03","HUILA","NEIVA","","","","","","","","","","","","","","","","","","","","","","","","","","","","","1","","BD_ICV_2023"
"2023","Agosto","2023-08-01","HUILA","NEIVA","","","","","","","","","","","","","","","","","","","","","","","","","","","","","2","","BD_ICV_2023"
"2023","Agosto","2023-08-01","HUILA","NEIVA","","","","","","","","","","","","","","","","","","","","","","","","","","","","","1","","BD_ICV_2023"
"2023","Agosto","2023-08-02","HUILA","NEIVA","","","","","","","","","","","","","","","","","","","","","","","","","","","","","1.8","","BD_ICV_2023"
"2023","Agosto","2023-08-12","HUILA","NEIVA","","","","","","","","","","","","","","","","","","","","","","","","","","","","","4.7","","BD_ICV_2023"
"2023","Agosto","2023-08-12","HUILA","NEIVA","","","","","","","","","","","","","","","","","","","","","","","","","","","","","3","","BD_ICV_2023"
"2023","Agosto","2023-08-12","HUILA","NEIVA","","","","","","","","","","","","","","","","","","","","","","","","","","","","","2","","BD_ICV_2023"
"2023","Agosto","2023-08-16","HUILA","NEIVA","","","","","","","","","","","","","","","","","","","","","","","","","","","","","43","","BD_ICV_2023"
"2023","Agosto","2023-08-16","HUILA","NEIVA","","","","","","","","","","","","","","","","","","","","","","","","","","","","","36","","BD_ICV_2023"
"2023","Agosto","2023-08-16","HUILA","NEIVA","","","","","","","","","","","","","","","","","","","","","","","","","","","","","4.9000000000000004","","BD_ICV_2023"
"2023","Agosto","2023-08-27","HUILA","NEIVA","","","","","","","","","","","","","","","","","","","","","","","","","","","","","2","","BD_ICV_2023"
"2023","Agosto","2023-08-31","HUILA","NEIVA","COMUNA 6","","","","","","","","","","","","","","","","","","","","","","","","","","","","10.3","","BD_ICV_2023"
"2023","Septiembre","2023-09-07","HUILA","NEIVA","","","","","","","","","","","","","","","","","","","","","","","","","","","","","15","","BD_ICV_2023"
"2023","Septiembre","2023-09-07","HUILA","NEIVA","COMUNA SIETE","","","","","","","","","","","","","","","","","","","","","","","","","","","","10.3","","BD_ICV_2023"
"2023","Septiembre","2023-09-13","HUILA","NEIVA","AIPECITO","","","","","","","","","","","","","","","","","","","","","","","","","","","","63","","BD_ICV_2023"
"2023","Septiembre","2023-09-15","HUILA","NEIVA","","","","","","","","","","","","","","","","","","","","","","","","","","","","","14","","BD_ICV_2023"
"2023","Septiembre","2023-09-19","HUILA","NEIVA","","","","","","","","","","","","","","","","","","","","","","","","","","","","","3.8","","BD_ICV_2023"
"2023","Septiembre","2023-09-19","HUILA","NEIVA","","","","","","","","","","","","","","","","","","","","","","","","","","","","","1.2","","BD_ICV_2023"
"2023","Septiembre","2023-09-20","HUILA","NEIVA","Neiva-Caguan, Sector Moscovia","","","","","","","","","","","","","","","","","","","","","","","","","","","","380","","BD_ICV_2023"
"2023","Septiembre","2023-09-21","HUILA","NEIVA","COMUNA SEIS","","","","","","","","","","","","","","","","","","","","","","","","","","","","4","","BD_ICV_2023"
"2023","Septiembre","2023-09-21","HUILA","NEIVA","COMUNA SEIS","","","","","","","","","","","","","","","","","","","","","","","","","","","","1","","BD_ICV_2023"
"2023","Septiembre","2023-09-23","HUILA","NEIVA","EL CAGUAN","","","","","","","","","","","","","","","","","","","","","","","","","","","","36.4","","BD_ICV_2023"
"2023","Septiembre","2023-09-25","HUILA","NEIVA","","","","","","","","","","","","","","","","","","","","","","","","","","","","","430","","BD_ICV_2023"
"2023","Octubre","2023-10-16","HUILA","NEIVA","","","","","","","","","","","","","","","","","","","","","","","","","","","","","1","","BD_ICV_2023"
"2023","Octubre","2023-10-16","HUILA","NEIVA","","","","","","","","","","","","","","","","","","","","","","","","","","","","","1","","BD_ICV_2023"
"2023","Febrero","2023-02-13","HUILA","OPORAPA","","","","","","","","","","","","","","","","","","","","","","","","","","","","","2","","BD_ICV_2023"
"2023","Febrero","2023-02-13","HUILA","OPORAPA","","","","","","","","","","","","","","","","","","","","","","","","","","","","","2","","BD_ICV_2023"
"2023","Febrero","2023-02-02","HUILA","PAICOL","","","","","","","","","","","","","","","","","","","","","","","","","","","","","3","","BD_ICV_2023"
"2023","Febrero","2023-02-03","HUILA","PAICOL","Vereda Santa Rita","","","","","","","","","","","","","","","","","","","","","","","","","","","","8","","BD_ICV_2023"
"2023","Febrero","2023-02-04","HUILA","PAICOL","Vereda Santa Rita","","","","","","","","","","","","","","","","","","","","","","","","","","","","6","","BD_ICV_2023"
"2023","Julio","2023-07-11","HUILA","PAICOL","Vereda El Vergel-Diamante","","","","","","","","","","","","","","","","","","","","","","","","","","","","60","","BD_ICV_2023"
"2023","Julio","2023-07-18","HUILA","PAICOL","Vereda Matanzas","","","","","","","","","","","","","","","","","","","","","","","","","","","","80","","BD_ICV_2023"
"2023","Agosto","2023-08-14","HUILA","PAICOL","","","","","","","","","","","","","","","","","","","","","","","","","","","","","2","","BD_ICV_2023"
"2023","Agosto","2023-08-14","HUILA","PAICOL","Vereda San Marcos","","","","","","","","","","","","","","","","","","","","","","","","","","","","2","","BD_ICV_2023"
"2023","Agosto","2023-08-18","HUILA","PAICOL","Vereda La Cumbre","","","","","","","","","","","","","","","","","","","","","","","","","","","","2","","BD_ICV_2023"
"2023","Agosto","2023-08-18","HUILA","PAICOL","Vereda Alto San Miguel","","","","","","","","","","","","","","","","","","","","","","","","","","","","0.25","","BD_ICV_2023"
"2023","Septiembre","2023-09-05","HUILA","PAICOL","","","","","","","","","","","","","","","","","","","","","","","","","","","","","1","","BD_ICV_2023"
"2023","Septiembre","2023-09-05","HUILA","PAICOL","Vereda San Marcos","","","","","","","","","","","","","","","","","","","","","","","","","","","","8","","BD_ICV_2023"
"2023","Septiembre","2023-09-22","HUILA","PAICOL","","","","","","","","","","","","","","","","","","","","","","","","","","","","","2","","BD_ICV_2023"
"2023","Septiembre","2023-09-22","HUILA","PAICOL","Vereda La Mesa","","","","","","","","","","","","","","","","","","","","","","","","","","","","6","","BD_ICV_2023"
"2023","Septiembre","2023-09-23","HUILA","PAICOL","","","","","","","","","","","","","","","","","","","","","","","","","","","","","3.5","","BD_ICV_2023"
"2023","Octubre","2023-10-02","HUILA","PAICOL","","","","","","","","","","","","","","","","","","","","","","","","","","","","","2","","BD_ICV_2023"
"2023","Febrero","2023-02-01","HUILA","PALERMO","","","","","","","","","","","","","","","","","","","","","","","","","","","","","2","","BD_ICV_2023"
"2023","Febrero","2023-02-04","HUILA","PALERMO","Vereda Nilo","","","","","","","","","","","","","","","","","","","","","","","","","","","","20","","BD_ICV_2023"
"2023","Febrero","2023-02-09","HUILA","PALERMO","Veredas - San Francisco , linderos,  Piravante, Paraguay  y Versalles.","","","","","","","","","","","","","","","","","","","","","","","","","","","","600","","BD_ICV_2023"
"2023","Febrero","2023-02-24","HUILA","PALERMO","Cerro Paujil y Mesauta","","","","","","","","","","","","","","","","","","","","","","","","","","","","50","","BD_ICV_2023"
"2023","Febrero","2023-02-24","HUILA","PALERMO","Vereda San Francisco, Cerro El Chiflon.","","","","","","","","","","","","","","","","","","","","","","","","","","","","50","","BD_ICV_2023"
"2023","Febrero","2023-02-25","HUILA","PALERMO","","","","","","","","","","","","","","","","","","","","","","","","","","","","","50","","BD_ICV_2023"
"2023","Julio","2023-07-28","HUILA","PALERMO","Vereda Guácimos","","","","","","","","","","","","","","","","","","","","","","","","","","","","25","","BD_ICV_2023"
"2023","Julio","2023-07-28","HUILA","PALERMO","Sitio  Papagayo","","","","","","","","","","","","","","","","","","","","","","","","","","","","9","","BD_ICV_2023"
"2023","Julio","2023-07-28","HUILA","PALERMO","Parque Industrial sitio conocido como Maranta","","","","","","","","","","","","","","","","","","","","","","","","","","","","6","","BD_ICV_2023"
"2023","Agosto","2023-08-16","HUILA","PALERMO","Vereda San Francisco.","","","","","","","","","","","","","","","","","","","","","","","","","","","","8","","BD_ICV_2023"
"2023","Agosto","2023-08-16","HUILA","PALERMO","Vía Neiva ¿ YAGUARÁ en el  kilómetro 25, vereda Papagayo","","","","","","","","","","","","","","","","","","","","","","","","","","","","6","","BD_ICV_2023"
"2023","Agosto","2023-08-17","HUILA","PALERMO","Vereda San Miguel,Cerro Chontaduro","","","","","","","","","","","","","","","","","","","","","","","","","","","","690","","BD_ICV_2023"
"2023","Agosto","2023-08-17","HUILA","PALERMO","Vereda Nilo Bajo","","","","","","","","","","","","","","","","","","","","","","","","","","","","150","","BD_ICV_2023"
"2023","Agosto","2023-08-17","HUILA","PALERMO","Vereda San Francisco","","","","","","","","","","","","","","","","","","","","","","","","","","","","150","","BD_ICV_2023"
"2023","Agosto","2023-08-17","HUILA","PALERMO","Vereda Horizonte, sector La Hamaca","","","","","","","","","","","","","","","","","","","","","","","","","","","","30","","BD_ICV_2023"
"2023","Agosto","2023-08-19","HUILA","PALERMO","Vereda Farfan","","","","","","","","","","","","","","","","","","","","","","","","","","","","300","","BD_ICV_2023"
"2023","Agosto","2023-08-31","HUILA","PALERMO","","","","","","","","","","","","","","","","","","","","","","","","","","","","","2","","BD_ICV_2023"
"2023","Septiembre","2023-09-01","HUILA","PALERMO","","","","","","","","","","","","","","","","","","","","","","","","","","","","","40","","BD_ICV_2023"
"2023","Septiembre","2023-09-02","HUILA","PALERMO","Centro poblando de el Junacal (Huilafrica)","","","","","","","","","","","","","","","","","","","","","","","","","","","","40","","BD_ICV_2023"
"2023","Septiembre","2023-09-04","HUILA","PALERMO","","","","","","","","","","","","","","","","","","","","","","","","","","","","","20","","BD_ICV_2023"
"2023","Septiembre","2023-09-06","HUILA","PALERMO","Urbanización Santa Clara, cerca al parque industrial, vía a Palermo, vereda Amborco.","","","","","","","","","","","","","","","","","","","","","","","","","","","","160","","BD_ICV_2023"
"2023","Septiembre","2023-09-11","HUILA","PALERMO","","","","","","","","","","","","","","","","","","","","","","","","","","","","","35","","BD_ICV_2023"
"2023","Septiembre","2023-09-11","HUILA","PALERMO","","","","","","","","","","","","","","","","","","","","","","","","","","","","","6","","BD_ICV_2023"
"2023","Septiembre","2023-09-11","HUILA","PALERMO","","","","","","","","","","","","","","","","","","","","","","","","","","","","","0.8","","BD_ICV_2023"
"2023","Septiembre","2023-09-11","HUILA","PALERMO","","","","","","","","","","","","","","","","","","","","","","","","","","","","","0.5","","BD_ICV_2023"
"2023","Septiembre","2023-09-11","HUILA","PALERMO","Via Juncal","","","","","","","","","","","","","","","","","","","","","","","","","","","","16","","BD_ICV_2023"
"2023","Septiembre","2023-09-11","HUILA","PALERMO","Vereda chapinero","","","","","","","","","","","","","","","","","","","","","","","","","","","","12","","BD_ICV_2023"
"2023","Septiembre","2023-09-12","HUILA","PALERMO","Barrio El Bosque sitio Las Torres","","","","","","","","","","","","","","","","","","","","","","","","","","","","16","","BD_ICV_2023"
"2023","Septiembre","2023-09-23","HUILA","PALERMO","","","","","","","","","","","","","","","","","","","","","","","","","","","","","210","","BD_ICV_2023"
"2023","Septiembre","2023-09-23","HUILA","PALERMO","","","","","","","","","","","","","","","","","","","","","","","","","","","","","100","","BD_ICV_2023"
"2023","Septiembre","2023-09-23","HUILA","PALERMO","","","","","","","","","","","","","","","","","","","","","","","","","","","","","85","","BD_ICV_2023"
"2023","Septiembre","2023-09-23","HUILA","PALERMO","","","","","","","","","","","","","","","","","","","","","","","","","","","","","5","","BD_ICV_2023"
"2023","Septiembre","2023-09-23","HUILA","PALERMO","","","","","","","","","","","","","","","","","","","","","","","","","","","","","0.5","","BD_ICV_2023"
"2023","Septiembre","2023-09-23","HUILA","PALERMO","","","","","","","","","","","","","","","","","","","","","","","","","","","","","0.5","","BD_ICV_2023"
"2023","Septiembre","2023-09-23","HUILA","PALERMO","Vereda Farfan","","","","","","","","","","","","","","","","","","","","","","","","","","","","250","","BD_ICV_2023"
"2023","Septiembre","2023-09-23","HUILA","PALERMO","Vereda Bombona","","","","","","","","","","","","","","","","","","","","","","","","","","","","100","","BD_ICV_2023"
"2023","Septiembre","2023-09-23","HUILA","PALERMO","Vereda El Tablon","","","","","","","","","","","","","","","","","","","","","","","","","","","","85","","BD_ICV_2023"
"2023","Septiembre","2023-09-26","HUILA","PALERMO","","","","","","","","","","","","","","","","","","","","","","","","","","","","","20","","BD_ICV_2023"
"2023","Septiembre","2023-09-26","HUILA","PALERMO","","","","","","","","","","","","","","","","","","","","","","","","","","","","","10","","BD_ICV_2023"
"2023","Septiembre","2023-09-26","HUILA","PALERMO","Parque Zona  Industrial","","","","","","","","","","","","","","","","","","","","","","","","","","","","7","","BD_ICV_2023"
"2023","Octubre","2023-10-12","HUILA","PALERMO","","","","","","","","","","","","","","","","","","","","","","","","","","","","","10","","BD_ICV_2023"
"2023","Octubre","2023-10-12","HUILA","PALERMO","","","","","","","","","","","","","","","","","","","","","","","","","","","","","2","","BD_ICV_2023"
"2023","Octubre","2023-10-13","HUILA","PALERMO","Vereda San Francisco","","","","","","","","","","","","","","","","","","","","","","","","","","","","60","","BD_ICV_2023"
"2023","Octubre","2023-10-16","HUILA","PALERMO","","","","","","","","","","","","","","","","","","","","","","","","","","","","","45","","BD_ICV_2023"
"2023","Octubre","2023-10-16","HUILA","PALERMO","","","","","","","","","","","","","","","","","","","","","","","","","","","","","35","","BD_ICV_2023"
"2023","Octubre","2023-10-16","HUILA","PALERMO","","","","","","","","","","","","","","","","","","","","","","","","","","","","","25","","BD_ICV_2023"
"2023","Octubre","2023-10-16","HUILA","PALERMO","","","","","","","","","","","","","","","","","","","","","","","","","","","","","3","","BD_ICV_2023"
"2023","Octubre","2023-11-08","HUILA","PALERMO","","","","","","","","","","","","","","","","","","","","","","","","","","","","","3","","BD_ICV_2023"
"2023","Diciembre","2023-12-13","HUILA","PALERMO","","","","","","","","","","","","","","","","","","","","","","","","","","","","","60","","BD_ICV_2023"
"2023","Agosto","2023-08-08","HUILA","PALERMO","Betania, Sector El  Manso","","","","","","","","","","","","","","","","","","","","","","","","","","","","6","","BD_ICV_2023"
"2023","Febrero","2023-02-02","HUILA","PITAL","Vereda El Mirador","","","","","","","","","","","","","","","","","","","","","","","","","","","","5","","BD_ICV_2023"
"2023","Junio","2023-06-03","HUILA","PITAL","Vereda El Cuzco","","","","","","","","","","","","","","","","","","","","","","","","","","","","16","","BD_ICV_2023"
"2023","Agosto","2023-08-04","HUILA","PITAL","Vereda El Mirador","","","","","","","","","","","","","","","","","","","","","","","","","","","","3","","BD_ICV_2023"
"2023","Agosto","2023-08-11","HUILA","PITAL","Vereda Chorrillos","","","","","","","","","","","","","","","","","","","","","","","","","","","","5","","BD_ICV_2023"
"2023","Septiembre","2023-09-01","HUILA","PITAL","","","","","","","","","","","","","","","","","","","","","","","","","","","","","2","","BD_ICV_2023"
"2023","Septiembre","2023-09-12","HUILA","PITAL","","","","","","","","","","","","","","","","","","","","","","","","","","","","","3","","BD_ICV_2023"
"2023","Septiembre","2023-09-21","HUILA","PITAL","","","","","","","","","","","","","","","","","","","","","","","","","","","","","8","","BD_ICV_2023"
"2023","Septiembre","2023-09-21","HUILA","PITAL","","","","","","","","","","","","","","","","","","","","","","","","","","","","","1","","BD_ICV_2023"
"2023","Septiembre","2023-09-30","HUILA","PITAL","","","","","","","","","","","","","","","","","","","","","","","","","","","","","25","","BD_ICV_2023"
"2023","Octubre","2023-10-01","HUILA","PITAL","","","","","","","","","","","","","","","","","","","","","","","","","","","","","3","","BD_ICV_2023"
"2023","Enero","2023-01-02","HUILA","PITALITO","","","","","","","","","","","","","","","","","","","","","","","","","","","","","12","","BD_ICV_2023"
"2023","Enero","2023-01-30","HUILA","PITALITO","","","","","","","","","","","","","","","","","","","","","","","","","","","","","1","","BD_ICV_2023"
"2023","Febrero","2023-02-01","HUILA","PITALITO","","","","","","","","","","","","","","","","","","","","","","","","","","","","","2","","BD_ICV_2023"
"2023","Febrero","2023-02-01","HUILA","PITALITO","","","","","","","","","","","","","","","","","","","","","","","","","","","","","1.5","","BD_ICV_2023"
"2023","Febrero","2023-02-02","HUILA","PITALITO","","","","","","","","","","","","","","","","","","","","","","","","","","","","","12","","BD_ICV_2023"
"2023","Febrero","2023-02-03","HUILA","PITALITO","","","","","","","","","","","","","","","","","","","","","","","","","","","","","4","","BD_ICV_2023"
"2023","Febrero","2023-02-06","HUILA","PITALITO","","","","","","","","","","","","","","","","","","","","","","","","","","","","","2","","BD_ICV_2023"
"2023","Febrero","2023-02-06","HUILA","PITALITO","","","","","","","","","","","","","","","","","","","","","","","","","","","","","2","","BD_ICV_2023"
"2023","Febrero","2023-02-07","HUILA","PITALITO","","","","","","","","","","","","","","","","","","","","","","","","","","","","","0.5","","BD_ICV_2023"
"2023","Febrero","2023-02-08","HUILA","PITALITO","","","","","","","","","","","","","","","","","","","","","","","","","","","","","2","","BD_ICV_2023"
"2023","Febrero","2023-02-11","HUILA","PITALITO","","","","","","","","","","","","","","","","","","","","","","","","","","","","","10","","BD_ICV_2023"
"2023","Febrero","2023-02-14","HUILA","PITALITO","","","","","","","","","","","","","","","","","","","","","","","","","","","","","1","","BD_ICV_2023"
"2023","Febrero","2023-02-21","HUILA","PITALITO","","","","","","","","","","","","","","","","","","","","","","","","","","","","","1","","BD_ICV_2023"
"2023","Marzo","2023-03-08","HUILA","PITALITO","","","","","","","","","","","","","","","","","","","","","","","","","","","","","1","","BD_ICV_2023"
"2023","Junio","2023-06-25","HUILA","PITALITO","","","","","","","","","","","","","","","","","","","","","","","","","","","","","1","","BD_ICV_2023"
"2023","Octubre","2023-10-18","HUILA","PITALITO","","","","","","","","","","","","","","","","","","","","","","","","","","","","","3","","BD_ICV_2023"
"2023","Octubre","2023-10-18","HUILA","PITALITO","","","","","","","","","","","","","","","","","","","","","","","","","","","","","1","","BD_ICV_2023"
"2023","Octubre","2023-10-23","HUILA","PITALITO","","","","","","","","","","","","","","","","","","","","","","","","","","","","","10","","BD_ICV_2023"
"2023","Octubre","2023-10-25","HUILA","PITALITO","","","","","","","","","","","","","","","","","","","","","","","","","","","","","0.5","","BD_ICV_2023"
"2023","Enero","2023-01-26","HUILA","RIVERA","","","","","","","","","","","","","","","","","","","","","","","","","","","","","3","","BD_ICV_2023"
"2023","Febrero","2023-02-11","HUILA","RIVERA","","","","","","","","","","","","","","","","","","","","","","","","","","","","","1","","BD_ICV_2023"
"2023","Febrero","2023-02-15","HUILA","RIVERA","","","","","","","","","","","","","","","","","","","","","","","","","","","","","1","","BD_ICV_2023"
"2023","Junio","2023-06-24","HUILA","RIVERA","Vereda Onda Alta","","","","","","","","","","","","","","","","","","","","","","","","","","","","5","","BD_ICV_2023"
"2023","Septiembre","2023-09-16","HUILA","RIVERA","","","","","","","","","","","","","","","","","","","","","","","","","","","","","4","","BD_ICV_2023"
"2023","Septiembre","2023-09-21","HUILA","RIVERA","","","","","","","","","","","","","","","","","","","","","","","","","","","","","6","","BD_ICV_2023"
"2023","Febrero","2023-02-27","HUILA","SALADOBLANCO","","","","","","","","","","","","","","","","","","","","","","","","","","","","","15","","BD_ICV_2023"
"2023","Febrero","2023-02-08","HUILA","SAN AGUSTÍN","","","","","","","","","","","","","","","","","","","","","","","","","","","","","4","","BD_ICV_2023"
"2023","Septiembre","2023-09-30","HUILA","SAN AGUSTÍN","","","","","","","","","","","","","","","","","","","","","","","","","","","","","1","","BD_ICV_2023"
"2023","Octubre","2023-10-12","HUILA","SAN AGUSTÍN","","","","","","","","","","","","","","","","","","","","","","","","","","","","","3","","BD_ICV_2023"
"2023","Octubre","2023-10-14","HUILA","SAN AGUSTÍN","","","","","","","","","","","","","","","","","","","","","","","","","","","","","18","","BD_ICV_2023"
"2023","Diciembre","2023-12-05","HUILA","SAN AGUSTÍN","","","","","","","","","","","","","","","","","","","","","","","","","","","","","1","","BD_ICV_2023"
"2023","Junio","2023-06-21","HUILA","SANTA MARÍA","","","","","","","","","","","","","","","","","","","","","","","","","","","","","2","","BD_ICV_2023"
"2023","Septiembre","2023-09-20","HUILA","SANTA MARÍA","","","","","","","","","","","","","","","","","","","","","","","","","","","","","10","","BD_ICV_2023"
"2023","Septiembre","2023-09-23","HUILA","SANTA MARÍA","","","","","","","","","","","","","","","","","","","","","","","","","","","","","3","","BD_ICV_2023"
"2023","Octubre","2023-10-01","HUILA","SANTA MARÍA","","","","","","","","","","","","","","","","","","","","","","","","","","","","","9","","BD_ICV_2023"
"2023","Enero","2023-01-27","HUILA","SUAZA","","","","","","","","","","","","","","","","","","","","","","","","","","","","","1.5","","BD_ICV_2023"
"2023","Enero","2023-01-29","HUILA","SUAZA","","","","","","","","","","","","","","","","","","","","","","","","","","","","","7","","BD_ICV_2023"
"2023","Febrero","2023-02-14","HUILA","TARQUI","","","","","","","","","","","","","","","","","","","","","","","","","","","","","1","","BD_ICV_2023"
"2023","Septiembre","2023-09-06","HUILA","TARQUI","","","","","","","","","","","","","","","","","","","","","","","","","","","","","343","","BD_ICV_2023"
"2023","Septiembre","2023-09-12","HUILA","TARQUI","","","","","","","","","","","","","","","","","","","","","","","","","","","","","6","","BD_ICV_2023"
"2023","Septiembre","2023-09-22","HUILA","TARQUI","","","","","","","","","","","","","","","","","","","","","","","","","","","","","18","","BD_ICV_2023"
"2023","Octubre","2023-10-13","HUILA","TARQUI","","","","","","","","","","","","","","","","","","","","","","","","","","","","","2","","BD_ICV_2023"
"2023","Octubre","2023-10-19","HUILA","TARQUI","","","","","","","","","","","","","","","","","","","","","","","","","","","","","4","","BD_ICV_2023"
"2023","Diciembre","2023-12-02","HUILA","TARQUI","","","","","","","","","","","","","","","","","","","","","","","","","","","","","9","","BD_ICV_2023"
"2023","Mayo","2023-05-30","HUILA","TELLO","","","","","","","","","","","","","","","","","","","","","","","","","","","","","2.5","","BD_ICV_2023"
"2023","Julio","2023-07-21","HUILA","TELLO","","","","","","","","","","","","","","","","","","","","","","","","","","","","","2","","BD_ICV_2023"
"2023","Agosto","2023-08-02","HUILA","TELLO","Via Vegalarga, sector Boqueron","","","","","","","","","","","","","","","","","","","","","","","","","","","","30","","BD_ICV_2023"
"2023","Agosto","2023-08-02","HUILA","TELLO","Via san Andres sector las coloradas","","","","","","","","","","","","","","","","","","","","","","","","","","","","5","","BD_ICV_2023"
"2023","Agosto","2023-08-21","HUILA","TELLO","","","","","","","","","","","","","","","","","","","","","","","","","","","","","1","","BD_ICV_2023"
"2023","Septiembre","2023-09-01","HUILA","TELLO","Finca La Paz, vereda Potrerillos","","","","","","","","","","","","","","","","","","","","","","","","","","","","9","","BD_ICV_2023"
"2023","Febrero","2023-02-08","HUILA","TERUEL","","","","","","","","","","","","","","","","","","","","","","","","","","","","","10","","BD_ICV_2023"
"2023","Febrero","2023-02-24","HUILA","TERUEL","","","","","","","","","","","","","","","","","","","","","","","","","","","","","3","","BD_ICV_2023"
"2023","Julio","2023-07-28","HUILA","TERUEL","","","","","","","","","","","","","","","","","","","","","","","","","","","","","7","","BD_ICV_2023"
"2023","Agosto","2023-08-29","HUILA","TERUEL","","","","","","","","","","","","","","","","","","","","","","","","","","","","","240","","BD_ICV_2023"
"2023","Septiembre","2023-09-07","HUILA","TERUEL","Vereda Castilla y Jinebra","","","","","","","","","","","","","","","","","","","","","","","","","","","","120","","BD_ICV_2023"
"2023","Septiembre","2023-09-15","HUILA","TERUEL","","","","","","","","","","","","","","","","","","","","","","","","","","","","","300","","BD_ICV_2023"
"2023","Octubre","2023-10-12","HUILA","TERUEL","","","","","","","","","","","","","","","","","","","","","","","","","","","","","80","","BD_ICV_2023"
"2023","Diciembre","2023-12-04","HUILA","TERUEL","","","","","","","","","","","","","","","","","","","","","","","","","","","","","50","","BD_ICV_2023"
"2023","Febrero","2023-02-03","HUILA","TESALIA","","","","","","","","","","","","","","","","","","","","","","","","","","","","","9","","BD_ICV_2023"
"2023","Febrero","2023-02-10","HUILA","TESALIA","","","","","","","","","","","","","","","","","","","","","","","","","","","","","0.5","","BD_ICV_2023"
"2023","Febrero","2023-02-12","HUILA","TESALIA","","","","","","","","","","","","","","","","","","","","","","","","","","","","","1","","BD_ICV_2023"
"2023","Febrero","2023-02-13","HUILA","TESALIA","","","","","","","","","","","","","","","","","","","","","","","","","","","","","160","","BD_ICV_2023"
"2023","Junio","2023-06-27","HUILA","TESALIA","","","","","","","","","","","","","","","","","","","","","","","","","","","","","1","","BD_ICV_2023"
"2023","Julio","2023-07-10","HUILA","TESALIA","Vereda Palmas","","","","","","","","","","","","","","","","","","","","","","","","","","","","9","","BD_ICV_2023"
"2023","Julio","2023-07-28","HUILA","TESALIA","","","","","","","","","","","","","","","","","","","","","","","","","","","","","4","","BD_ICV_2023"
"2023","Septiembre","2023-09-22","HUILA","TESALIA","","","","","","","","","","","","","","","","","","","","","","","","","","","","","900","","BD_ICV_2023"
"2023","Septiembre","2023-09-22","HUILA","TESALIA","","","","","","","","","","","","","","","","","","","","","","","","","","","","","650","","BD_ICV_2023"
"2023","Septiembre","2023-09-28","HUILA","TESALIA","Vereda Los Tuyos, finca San Rafael","","","","","","","","","","","","","","","","","","","","","","","","","","","","40","","BD_ICV_2023"
"2023","Octubre","2023-10-04","HUILA","TESALIA","","","","","","","","","","","","","","","","","","","","","","","","","","","","","200","","BD_ICV_2023"
"2023","Octubre","2023-10-09","HUILA","TESALIA","Vereda El Espinal","","","","","","","","","","","","","","","","","","","","","","","","","","","","17","","BD_ICV_2023"
"2023","Enero","2023-01-31","HUILA","TIMANÁ","","","","","","","","","","","","","","","","","","","","","","","","","","","","","1","","BD_ICV_2023"
"2023","Febrero","2023-02-06","HUILA","TIMANÁ","","","","","","","","","","","","","","","","","","","","","","","","","","","","","3","","BD_ICV_2023"
"2023","Febrero","2023-02-07","HUILA","TIMANÁ","","","","","","","","","","","","","","","","","","","","","","","","","","","","","1","","BD_ICV_2023"
"2023","Agosto","2023-08-09","HUILA","TIMANÁ","Camenzo","","","","","","","","","","","","","","","","","","","","","","","","","","","","4","","BD_ICV_2023"
"2023","Agosto","2023-08-17","HUILA","TIMANÁ","La Sterlina","","","","","","","","","","","","","","","","","","","","","","","","","","","","1","","BD_ICV_2023"
"2023","Agosto","2023-08-18","HUILA","TIMANÁ","Limo Santa Clara","","","","","","","","","","","","","","","","","","","","","","","","","","","","3","","BD_ICV_2023"
"2023","Agosto","2023-08-18","HUILA","TIMANÁ","Mantagua","","","","","","","","","","","","","","","","","","","","","","","","","","","","1","","BD_ICV_2023"
"2023","Octubre","2023-10-17","HUILA","TIMANÁ","","","","","","","","","","","","","","","","","","","","","","","","","","","","","10","","BD_ICV_2023"
"2023","Octubre","2023-10-21","HUILA","TIMANÁ","","","","","","","","","","","","","","","","","","","","","","","","","","","","","9.5","","BD_ICV_2023"
"2023","Junio","2023-06-26","HUILA","VILLAVIEJA","","","","","","","","","","","","","","","","","","","","","","","","","","","","","7","","BD_ICV_2023"
"2023","Julio","2023-07-01","HUILA","VILLAVIEJA","","","","","","","","","","","","","","","","","","","","","","","","","","","","","5","","BD_ICV_2023"
"2023","Julio","2023-07-12","HUILA","VILLAVIEJA","Hato Nuevo","","","","","","","","","","","","","","","","","","","","","","","","","","","","5","","BD_ICV_2023"
"2023","Julio","2023-07-22","HUILA","VILLAVIEJA","","","","","","","","","","","","","","","","","","","","","","","","","","","","","0.25","","BD_ICV_2023"
"2023","Julio","2023-07-31","HUILA","VILLAVIEJA","","","","","","","","","","","","","","","","","","","","","","","","","","","","","1","","BD_ICV_2023"
"2023","Julio","2023-07-31","HUILA","VILLAVIEJA","Polonia","","","","","","","","","","","","","","","","","","","","","","","","","","","","1","","BD_ICV_2023"
"2023","Agosto","2023-08-04","HUILA","VILLAVIEJA","Villavieja","","","","","","","","","","","","","","","","","","","","","","","","","","","","15","","BD_ICV_2023"
"2023","Agosto","2023-08-10","HUILA","VILLAVIEJA","Polonia","","","","","","","","","","","","","","","","","","","","","","","","","","","","80","","BD_ICV_2023"
"2023","Agosto","2023-08-14","HUILA","VILLAVIEJA","","","","","","","","","","","","","","","","","","","","","","","","","","","","","2","","BD_ICV_2023"
"2023","Agosto","2023-08-23","HUILA","VILLAVIEJA","","","","","","","","","","","","","","","","","","","","","","","","","","","","","1","","BD_ICV_2023"
"2023","Agosto","2023-08-27","HUILA","VILLAVIEJA","","","","","","","","","","","","","","","","","","","","","","","","","","","","","0.25","","BD_ICV_2023"
"2023","Septiembre","2023-09-26","HUILA","VILLAVIEJA","","","","","","","","","","","","","","","","","","","","","","","","","","","","","20","","BD_ICV_2023"
"2023","Octubre","2023-10-25","HUILA","VILLAVIEJA","","","","","","","","","","","","","","","","","","","","","","","","","","","","","60","","BD_ICV_2023"
"2023","Enero","2023-01-29","HUILA","YAGUARÁ","","","","","","","","","","","","","","","","","","","","","","","","","","","","","12","","BD_ICV_2023"
"2023","Febrero","2023-02-09","HUILA","YAGUARÁ","","","","","","","","","","","","","","","","","","","","","","","","","","","","","1","","BD_ICV_2023"
"2023","Febrero","2023-02-13","HUILA","YAGUARÁ","","","","","","","","","","","","","","","","","","","","","","","","","","","","","25","","BD_ICV_2023"
"2023","Febrero","2023-02-23","HUILA","YAGUARÁ","","","","","","","","","","","","","","","","","","","","","","","","","","","","","6","","BD_ICV_2023"
"2023","Julio","2023-07-13","HUILA","YAGUARÁ","","","","","","","","","","","","","","","","","","","","","","","","","","","","","2.5","","BD_ICV_2023"
"2023","Agosto","2023-08-02","HUILA","YAGUARÁ","","","","","","","","","","","","","","","","","","","","","","","","","","","","","4","","BD_ICV_2023"
"2023","Agosto","2023-08-12","HUILA","YAGUARÁ","","","","","","","","","","","","","","","","","","","","","","","","","","","","","17","","BD_ICV_2023"
"2023","Agosto","2023-08-17","HUILA","YAGUARÁ","","","","","","","","","","","","","","","","","","","","","","","","","","","","","30","","BD_ICV_2023"
"2023","Agosto","2023-08-17","HUILA","YAGUARÁ","","","","","","","","","","","","","","","","","","","","","","","","","","","","","1","","BD_ICV_2023"
"2023","Agosto","2023-08-17","HUILA","YAGUARÁ","","","","","","","","","","","","","","","","","","","","","","","","","","","","","1","","BD_ICV_2023"
"2023","Agosto","2023-08-21","HUILA","YAGUARÁ","","","","","","","","","","","","","","","","","","","","","","","","","","","","","1","","BD_ICV_2023"
"2023","Agosto","2023-08-24","HUILA","YAGUARÁ","","","","","","","","","","","","","","","","","","","","","","","","","","","","","70","","BD_ICV_2023"
"2023","Agosto","2023-08-26","HUILA","YAGUARÁ","","","","","","","","","","","","","","","","","","","","","","","","","","","","","15","","BD_ICV_2023"
"2023","Agosto","2023-08-27","HUILA","YAGUARÁ","","","","","","","","","","","","","","","","","","","","","","","","","","","","","180","","BD_ICV_2023"
"2023","Agosto","2023-08-27","HUILA","YAGUARÁ","","","","","","","","","","","","","","","","","","","","","","","","","","","","","15","","BD_ICV_2023"
"2023","Agosto","2023-08-29","HUILA","YAGUARÁ","","","","","","","","","","","","","","","","","","","","","","","","","","","","","60","","BD_ICV_2023"
"2023","Septiembre","2023-09-12","HUILA","YAGUARÁ","","","","","","","","","","","","","","","","","","","","","","","","","","","","","4","","BD_ICV_2023"
"2023","Septiembre","2023-09-16","HUILA","YAGUARÁ","","","","","","","","","","","","","","","","","","","","","","","","","","","","","140","","BD_ICV_2023"
"2023","Septiembre","2023-09-20","HUILA","YAGUARÁ","","","","","","","","","","","","","","","","","","","","","","","","","","","","","400","","BD_ICV_2023"
"2023","Septiembre","2023-09-20","HUILA","YAGUARÁ","","","","","","","","","","","","","","","","","","","","","","","","","","","","","250","","BD_ICV_2023"
"2023","Septiembre","2023-09-20","HUILA","YAGUARÁ","","","","","","","","","","","","","","","","","","","","","","","","","","","","","210","","BD_ICV_2023"
"2023","Septiembre","2023-09-20","HUILA","YAGUARÁ","","","","","","","","","","","","","","","","","","","","","","","","","","","","","1","","BD_ICV_2023"
"2023","Septiembre","2023-09-30","HUILA","YAGUARÁ","","","","","","","","","","","","","","","","","","","","","","","","","","","","","3.5","","BD_ICV_2023"
"2023","Octubre","2023-10-12","HUILA","YAGUARÁ","","","","","","","","","","","","","","","","","","","","","","","","","","","","","70","","BD_ICV_2023"
"2023","Octubre","2023-10-12","HUILA","YAGUARÁ","","","","","","","","","","","","","","","","","","","","","","","","","","","","","56","","BD_ICV_2023"
"2023","Octubre","2023-10-12","HUILA","YAGUARÁ","","","","","","","","","","","","","","","","","","","","","","","","","","","","","50","","BD_ICV_2023"
"2023","Octubre","2023-10-12","HUILA","YAGUARÁ","","","","","","","","","","","","","","","","","","","","","","","","","","","","","40","","BD_ICV_2023"
"2023","Octubre","2023-10-12","HUILA","YAGUARÁ","","","","","","","","","","","","","","","","","","","","","","","","","","","","","0.5","","BD_ICV_2023"
"2023","Octubre","2023-10-17","HUILA","YAGUARÁ","","","","","","","","","","","","","","","","","","","","","","","","","","","","","86","","BD_ICV_2023"
"2023","Octubre","2023-10-17","HUILA","YAGUARÁ","","","","","","","","","","","","","","","","","","","","","","","","","","","","","3","","BD_ICV_2023"
"2023","Octubre","2023-10-17","HUILA","YAGUARÁ","","","","","","","","","","","","","","","","","","","","","","","","","","","","","1","","BD_ICV_2023"
"2023","Octubre","2023-10-21","HUILA","YAGUARÁ","","","","","","","","","","","","","","","","","","","","","","","","","","","","","1","","BD_ICV_2023"
"2023","Octubre","2023-10-23","HUILA","YAGUARÁ","","","","","","","","","","","","","","","","","","","","","","","","","","","","","20","","BD_ICV_2023"
"2023","Octubre","2023-11-08","HUILA","YAGUARÁ","","","","","","","","","","","","","","","","","","","","","","","","","","","","","10","","BD_ICV_2023"
"2023","Enero","2023-01-26","LA GUAJIRA","ALBANIA","","","","","","","","","","","","","","","","","","","","","","","","","","","","","0.5","","BD_ICV_2023"
"2023","Agosto","2023-08-27","LA GUAJIRA","ALBANIA","","","","","","","","","","","","","","","","","","","","","","","","","","","","","0.5","","BD_ICV_2023"
"2023","Enero","2023-01-08","LA GUAJIRA","BARRANCAS","","","","","","","","","","","","","","","","","","","","","","","","","","","","","2","","BD_ICV_2023"
"2023","Febrero","2023-02-20","LA GUAJIRA","BARRANCAS","","","","","","","","","","","","","","","","","","","","","","","","","","","","","3","","BD_ICV_2023"
"2023","Febrero","2023-02-13","LA GUAJIRA","DISTRACCIÓN","","","","","","","","","","","","","","","","","","","","","","","","","","","","","8","","BD_ICV_2023"
"2023","Marzo","2023-03-03","LA GUAJIRA","DISTRACCIÓN","","","","","","","","","","","","","","","","","","","","","","","","","","","","","0.5","","BD_ICV_2023"
"2023","Marzo","2023-03-05","LA GUAJIRA","DISTRACCIÓN","","","","","","","","","","","","","","","","","","","","","","","","","","","","","200","","BD_ICV_2023"
"2023","Febrero","2023-02-09","LA GUAJIRA","EL MOLINO","","","","","","","","","","","","","","","","","","","","","","","","","","","","","6","","BD_ICV_2023"
"2023","Febrero","2023-02-19","LA GUAJIRA","EL MOLINO","","","","","","","","","","","","","","","","","","","","","","","","","","","","","600","","BD_ICV_2023"
"2023","Enero","2023-01-24","LA GUAJIRA","FONSECA","","","","","","","","","","","","","","","","","","","","","","","","","","","","","4","","BD_ICV_2023"
"2023","Enero","2023-01-25","LA GUAJIRA","FONSECA","","","","","","","","","","","","","","","","","","","","","","","","","","","","","1","","BD_ICV_2023"
"2023","Enero","2023-01-29","LA GUAJIRA","FONSECA","","","","","","","","","","","","","","","","","","","","","","","","","","","","","3","","BD_ICV_2023"
"2023","Enero","2023-01-29","LA GUAJIRA","FONSECA","","","","","","","","","","","","","","","","","","","","","","","","","","","","","1","","BD_ICV_2023"
"2023","Enero","2023-01-30","LA GUAJIRA","FONSECA","","","","","","","","","","","","","","","","","","","","","","","","","","","","","10","","BD_ICV_2023"
"2023","Enero","2023-01-30","LA GUAJIRA","FONSECA","","","","","","","","","","","","","","","","","","","","","","","","","","","","","5","","BD_ICV_2023"
"2023","Enero","2023-01-31","LA GUAJIRA","FONSECA","","","","","","","","","","","","","","","","","","","","","","","","","","","","","1","","BD_ICV_2023"
"2023","Febrero","2023-02-02","LA GUAJIRA","FONSECA","","","","","","","","","","","","","","","","","","","","","","","","","","","","","5","","BD_ICV_2023"
"2023","Febrero","2023-02-10","LA GUAJIRA","FONSECA","","","","","","","","","","","","","","","","","","","","","","","","","","","","","3","","BD_ICV_2023"
"2023","Febrero","2023-02-16","LA GUAJIRA","FONSECA","","","","","","","","","","","","","","","","","","","","","","","","","","","","","14","","BD_ICV_2023"
"2023","Febrero","2023-02-24","LA GUAJIRA","FONSECA","","","","","","","","","","","","","","","","","","","","","","","","","","","","","6","","BD_ICV_2023"
"2023","Marzo","2023-03-05","LA GUAJIRA","FONSECA","","","","","","","","","","","","","","","","","","","","","","","","","","","","","1","","BD_ICV_2023"
"2023","Enero","2023-01-18","LA GUAJIRA","MAICAO","","","","","","","","","","","","","","","","","","","","","","","","","","","","","0.5","","BD_ICV_2023"
"2023","Enero","2023-01-26","LA GUAJIRA","MAICAO","","","","","","","","","","","","","","","","","","","","","","","","","","","","","0.5","","BD_ICV_2023"
"2023","Febrero","2023-02-02","LA GUAJIRA","MAICAO","","","","","","","","","","","","","","","","","","","","","","","","","","","","","0.5","","BD_ICV_2023"
"2023","Febrero","2023-02-05","LA GUAJIRA","MAICAO","","","","","","","","","","","","","","","","","","","","","","","","","","","","","0.5","","BD_ICV_2023"
"2023","Febrero","2023-02-05","LA GUAJIRA","MAICAO","","","","","","","","","","","","","","","","","","","","","","","","","","","","","0.5","","BD_ICV_2023"
"2023","Febrero","2023-02-11","LA GUAJIRA","MAICAO","","","","","","","","","","","","","","","","","","","","","","","","","","","","","0.5","","BD_ICV_2023"
"2023","Enero","2023-01-18","LA GUAJIRA","MANAURE","","","","","","","","","","","","","","","","","","","","","","","","","","","","","1","","BD_ICV_2023"
"2023","Enero","2023-01-20","LA GUAJIRA","MANAURE","","","","","","","","","","","","","","","","","","","","","","","","","","","","","1","","BD_ICV_2023"
"2023","Enero","2023-01-24","LA GUAJIRA","MANAURE","","","","","","","","","","","","","","","","","","","","","","","","","","","","","0.5","","BD_ICV_2023"
"2023","Enero","2023-01-25","LA GUAJIRA","MANAURE","","","","","","","","","","","","","","","","","","","","","","","","","","","","","1","","BD_ICV_2023"
"2023","Enero","2023-01-27","LA GUAJIRA","MANAURE","","","","","","","","","","","","","","","","","","","","","","","","","","","","","4","","BD_ICV_2023"
"2023","Enero","2023-01-29","LA GUAJIRA","MANAURE","","","","","","","","","","","","","","","","","","","","","","","","","","","","","2","","BD_ICV_2023"
"2023","Febrero","2023-02-04","LA GUAJIRA","MANAURE","","","","","","","","","","","","","","","","","","","","","","","","","","","","","3","","BD_ICV_2023"
"2023","Febrero","2023-02-11","LA GUAJIRA","MANAURE","","","","","","","","","","","","","","","","","","","","","","","","","","","","","6","","BD_ICV_2023"
"2023","Febrero","2023-02-12","LA GUAJIRA","MANAURE","","","","","","","","","","","","","","","","","","","","","","","","","","","","","1","","BD_ICV_2023"
"2023","Febrero","2023-02-23","LA GUAJIRA","MANAURE","","","","","","","","","","","","","","","","","","","","","","","","","","","","","25","","BD_ICV_2023"
"2023","Enero","2023-01-21","LA GUAJIRA","RIOHACHA","","","","","","","","","","","","","","","","","","","","","","","","","","","","","1","","BD_ICV_2023"
"2023","Enero","2023-01-22","LA GUAJIRA","RIOHACHA","","","","","","","","","","","","","","","","","","","","","","","","","","","","","2","","BD_ICV_2023"
"2023","Febrero","2023-02-02","LA GUAJIRA","RIOHACHA","","","","","","","","","","","","","","","","","","","","","","","","","","","","","4","","BD_ICV_2023"
"2023","Febrero","2023-02-02","LA GUAJIRA","RIOHACHA","","","","","","","","","","","","","","","","","","","","","","","","","","","","","2","","BD_ICV_2023"
"2023","Febrero","2023-02-03","LA GUAJIRA","RIOHACHA","","","","","","","","","","","","","","","","","","","","","","","","","","","","","1","","BD_ICV_2023"
"2023","Febrero","2023-02-03","LA GUAJIRA","RIOHACHA","","","","","","","","","","","","","","","","","","","","","","","","","","","","","1","","BD_ICV_2023"
"2023","Febrero","2023-02-07","LA GUAJIRA","RIOHACHA","","","","","","","","","","","","","","","","","","","","","","","","","","","","","2","","BD_ICV_2023"
"2023","Febrero","2023-02-08","LA GUAJIRA","RIOHACHA","","","","","","","","","","","","","","","","","","","","","","","","","","","","","3","","BD_ICV_2023"
"2023","Febrero","2023-02-08","LA GUAJIRA","RIOHACHA","","","","","","","","","","","","","","","","","","","","","","","","","","","","","2","","BD_ICV_2023"
"2023","Febrero","2023-02-08","LA GUAJIRA","RIOHACHA","","","","","","","","","","","","","","","","","","","","","","","","","","","","","1","","BD_ICV_2023"
"2023","Febrero","2023-02-10","LA GUAJIRA","RIOHACHA","","","","","","","","","","","","","","","","","","","","","","","","","","","","","1","","BD_ICV_2023"
"2023","Febrero","2023-02-12","LA GUAJIRA","RIOHACHA","","","","","","","","","","","","","","","","","","","","","","","","","","","","","1","","BD_ICV_2023"
"2023","Febrero","2023-02-17","LA GUAJIRA","RIOHACHA","","","","","","","","","","","","","","","","","","","","","","","","","","","","","2","","BD_ICV_2023"
"2023","Febrero","2023-02-17","LA GUAJIRA","RIOHACHA","","","","","","","","","","","","","","","","","","","","","","","","","","","","","1","","BD_ICV_2023"
"2023","Febrero","2023-02-17","LA GUAJIRA","RIOHACHA","","","","","","","","","","","","","","","","","","","","","","","","","","","","","1","","BD_ICV_2023"
"2023","Febrero","2023-02-19","LA GUAJIRA","RIOHACHA","","","","","","","","","","","","","","","","","","","","","","","","","","","","","1","","BD_ICV_2023"
"2023","Febrero","2023-02-19","LA GUAJIRA","RIOHACHA","","","","","","","","","","","","","","","","","","","","","","","","","","","","","1","","BD_ICV_2023"
"2023","Febrero","2023-02-21","LA GUAJIRA","RIOHACHA","","","","","","","","","","","","","","","","","","","","","","","","","","","","","6","","BD_ICV_2023"
"2023","Febrero","2023-02-26","LA GUAJIRA","RIOHACHA","","","","","","","","","","","","","","","","","","","","","","","","","","","","","10","","BD_ICV_2023"
"2023","Marzo","2023-03-02","LA GUAJIRA","RIOHACHA","","","","","","","","","","","","","","","","","","","","","","","","","","","","","17","","BD_ICV_2023"
"2023","Mayo","2023-05-02","LA GUAJIRA","RIOHACHA","","","","","","","","","","","","","","","","","","","","","","","","","","","","","0.93","","BD_ICV_2023"
"2023","Febrero","2023-02-20","LA GUAJIRA","SAN JUAN DEL CESAR","","","","","","","","","","","","","","","","","","","","","","","","","","","","","200","","BD_ICV_2023"
"2023","Enero","2023-01-20","LA GUAJIRA","URUMITA","","","","","","","","","","","","","","","","","","","","","","","","","","","","","0.5","","BD_ICV_2023"
"2023","Enero","2023-01-21","LA GUAJIRA","URUMITA","","","","","","","","","","","","","","","","","","","","","","","","","","","","","0.5","","BD_ICV_2023"
"2023","Enero","2023-01-26","LA GUAJIRA","URUMITA","","","","","","","","","","","","","","","","","","","","","","","","","","","","","2","","BD_ICV_2023"
"2023","Enero","2023-01-28","LA GUAJIRA","URUMITA","","","","","","","","","","","","","","","","","","","","","","","","","","","","","5","","BD_ICV_2023"
"2023","Enero","2023-01-30","LA GUAJIRA","URUMITA","","","","","","","","","","","","","","","","","","","","","","","","","","","","","0.5","","BD_ICV_2023"
"2023","Febrero","2023-02-09","LA GUAJIRA","URUMITA","","","","","","","","","","","","","","","","","","","","","","","","","","","","","8","","BD_ICV_2023"
"2023","Febrero","2023-02-09","LA GUAJIRA","URUMITA","","","","","","","","","","","","","","","","","","","","","","","","","","","","","6","","BD_ICV_2023"
"2023","Febrero","2023-02-10","LA GUAJIRA","URUMITA","","","","","","","","","","","","","","","","","","","","","","","","","","","","","1","","BD_ICV_2023"
"2023","Febrero","2023-02-16","LA GUAJIRA","URUMITA","","","","","","","","","","","","","","","","","","","","","","","","","","","","","4","","BD_ICV_2023"
"2023","Febrero","2023-02-17","LA GUAJIRA","URUMITA","","","","","","","","","","","","","","","","","","","","","","","","","","","","","2","","BD_ICV_2023"
"2023","Febrero","2023-02-25","LA GUAJIRA","URUMITA","","","","","","","","","","","","","","","","","","","","","","","","","","","","","4","","BD_ICV_2023"
"2023","Enero","2023-01-11","LA GUAJIRA","VILLANUEVA","","","","","","","","","","","","","","","","","","","","","","","","","","","","","4","","BD_ICV_2023"
"2023","Enero","2023-01-17","LA GUAJIRA","VILLANUEVA","","","","","","","","","","","","","","","","","","","","","","","","","","","","","4","","BD_ICV_2023"
"2023","Enero","2023-01-20","LA GUAJIRA","VILLANUEVA","","","","","","","","","","","","","","","","","","","","","","","","","","","","","0.5","","BD_ICV_2023"
"2023","Enero","2023-01-20","LA GUAJIRA","VILLANUEVA","","","","","","","","","","","","","","","","","","","","","","","","","","","","","0.5","","BD_ICV_2023"
"2023","Enero","2023-01-21","LA GUAJIRA","VILLANUEVA","","","","","","","","","","","","","","","","","","","","","","","","","","","","","10","","BD_ICV_2023"
"2023","Enero","2023-01-27","LA GUAJIRA","VILLANUEVA","","","","","","","","","","","","","","","","","","","","","","","","","","","","","6","","BD_ICV_2023"
"2023","Enero","2023-01-28","LA GUAJIRA","VILLANUEVA","","","","","","","","","","","","","","","","","","","","","","","","","","","","","8","","BD_ICV_2023"
"2023","Enero","2023-01-28","LA GUAJIRA","VILLANUEVA","","","","","","","","","","","","","","","","","","","","","","","","","","","","","1","","BD_ICV_2023"
"2023","Enero","2023-01-30","LA GUAJIRA","VILLANUEVA","","","","","","","","","","","","","","","","","","","","","","","","","","","","","0.5","","BD_ICV_2023"
"2023","Febrero","2023-02-19","LA GUAJIRA","VILLANUEVA","","","","","","","","","","","","","","","","","","","","","","","","","","","","","1","","BD_ICV_2023"
"2023","Febrero","2023-02-23","LA GUAJIRA","VILLANUEVA","","","","","","","","","","","","","","","","","","","","","","","","","","","","","10","","BD_ICV_2023"
"2023","Enero","2023-01-26","MAGDALENA","ARACATACA","","","","","","","","","","","","","","","","","","","","","","","","","","","","","6","","BD_ICV_2023"
"2023","Enero","2023-01-26","MAGDALENA","ARACATACA","","","","","","","","","","","","","","","","","","","","","","","","","","","","","0.5","","BD_ICV_2023"
"2023","Enero","2023-01-28","MAGDALENA","ARACATACA","","","","","","","","","","","","","","","","","","","","","","","","","","","","","0.5","","BD_ICV_2023"
"2023","Enero","2023-01-30","MAGDALENA","ARACATACA","","","","","","","","","","","","","","","","","","","","","","","","","","","","","0.5","","BD_ICV_2023"
"2023","Febrero","2023-02-01","MAGDALENA","ARACATACA","","","","","","","","","","","","","","","","","","","","","","","","","","","","","2","","BD_ICV_2023"
"2023","Febrero","2023-02-09","MAGDALENA","ARACATACA","","","","","","","","","","","","","","","","","","","","","","","","","","","","","0.5","","BD_ICV_2023"
"2023","Febrero","2023-02-12","MAGDALENA","ARACATACA","","","","","","","","","","","","","","","","","","","","","","","","","","","","","2","","BD_ICV_2023"
"2023","Marzo","2023-03-03","MAGDALENA","ARACATACA","","","","","","","","","","","","","","","","","","","","","","","","","","","","","20","","BD_ICV_2023"
"2023","Enero","2023-01-02","MAGDALENA","CIÉNAGA","","","","","","","","","","","","","","","","","","","","","","","","","","","","","1","","BD_ICV_2023"
"2023","Enero","2023-01-09","MAGDALENA","CIÉNAGA","","","","","","","","","","","","","","","","","","","","","","","","","","","","","1","","BD_ICV_2023"
"2023","Enero","2023-01-21","MAGDALENA","CIÉNAGA","","","","","","","","","","","","","","","","","","","","","","","","","","","","","1","","BD_ICV_2023"
"2023","Febrero","2023-02-03","MAGDALENA","CIÉNAGA","","","","","","","","","","","","","","","","","","","","","","","","","","","","","0.5","","BD_ICV_2023"
"2023","Febrero","2023-02-20","MAGDALENA","CIÉNAGA","","","","","","","","","","","","","","","","","","","","","","","","","","","","","0.5","","BD_ICV_2023"
"2023","Abril","2023-04-04","MAGDALENA","CIÉNAGA","","","","","","","","","","","","","","","","","","","","","","","","","","","","","300","","BD_ICV_2023"
"2023","Abril","2023-04-15","MAGDALENA","CIÉNAGA","","","","","","","","","","","","","","","","","","","","","","","","","","","","","100","","BD_ICV_2023"
"2023","Febrero","2023-02-03","MAGDALENA","EL BANCO","","","","","","","","","","","","","","","","","","","","","","","","","","","","","0.5","","BD_ICV_2023"
"2023","Febrero","2023-02-09","MAGDALENA","EL BANCO","","","","","","","","","","","","","","","","","","","","","","","","","","","","","1","","BD_ICV_2023"
"2023","Febrero","2023-02-19","MAGDALENA","EL BANCO","","","","","","","","","","","","","","","","","","","","","","","","","","","","","2","","BD_ICV_2023"
"2023","Febrero","2023-02-23","MAGDALENA","EL BANCO","","","","","","","","","","","","","","","","","","","","","","","","","","","","","10","","BD_ICV_2023"
"2023","Febrero","2023-02-24","MAGDALENA","EL BANCO","","","","","","","","","","","","","","","","","","","","","","","","","","","","","35","","BD_ICV_2023"
"2023","Febrero","2023-02-24","MAGDALENA","EL BANCO","","","","","","","","","","","","","","","","","","","","","","","","","","","","","5","","BD_ICV_2023"
"2023","Marzo","2023-03-01","MAGDALENA","EL BANCO","","","","","","","","","","","","","","","","","","","","","","","","","","","","","2","","BD_ICV_2023"
"2023","Marzo","2023-03-04","MAGDALENA","EL BANCO","","","","","","","","","","","","","","","","","","","","","","","","","","","","","1","","BD_ICV_2023"
"2023","Marzo","2023-03-06","MAGDALENA","EL BANCO","","","","","","","","","","","","","","","","","","","","","","","","","","","","","1","","BD_ICV_2023"
"2023","Marzo","2023-03-07","MAGDALENA","EL BANCO","","","","","","","","","","","","","","","","","","","","","","","","","","","","","0.6","","BD_ICV_2023"
"2023","Marzo","2023-03-08","MAGDALENA","EL BANCO","","","","","","","","","","","","","","","","","","","","","","","","","","","","","7","","BD_ICV_2023"
"2023","Enero","2023-01-15","MAGDALENA","FUNDACIÓN","","","","","","","","","","","","","","","","","","","","","","","","","","","","","5","","BD_ICV_2023"
"2023","Enero","2023-01-15","MAGDALENA","FUNDACIÓN","","","","","","","","","","","","","","","","","","","","","","","","","","","","","1","","BD_ICV_2023"
"2023","Enero","2023-01-28","MAGDALENA","FUNDACIÓN","","","","","","","","","","","","","","","","","","","","","","","","","","","","","1","","BD_ICV_2023"
"2023","Enero","2023-01-29","MAGDALENA","FUNDACIÓN","","","","","","","","","","","","","","","","","","","","","","","","","","","","","4","","BD_ICV_2023"
"2023","Enero","2023-01-30","MAGDALENA","FUNDACIÓN","","","","","","","","","","","","","","","","","","","","","","","","","","","","","1","","BD_ICV_2023"
"2023","Enero","2023-01-29","MAGDALENA","NUEVA GRANADA","","","","","","","","","","","","","","","","","","","","","","","","","","","","","1","","BD_ICV_2023"
"2023","Febrero","2023-02-25","MAGDALENA","NUEVA GRANADA","","","","","","","","","","","","","","","","","","","","","","","","","","","","","0.5","","BD_ICV_2023"
"2023","Enero","2023-01-12","MAGDALENA","SALAMINA","","","","","","","","","","","","","","","","","","","","","","","","","","","","","2","","BD_ICV_2023"
"2023","Febrero","2023-02-28","MAGDALENA","SALAMINA","","","","","","","","","","","","","","","","","","","","","","","","","","","","","1","","BD_ICV_2023"
"2023","Marzo","2023-03-23","MAGDALENA","SANTA ANA","","","","","","","","","","","","","","","","","","","","","","","","","","","","","700","","BD_ICV_2023"
"2023","Marzo","2023-03-24","MAGDALENA","SANTA ANA","","","","","","","","","","","","","","","","","","","","","","","","","","","","","300","","BD_ICV_2023"
"2023","Enero","2023-01-03","MAGDALENA","SANTA MARTA","","","","","","","","","","","","","","","","","","","","","","","","","","","","","0.5","","BD_ICV_2023"
"2023","Enero","2023-01-03","MAGDALENA","SANTA MARTA","","","","","","","","","","","","","","","","","","","","","","","","","","","","","0.5","","BD_ICV_2023"
"2023","Enero","2023-01-06","MAGDALENA","SANTA MARTA","","","","","","","","","","","","","","","","","","","","","","","","","","","","","0.5","","BD_ICV_2023"
"2023","Enero","2023-01-13","MAGDALENA","SANTA MARTA","","","","","","","","","","","","","","","","","","","","","","","","","","","","","0.5","","BD_ICV_2023"
"2023","Enero","2023-01-17","MAGDALENA","SANTA MARTA","","","","","","","","","","","","","","","","","","","","","","","","","","","","","0.5","","BD_ICV_2023"
"2023","Enero","2023-01-19","MAGDALENA","SANTA MARTA","","","","","","","","","","","","","","","","","","","","","","","","","","","","","1","","BD_ICV_2023"
"2023","Enero","2023-01-19","MAGDALENA","SANTA MARTA","","","","","","","","","","","","","","","","","","","","","","","","","","","","","0.5","","BD_ICV_2023"
"2023","Enero","2023-01-20","MAGDALENA","SANTA MARTA","","","","","","","","","","","","","","","","","","","","","","","","","","","","","0.5","","BD_ICV_2023"
"2023","Enero","2023-01-21","MAGDALENA","SANTA MARTA","","","","","","","","","","","","","","","","","","","","","","","","","","","","","7","","BD_ICV_2023"
"2023","Enero","2023-01-21","MAGDALENA","SANTA MARTA","","","","","","","","","","","","","","","","","","","","","","","","","","","","","0.5","","BD_ICV_2023"
"2023","Enero","2023-01-21","MAGDALENA","SANTA MARTA","","","","","","","","","","","","","","","","","","","","","","","","","","","","","0.5","","BD_ICV_2023"
"2023","Enero","2023-01-21","MAGDALENA","SANTA MARTA","","","","","","","","","","","","","","","","","","","","","","","","","","","","","0.5","","BD_ICV_2023"
"2023","Enero","2023-01-22","MAGDALENA","SANTA MARTA","","","","","","","","","","","","","","","","","","","","","","","","","","","","","10","","BD_ICV_2023"
"2023","Enero","2023-01-22","MAGDALENA","SANTA MARTA","","","","","","","","","","","","","","","","","","","","","","","","","","","","","0.5","","BD_ICV_2023"
"2023","Enero","2023-01-22","MAGDALENA","SANTA MARTA","","","","","","","","","","","","","","","","","","","","","","","","","","","","","0.5","","BD_ICV_2023"
"2023","Enero","2023-01-22","MAGDALENA","SANTA MARTA","","","","","","","","","","","","","","","","","","","","","","","","","","","","","0.5","","BD_ICV_2023"
"2023","Enero","2023-01-22","MAGDALENA","SANTA MARTA","","","","","","","","","","","","","","","","","","","","","","","","","","","","","0.5","","BD_ICV_2023"
"2023","Febrero","2023-02-01","MAGDALENA","SANTA MARTA","","","","","","","","","","","","","","","","","","","","","","","","","","","","","5","","BD_ICV_2023"
"2023","Febrero","2023-02-05","MAGDALENA","SANTA MARTA","","","","","","","","","","","","","","","","","","","","","","","","","","","","","1","","BD_ICV_2023"
"2023","Febrero","2023-02-08","MAGDALENA","SANTA MARTA","","","","","","","","","","","","","","","","","","","","","","","","","","","","","0.5","","BD_ICV_2023"
"2023","Febrero","2023-02-28","MAGDALENA","SANTA MARTA","","","","","","","","","","","","","","","","","","","","","","","","","","","","","0.5","","BD_ICV_2023"
"2023","Marzo","2023-03-02","MAGDALENA","SANTA MARTA","","","","","","","","","","","","","","","","","","","","","","","","","","","","","0.5","","BD_ICV_2023"
"2023","Marzo","2023-03-10","MAGDALENA","SANTA MARTA","","","","","","","","","","","","","","","","","","","","","","","","","","","","","0.5","","BD_ICV_2023"
"2023","Marzo","2023-03-10","MAGDALENA","SANTA MARTA","","","","","","","","","","","","","","","","","","","","","","","","","","","","","0.5","","BD_ICV_2023"
"2023","Febrero","2023-02-09","MAGDALENA","SITIONUEVO","","","","","","","","","","","","","","","","","","","","","","","","","","","","","0.5","","BD_ICV_2023"
"2023","Junio","2023-06-20","MAGDALENA","SITIONUEVO","","","","","","","","","","","","","","","","","","","","","","","","","","","","","89.2","","BD_ICV_2023"
"2023","Julio","2023-07-28","MAGDALENA","SITIONUEVO","","","","","","","","","","","","","","","","","","","","","","","","","","","","","15.7","","BD_ICV_2023"
"2023","Agosto","2023-08-24","MAGDALENA","SITIONUEVO","","","","","","","","","","","","","","","","","","","","","","","","","","","","","30","","BD_ICV_2023"
"2023","Agosto","2023-08-29","MAGDALENA","SITIONUEVO","","","","","","","","","","","","","","","","","","","","","","","","","","","","","1","","BD_ICV_2023"
"2023","Septiembre","2023-09-29","MAGDALENA","SITIONUEVO","","","","","","","","","","","","","","","","","","","","","","","","","","","","","10","","BD_ICV_2023"
"2023","Noviembre","2023-11-28","MAGDALENA","SITIONUEVO","","","","","","","","","","","","","","","","","","","","","","","","","","","","","29","","BD_ICV_2023"
"2023","Enero","2023-01-05","MAGDALENA","ZONA BANANERA","","","","","","","","","","","","","","","","","","","","","","","","","","","","","0.5","","BD_ICV_2023"
"2023","Enero","2023-01-12","MAGDALENA","ZONA BANANERA","","","","","","","","","","","","","","","","","","","","","","","","","","","","","0.5","","BD_ICV_2023"
"2023","Enero","2023-01-25","MAGDALENA","ZONA BANANERA","","","","","","","","","","","","","","","","","","","","","","","","","","","","","0.5","","BD_ICV_2023"
"2023","Enero","2023-01-27","MAGDALENA","ZONA BANANERA","","","","","","","","","","","","","","","","","","","","","","","","","","","","","0.5","","BD_ICV_2023"
"2023","Febrero","2023-02-01","MAGDALENA","ZONA BANANERA","","","","","","","","","","","","","","","","","","","","","","","","","","","","","0.5","","BD_ICV_2023"
"2023","Febrero","2023-02-10","MAGDALENA","ZONA BANANERA","","","","","","","","","","","","","","","","","","","","","","","","","","","","","0.5","","BD_ICV_2023"
"2023","Febrero","2023-02-10","MAGDALENA","ZONA BANANERA","","","","","","","","","","","","","","","","","","","","","","","","","","","","","0.5","","BD_ICV_2023"
"2023","Febrero","2023-02-11","MAGDALENA","ZONA BANANERA","","","","","","","","","","","","","","","","","","","","","","","","","","","","","3","","BD_ICV_2023"
"2023","Febrero","2023-02-17","MAGDALENA","ZONA BANANERA","","","","","","","","","","","","","","","","","","","","","","","","","","","","","0.5","","BD_ICV_2023"
"2023","Febrero","2023-02-20","MAGDALENA","ZONA BANANERA","","","","","","","","","","","","","","","","","","","","","","","","","","","","","6","","BD_ICV_2023"
"2023","Marzo","2023-03-01","MAGDALENA","ZONA BANANERA","","","","","","","","","","","","","","","","","","","","","","","","","","","","","2","","BD_ICV_2023"
"2023","Marzo","2023-03-01","MAGDALENA","ZONA BANANERA","","","","","","","","","","","","","","","","","","","","","","","","","","","","","0.5","","BD_ICV_2023"
"2023","Marzo","2023-03-07","MAGDALENA","ZONA BANANERA","","","","","","","","","","","","","","","","","","","","","","","","","","","","","10","","BD_ICV_2023"
"2023","Enero","2023-01-28","META","CABUYARO","","","","","","","","","","","","","","","","","","","","","","","","","","","","","1","","BD_ICV_2023"
"2023","Febrero","2023-02-14","META","EL CALVARIO","","","","","","","","","","","","","","","","","","","","","","","","","","","","","5","","BD_ICV_2023"
"2023","Enero","2023-01-01","META","GRANADA","","","","","","","","","","","","","","","","","","","","","","","","","","","","","1","","BD_ICV_2023"
"2023","Enero","2023-01-01","META","GRANADA","","","","","","","","","","","","","","","","","","","","","","","","","","","","","1","","BD_ICV_2023"
"2023","Enero","2023-01-03","META","GRANADA","","","","","","","","","","","","","","","","","","","","","","","","","","","","","1","","BD_ICV_2023"
"2023","Enero","2023-01-04","META","GRANADA","","","","","","","","","","","","","","","","","","","","","","","","","","","","","0.5","","BD_ICV_2023"
"2023","Enero","2023-01-20","META","GRANADA","","","","","","","","","","","","","","","","","","","","","","","","","","","","","0.5","","BD_ICV_2023"
"2023","Enero","2023-01-25","META","GRANADA","","","","","","","","","","","","","","","","","","","","","","","","","","","","","1","","BD_ICV_2023"
"2023","Enero","2023-01-26","META","GRANADA","","","","","","","","","","","","","","","","","","","","","","","","","","","","","7","","BD_ICV_2023"
"2023","Enero","2023-01-28","META","GRANADA","","","","","","","","","","","","","","","","","","","","","","","","","","","","","2","","BD_ICV_2023"
"2023","Enero","2023-01-29","META","GRANADA","","","","","","","","","","","","","","","","","","","","","","","","","","","","","6","","BD_ICV_2023"
"2023","Enero","2023-01-29","META","GRANADA","","","","","","","","","","","","","","","","","","","","","","","","","","","","","1","","BD_ICV_2023"
"2023","Enero","2023-01-30","META","GRANADA","","","","","","","","","","","","","","","","","","","","","","","","","","","","","0.5","","BD_ICV_2023"
"2023","Enero","2023-01-31","META","GRANADA","","","","","","","","","","","","","","","","","","","","","","","","","","","","","2","","BD_ICV_2023"
"2023","Febrero","2023-02-03","META","GRANADA","","","","","","","","","","","","","","","","","","","","","","","","","","","","","2","","BD_ICV_2023"
"2023","Febrero","2023-02-03","META","GRANADA","","","","","","","","","","","","","","","","","","","","","","","","","","","","","1","","BD_ICV_2023"
"2023","Febrero","2023-02-04","META","GRANADA","","","","","","","","","","","","","","","","","","","","","","","","","","","","","2","","BD_ICV_2023"
"2023","Febrero","2023-02-04","META","GRANADA","","","","","","","","","","","","","","","","","","","","","","","","","","","","","1","","BD_ICV_2023"
"2023","Febrero","2023-02-04","META","GRANADA","","","","","","","","","","","","","","","","","","","","","","","","","","","","","1","","BD_ICV_2023"
"2023","Febrero","2023-02-05","META","GRANADA","","","","","","","","","","","","","","","","","","","","","","","","","","","","","1","","BD_ICV_2023"
"2023","Febrero","2023-02-07","META","GRANADA","","","","","","","","","","","","","","","","","","","","","","","","","","","","","2","","BD_ICV_2023"
"2023","Febrero","2023-02-08","META","GRANADA","","","","","","","","","","","","","","","","","","","","","","","","","","","","","0.5","","BD_ICV_2023"
"2023","Febrero","2023-02-08","META","GRANADA","","","","","","","","","","","","","","","","","","","","","","","","","","","","","0.5","","BD_ICV_2023"
"2023","Febrero","2023-02-09","META","GRANADA","","","","","","","","","","","","","","","","","","","","","","","","","","","","","1","","BD_ICV_2023"
"2023","Febrero","2023-02-10","META","GRANADA","","","","","","","","","","","","","","","","","","","","","","","","","","","","","15","","BD_ICV_2023"
"2023","Febrero","2023-02-12","META","GRANADA","","","","","","","","","","","","","","","","","","","","","","","","","","","","","2","","BD_ICV_2023"
"2023","Febrero","2023-02-12","META","GRANADA","","","","","","","","","","","","","","","","","","","","","","","","","","","","","1","","BD_ICV_2023"
"2023","Febrero","2023-02-13","META","GRANADA","","","","","","","","","","","","","","","","","","","","","","","","","","","","","1","","BD_ICV_2023"
"2023","Febrero","2023-02-15","META","GRANADA","","","","","","","","","","","","","","","","","","","","","","","","","","","","","2","","BD_ICV_2023"
"2023","Febrero","2023-02-21","META","GRANADA","","","","","","","","","","","","","","","","","","","","","","","","","","","","","0.5","","BD_ICV_2023"
"2023","Febrero","2023-02-22","META","GRANADA","","","","","","","","","","","","","","","","","","","","","","","","","","","","","2","","BD_ICV_2023"
"2023","Febrero","2023-02-22","META","GRANADA","","","","","","","","","","","","","","","","","","","","","","","","","","","","","2","","BD_ICV_2023"
"2023","Febrero","2023-02-25","META","GRANADA","","","","","","","","","","","","","","","","","","","","","","","","","","","","","3","","BD_ICV_2023"
"2023","Febrero","2023-02-27","META","GRANADA","","","","","","","","","","","","","","","","","","","","","","","","","","","","","0.5","","BD_ICV_2023"
"2023","Febrero","2023-02-27","META","GRANADA","","","","","","","","","","","","","","","","","","","","","","","","","","","","","0.5","","BD_ICV_2023"
"2023","Febrero","2023-02-01","META","GUAMAL","","","","","","","","","","","","","","","","","","","","","","","","","","","","","1258.8","","BD_ICV_2023"
"2023","Febrero","2023-02-04","META","GUAMAL","","","","","","","","","","","","","","","","","","","","","","","","","","","","","1","","BD_ICV_2023"
"2023","Enero","2023-01-24","META","LEJANÍAS","","","","","","","","","","","","","","","","","","","","","","","","","","","","","1","","BD_ICV_2023"
"2023","Febrero","2023-02-07","META","LEJANÍAS","","","","","","","","","","","","","","","","","","","","","","","","","","","","","0.5","","BD_ICV_2023"
"2023","Febrero","2023-02-11","META","LEJANÍAS","","","","","","","","","","","","","","","","","","","","","","","","","","","","","5","","BD_ICV_2023"
"2023","Noviembre","2023-11-23","META","MAPIRIPÁN","","","","","","","","","","","","","","","","","","","","","","","","","","","","","1","","BD_ICV_2023"
"2023","Enero","2023-01-02","META","PUERTO GAITÁN","","","","","","","","","","","","","","","","","","","","","","","","","","","","","1","","BD_ICV_2023"
"2023","Enero","2023-01-05","META","PUERTO GAITÁN","","","","","","","","","","","","","","","","","","","","","","","","","","","","","40","","BD_ICV_2023"
"2023","Enero","2023-01-19","META","PUERTO GAITÁN","","","","","","","","","","","","","","","","","","","","","","","","","","","","","10","","BD_ICV_2023"
"2023","Enero","2023-01-20","META","PUERTO GAITÁN","","","","","","","","","","","","","","","","","","","","","","","","","","","","","200","","BD_ICV_2023"
"2023","Enero","2023-01-25","META","PUERTO GAITÁN","","","","","","","","","","","","","","","","","","","","","","","","","","","","","251","","BD_ICV_2023"
"2023","Febrero","2023-02-05","META","PUERTO GAITÁN","","","","","","","","","","","","","","","","","","","","","","","","","","","","","200","","BD_ICV_2023"
"2023","Febrero","2023-02-06","META","PUERTO GAITÁN","","","","","","","","","","","","","","","","","","","","","","","","","","","","","350","","BD_ICV_2023"
"2023","Febrero","2023-02-19","META","PUERTO GAITÁN","","","","","","","","","","","","","","","","","","","","","","","","","","","","","20","","BD_ICV_2023"
"2023","Febrero","2023-02-23","META","PUERTO GAITÁN","","","","","","","","","","","","","","","","","","","","","","","","","","","","","76","","BD_ICV_2023"
"2023","Febrero","2023-02-27","META","PUERTO GAITÁN","","","","","","","","","","","","","","","","","","","","","","","","","","","","","200","","BD_ICV_2023"
"2023","Febrero","2023-02-28","META","PUERTO GAITÁN","","","","","","","","","","","","","","","","","","","","","","","","","","","","","20","","BD_ICV_2023"
"2023","Marzo","2023-03-05","META","PUERTO GAITÁN","","","","","","","","","","","","","","","","","","","","","","","","","","","","","50","","BD_ICV_2023"
"2023","Diciembre","2023-12-06","META","PUERTO GAITÁN","","","","","","","","","","","","","","","","","","","","","","","","","","","","","5","","BD_ICV_2023"
"2023","Enero","2023-01-17","META","PUERTO LLERAS","","","","","","","","","","","","","","","","","","","","","","","","","","","","","3","","BD_ICV_2023"
"2023","Enero","2023-01-02","META","PUERTO LÓPEZ","","","","","","","","","","","","","","","","","","","","","","","","","","","","","12","","BD_ICV_2023"
"2023","Enero","2023-01-04","META","PUERTO LÓPEZ","","","","","","","","","","","","","","","","","","","","","","","","","","","","","10","","BD_ICV_2023"
"2023","Enero","2023-01-16","META","PUERTO LÓPEZ","","","","","","","","","","","","","","","","","","","","","","","","","","","","","100","","BD_ICV_2023"
"2023","Enero","2023-01-20","META","PUERTO LÓPEZ","","","","","","","","","","","","","","","","","","","","","","","","","","","","","40","","BD_ICV_2023"
"2023","Enero","2023-01-23","META","PUERTO LÓPEZ","","","","","","","","","","","","","","","","","","","","","","","","","","","","","1000","","BD_ICV_2023"
"2023","Enero","2023-01-24","META","PUERTO LÓPEZ","","","","","","","","","","","","","","","","","","","","","","","","","","","","","3","","BD_ICV_2023"
"2023","Enero","2023-01-26","META","PUERTO LÓPEZ","","","","","","","","","","","","","","","","","","","","","","","","","","","","","100","","BD_ICV_2023"
"2023","Enero","2023-01-27","META","PUERTO LÓPEZ","","","","","","","","","","","","","","","","","","","","","","","","","","","","","2","","BD_ICV_2023"
"2023","Enero","2023-01-27","META","PUERTO LÓPEZ","","","","","","","","","","","","","","","","","","","","","","","","","","","","","0.5","","BD_ICV_2023"
"2023","Febrero","2023-02-03","META","PUERTO LÓPEZ","","","","","","","","","","","","","","","","","","","","","","","","","","","","","1","","BD_ICV_2023"
"2023","Febrero","2023-02-12","META","PUERTO LÓPEZ","","","","","","","","","","","","","","","","","","","","","","","","","","","","","5","","BD_ICV_2023"
"2023","Febrero","2023-02-13","META","PUERTO LÓPEZ","","","","","","","","","","","","","","","","","","","","","","","","","","","","","2","","BD_ICV_2023"
"2023","Febrero","2023-02-17","META","PUERTO LÓPEZ","","","","","","","","","","","","","","","","","","","","","","","","","","","","","2","","BD_ICV_2023"
"2023","Febrero","2023-02-17","META","PUERTO LÓPEZ","","","","","","","","","","","","","","","","","","","","","","","","","","","","","2","","BD_ICV_2023"
"2023","Febrero","2023-02-18","META","PUERTO LÓPEZ","","","","","","","","","","","","","","","","","","","","","","","","","","","","","20","","BD_ICV_2023"
"2023","Febrero","2023-02-18","META","PUERTO LÓPEZ","","","","","","","","","","","","","","","","","","","","","","","","","","","","","10","","BD_ICV_2023"
"2023","Febrero","2023-02-19","META","PUERTO LÓPEZ","","","","","","","","","","","","","","","","","","","","","","","","","","","","","600","","BD_ICV_2023"
"2023","Febrero","2023-02-19","META","PUERTO LÓPEZ","","","","","","","","","","","","","","","","","","","","","","","","","","","","","1","","BD_ICV_2023"
"2023","Febrero","2023-02-20","META","PUERTO LÓPEZ","","","","","","","","","","","","","","","","","","","","","","","","","","","","","140","","BD_ICV_2023"
"2023","Febrero","2023-02-22","META","PUERTO LÓPEZ","","","","","","","","","","","","","","","","","","","","","","","","","","","","","14","","BD_ICV_2023"
"2023","Febrero","2023-02-23","META","PUERTO LÓPEZ","","","","","","","","","","","","","","","","","","","","","","","","","","","","","300","","BD_ICV_2023"
"2023","Febrero","2023-02-23","META","PUERTO LÓPEZ","","","","","","","","","","","","","","","","","","","","","","","","","","","","","7","","BD_ICV_2023"
"2023","Febrero","2023-02-23","META","PUERTO LÓPEZ","","","","","","","","","","","","","","","","","","","","","","","","","","","","","6","","BD_ICV_2023"
"2023","Febrero","2023-02-25","META","PUERTO LÓPEZ","","","","","","","","","","","","","","","","","","","","","","","","","","","","","50","","BD_ICV_2023"
"2023","Febrero","2023-02-26","META","PUERTO LÓPEZ","","","","","","","","","","","","","","","","","","","","","","","","","","","","","2","","BD_ICV_2023"
"2023","Febrero","2023-02-26","META","PUERTO LÓPEZ","","","","","","","","","","","","","","","","","","","","","","","","","","","","","1","","BD_ICV_2023"
"2023","Febrero","2023-02-26","META","PUERTO LÓPEZ","","","","","","","","","","","","","","","","","","","","","","","","","","","","","1","","BD_ICV_2023"
"2023","Marzo","2023-03-15","META","PUERTO LÓPEZ","","","","","","","","","","","","","","","","","","","","","","","","","","","","","13","","BD_ICV_2023"
"2023","Marzo","2023-03-24","META","PUERTO LÓPEZ","","","","","","","","","","","","","","","","","","","","","","","","","","","","","12","","BD_ICV_2023"
"2023","Marzo","2023-03-28","META","PUERTO LÓPEZ","","","","","","","","","","","","","","","","","","","","","","","","","","","","","400","","BD_ICV_2023"
"2023","Diciembre","2023-12-03","META","PUERTO LÓPEZ","","","","","","","","","","","","","","","","","","","","","","","","","","","","","1.5","","BD_ICV_2023"
"2023","Enero","2023-01-04","META","PUERTO RICO","","","","","","","","","","","","","","","","","","","","","","","","","","","","","2","","BD_ICV_2023"
"2023","Enero","2023-01-06","META","PUERTO RICO","","","","","","","","","","","","","","","","","","","","","","","","","","","","","15","","BD_ICV_2023"
"2023","Enero","2023-01-06","META","PUERTO RICO","","","","","","","","","","","","","","","","","","","","","","","","","","","","","4","","BD_ICV_2023"
"2023","Enero","2023-01-06","META","PUERTO RICO","","","","","","","","","","","","","","","","","","","","","","","","","","","","","1","","BD_ICV_2023"
"2023","Enero","2023-01-14","META","PUERTO RICO","","","","","","","","","","","","","","","","","","","","","","","","","","","","","1","","BD_ICV_2023"
"2023","Enero","2023-01-27","META","PUERTO RICO","","","","","","","","","","","","","","","","","","","","","","","","","","","","","4","","BD_ICV_2023"
"2023","Febrero","2023-02-02","META","PUERTO RICO","","","","","","","","","","","","","","","","","","","","","","","","","","","","","4","","BD_ICV_2023"
"2023","Febrero","2023-02-07","META","PUERTO RICO","","","","","","","","","","","","","","","","","","","","","","","","","","","","","0.5","","BD_ICV_2023"
"2023","Febrero","2023-02-07","META","PUERTO RICO","","","","","","","","","","","","","","","","","","","","","","","","","","","","","0.5","","BD_ICV_2023"
"2023","Febrero","2023-02-20","META","PUERTO RICO","","","","","","","","","","","","","","","","","","","","","","","","","","","","","0.5","","BD_ICV_2023"
"2023","Febrero","2023-02-22","META","PUERTO RICO","","","","","","","","","","","","","","","","","","","","","","","","","","","","","2","","BD_ICV_2023"
"2023","Febrero","2023-02-25","META","PUERTO RICO","","","","","","","","","","","","","","","","","","","","","","","","","","","","","1","","BD_ICV_2023"
"2023","Febrero","2023-02-27","META","PUERTO RICO","","","","","","","","","","","","","","","","","","","","","","","","","","","","","5","","BD_ICV_2023"
"2023","Febrero","2023-02-03","META","RESTREPO","","","","","","","","","","","","","","","","","","","","","","","","","","","","","4","","BD_ICV_2023"
"2023","Febrero","2023-02-09","META","RESTREPO","","","","","","","","","","","","","","","","","","","","","","","","","","","","","0.5","","BD_ICV_2023"
"2023","Febrero","2023-02-27","META","RESTREPO","","","","","","","","","","","","","","","","","","","","","","","","","","","","","0.5","","BD_ICV_2023"
"2023","Febrero","2023-02-02","META","SAN CARLOS DE GUAROA","","","","","","","","","","","","","","","","","","","","","","","","","","","","","30","","BD_ICV_2023"
"2023","Enero","2023-01-13","META","SAN JUAN DE ARAMA","","","","","","","","","","","","","","","","","","","","","","","","","","","","","6","","BD_ICV_2023"
"2023","Enero","2023-01-31","META","SAN JUAN DE ARAMA","","","","","","","","","","","","","","","","","","","","","","","","","","","","","1","","BD_ICV_2023"
"2023","Febrero","2023-02-08","META","SAN JUAN DE ARAMA","","","","","","","","","","","","","","","","","","","","","","","","","","","","","0.5","","BD_ICV_2023"
"2023","Febrero","2023-02-10","META","SAN JUAN DE ARAMA","","","","","","","","","","","","","","","","","","","","","","","","","","","","","10","","BD_ICV_2023"
"2023","Febrero","2023-02-13","META","SAN JUAN DE ARAMA","","","","","","","","","","","","","","","","","","","","","","","","","","","","","600","","BD_ICV_2023"
"2023","Diciembre","2023-12-23","META","SAN JUAN DE ARAMA","","","","","","","","","","","","","","","","","","","","","","","","","","","","","100","","BD_ICV_2023"
"2023","Febrero","2023-02-02","META","SAN MARTÍN","","","","","","","","","","","","","","","","","","","","","","","","","","","","","1","","BD_ICV_2023"
"2023","Febrero","2023-02-08","META","SAN MARTÍN","","","","","","","","","","","","","","","","","","","","","","","","","","","","","1","","BD_ICV_2023"
"2023","Febrero","2023-02-09","META","SAN MARTÍN","","","","","","","","","","","","","","","","","","","","","","","","","","","","","1","","BD_ICV_2023"
"2023","Febrero","2023-02-11","META","SAN MARTÍN","","","","","","","","","","","","","","","","","","","","","","","","","","","","","1","","BD_ICV_2023"
"2023","Febrero","2023-02-11","META","SAN MARTÍN","","","","","","","","","","","","","","","","","","","","","","","","","","","","","1","","BD_ICV_2023"
"2023","Febrero","2023-02-23","META","SAN MARTÍN","","","","","","","","","","","","","","","","","","","","","","","","","","","","","1","","BD_ICV_2023"
"2023","Febrero","2023-02-24","META","SAN MARTÍN","","","","","","","","","","","","","","","","","","","","","","","","","","","","","1","","BD_ICV_2023"
"2023","Febrero","2023-02-25","META","SAN MARTÍN","","","","","","","","","","","","","","","","","","","","","","","","","","","","","1","","BD_ICV_2023"
"2023","Enero","2023-01-04","META","VILLAVICENCIO","","","","","","","","","","","","","","","","","","","","","","","","","","","","","1","","BD_ICV_2023"
"2023","Enero","2023-01-29","META","VILLAVICENCIO","","","","","","","","","","","","","","","","","","","","","","","","","","","","","2","","BD_ICV_2023"
"2023","Enero","2023-01-30","META","VILLAVICENCIO","","","","","","","","","","","","","","","","","","","","","","","","","","","","","0.5","","BD_ICV_2023"
"2023","Enero","2023-01-30","META","VILLAVICENCIO","","","","","","","","","","","","","","","","","","","","","","","","","","","","","0.5","","BD_ICV_2023"
"2023","Febrero","2023-02-08","META","VILLAVICENCIO","","","","","","","","","","","","","","","","","","","","","","","","","","","","","1","","BD_ICV_2023"
"2023","Febrero","2023-02-11","META","VILLAVICENCIO","","","","","","","","","","","","","","","","","","","","","","","","","","","","","1","","BD_ICV_2023"
"2023","Febrero","2023-02-21","META","VILLAVICENCIO","","","","","","","","","","","","","","","","","","","","","","","","","","","","","0.5","","BD_ICV_2023"
"2023","Febrero","2023-02-23","META","VILLAVICENCIO","","","","","","","","","","","","","","","","","","","","","","","","","","","","","7","","BD_ICV_2023"
"2023","Febrero","2023-02-25","META","VILLAVICENCIO","","","","","","","","","","","","","","","","","","","","","","","","","","","","","4","","BD_ICV_2023"
"2023","Febrero","2023-02-22","META","VISTAHERMOSA","","","","","","","","","","","","","","","","","","","","","","","","","","","","","5","","BD_ICV_2023"
"2023","Septiembre","2023-09-01","NARIÑO","ALBÁN","","","","","","","","","","","","","","","","","","","","","","","","","","","","","5.5","","BD_ICV_2023"
"2023","Septiembre","2023-09-09","NARIÑO","ALBÁN","","","","","","","","","","","","","","","","","","","","","","","","","","","","","5","","BD_ICV_2023"
"2023","Octubre","2023-10-16","NARIÑO","ALBÁN","","","","","","","","","","","","","","","","","","","","","","","","","","","","","7","","BD_ICV_2023"
"2023","Enero","2023-01-06","NARIÑO","ANCUYA","","","","","","","","","","","","","","","","","","","","","","","","","","","","","3","","BD_ICV_2023"
"2023","Junio","2023-06-25","NARIÑO","ARBOLEDA","","","","","","","","","","","","","","","","","","","","","","","","","","","","","3","","BD_ICV_2023"
"2023","Septiembre","2023-09-01","NARIÑO","ARBOLEDA","","","","","","","","","","","","","","","","","","","","","","","","","","","","","2","","BD_ICV_2023"
"2023","Octubre","2023-10-12","NARIÑO","ARBOLEDA","","","","","","","","","","","","","","","","","","","","","","","","","","","","","1.5","","BD_ICV_2023"
"2023","Agosto","2023-08-30","NARIÑO","BELÉN","","","","","","","","","","","","","","","","","","","","","","","","","","","","","1","","BD_ICV_2023"
"2023","Septiembre","2023-09-18","NARIÑO","BELÉN","","","","","","","","","","","","","","","","","","","","","","","","","","","","","2","","BD_ICV_2023"
"2023","Septiembre","2023-09-18","NARIÑO","BELÉN","","","","","","","","","","","","","","","","","","","","","","","","","","","","","2","","BD_ICV_2023"
"2023","Marzo","2023-03-01","NARIÑO","BUESACO","Higuerones","","","","","","","","","","","","","","","","","","","","","","","","","","","","1","","BD_ICV_2023"
"2023","Marzo","2023-03-01","NARIÑO","BUESACO","Medina Atillo","","","","","","","","","","","","","","","","","","","","","","","","","","","","1","","BD_ICV_2023"
"2023","Junio","2023-06-12","NARIÑO","BUESACO","CORTIJO","","","","","","","","","","","","","","","","","","","","","","","","","","","","2","","BD_ICV_2023"
"2023","Junio","2023-06-12","NARIÑO","BUESACO","Icsamania","","","","","","","","","","","","","","","","","","","","","","","","","","","","0.2","","BD_ICV_2023"
"2023","Agosto","2023-08-06","NARIÑO","BUESACO","","","","","","","","","","","","","","","","","","","","","","","","","","","","","300","","BD_ICV_2023"
"2023","Septiembre","2023-09-28","NARIÑO","BUESACO","","","","","","","","","","","","","","","","","","","","","","","","","","","","","3","","BD_ICV_2023"
"2023","Julio","2023-07-22","NARIÑO","CHACHAGUÍ","","","","","","","","","","","","","","","","","","","","","","","","","","","","","1","","BD_ICV_2023"
"2023","Agosto","2023-08-02","NARIÑO","CHACHAGUÍ","","","","","","","","","","","","","","","","","","","","","","","","","","","","","3.5","","BD_ICV_2023"
"2023","Agosto","2023-08-03","NARIÑO","CHACHAGUÍ","","","","","","","","","","","","","","","","","","","","","","","","","","","","","13","","BD_ICV_2023"
"2023","Agosto","2023-08-16","NARIÑO","CHACHAGUÍ","","","","","","","","","","","","","","","","","","","","","","","","","","","","","10","","BD_ICV_2023"
"2023","Septiembre","2023-09-09","NARIÑO","CHACHAGUÍ","","","","","","","","","","","","","","","","","","","","","","","","","","","","","40","","BD_ICV_2023"
"2023","Septiembre","2023-09-16","NARIÑO","CHACHAGUÍ","","","","","","","","","","","","","","","","","","","","","","","","","","","","","150","","BD_ICV_2023"
"2023","Julio","2023-07-23","NARIÑO","COLÓN","","","","","","","","","","","","","","","","","","","","","","","","","","","","","1","","BD_ICV_2023"
"2023","Agosto","2023-08-02","NARIÑO","COLÓN","","","","","","","","","","","","","","","","","","","","","","","","","","","","","1","","BD_ICV_2023"
"2023","Agosto","2023-08-02","NARIÑO","COLÓN","","","","","","","","","","","","","","","","","","","","","","","","","","","","","1","","BD_ICV_2023"
"2023","Agosto","2023-08-04","NARIÑO","COLÓN","","","","","","","","","","","","","","","","","","","","","","","","","","","","","1","","BD_ICV_2023"
"2023","Agosto","2023-08-16","NARIÑO","COLÓN","","","","","","","","","","","","","","","","","","","","","","","","","","","","","1","","BD_ICV_2023"
"2023","Agosto","2023-08-31","NARIÑO","COLÓN","","","","","","","","","","","","","","","","","","","","","","","","","","","","","3","","BD_ICV_2023"
"2023","Septiembre","2023-09-08","NARIÑO","COLÓN","","","","","","","","","","","","","","","","","","","","","","","","","","","","","1","","BD_ICV_2023"
"2023","Septiembre","2023-09-18","NARIÑO","COLÓN","","","","","","","","","","","","","","","","","","","","","","","","","","","","","1","","BD_ICV_2023"
"2023","Octubre","2023-10-03","NARIÑO","COLÓN","","","","","","","","","","","","","","","","","","","","","","","","","","","","","3","","BD_ICV_2023"
"2023","Agosto","2023-08-08","NARIÑO","CONSACÁ","","","","","","","","","","","","","","","","","","","","","","","","","","","","","5","","BD_ICV_2023"
"2023","Septiembre","2023-09-02","NARIÑO","CONSACÁ","","","","","","","","","","","","","","","","","","","","","","","","","","","","","3","","BD_ICV_2023"
"2023","Septiembre","2023-09-02","NARIÑO","CONSACÁ","","","","","","","","","","","","","","","","","","","","","","","","","","","","","1","","BD_ICV_2023"
"2023","Febrero","2023-02-04","NARIÑO","CUMBAL","","","","","","","","","","","","","","","","","","","","","","","","","","","","","40","","BD_ICV_2023"
"2023","Mayo","2023-05-17","NARIÑO","CUMBAL","","","","","","","","","","","","","","","","","","","","","","","","","","","","","120","","BD_ICV_2023"
"2023","Julio","2023-07-21","NARIÑO","CUMBAL","","","","","","","","","","","","","","","","","","","","","","","","","","","","","5","","BD_ICV_2023"
"2023","Septiembre","2023-09-07","NARIÑO","CUMBAL","","","","","","","","","","","","","","","","","","","","","","","","","","","","","2","","BD_ICV_2023"
"2023","Septiembre","2023-09-08","NARIÑO","CUMBAL","","","","","","","","","","","","","","","","","","","","","","","","","","","","","12","","BD_ICV_2023"
"2023","Septiembre","2023-09-27","NARIÑO","CUMBAL","","","","","","","","","","","","","","","","","","","","","","","","","","","","","1","","BD_ICV_2023"
"2023","Julio","2023-07-13","NARIÑO","CUMBITARA","","","","","","","","","","","","","","","","","","","","","","","","","","","","","1","","BD_ICV_2023"
"2023","Julio","2023-07-18","NARIÑO","CUMBITARA","","","","","","","","","","","","","","","","","","","","","","","","","","","","","2","","BD_ICV_2023"
"2023","Agosto","2023-08-05","NARIÑO","CUMBITARA","","","","","","","","","","","","","","","","","","","","","","","","","","","","","2","","BD_ICV_2023"
"2023","Agosto","2023-08-08","NARIÑO","EL PEÑOL","","","","","","","","","","","","","","","","","","","","","","","","","","","","","6","","BD_ICV_2023"
"2023","Agosto","2023-08-08","NARIÑO","EL ROSARIO","","","","","","","","","","","","","","","","","","","","","","","","","","","","","1","","BD_ICV_2023"
"2023","Octubre","2023-10-10","NARIÑO","EL ROSARIO","","","","","","","","","","","","","","","","","","","","","","","","","","","","","5","","BD_ICV_2023"
"2023","Octubre","2023-10-12","NARIÑO","EL ROSARIO","","","","","","","","","","","","","","","","","","","","","","","","","","","","","4","","BD_ICV_2023"
"2023","Febrero","2023-02-09","NARIÑO","EL TAMBO","","","","","","","","","","","","","","","","","","","","","","","","","","","","","1","","BD_ICV_2023"
"2023","Julio","2023-07-12","NARIÑO","EL TAMBO","","","","","","","","","","","","","","","","","","","","","","","","","","","","","1","","BD_ICV_2023"
"2023","Septiembre","2023-09-23","NARIÑO","EL TAMBO","","","","","","","","","","","","","","","","","","","","","","","","","","","","","0.5","","BD_ICV_2023"
"2023","Agosto","2023-08-05","NARIÑO","FUNES","","","","","","","","","","","","","","","","","","","","","","","","","","","","","30","","BD_ICV_2023"
"2023","Agosto","2023-08-06","NARIÑO","FUNES","","","","","","","","","","","","","","","","","","","","","","","","","","","","","2","","BD_ICV_2023"
"2023","Agosto","2023-08-09","NARIÑO","FUNES","","","","","","","","","","","","","","","","","","","","","","","","","","","","","1","","BD_ICV_2023"
"2023","Septiembre","2023-09-11","NARIÑO","GUAITARILLA","","","","","","","","","","","","","","","","","","","","","","","","","","","","","70","","BD_ICV_2023"
"2023","Agosto","2023-08-30","NARIÑO","ILES","","","","","","","","","","","","","","","","","","","","","","","","","","","","","3","","BD_ICV_2023"
"2023","Septiembre","2023-09-24","NARIÑO","ILES","","","","","","","","","","","","","","","","","","","","","","","","","","","","","5","","BD_ICV_2023"
"2023","Octubre","2023-10-18","NARIÑO","ILES","","","","","","","","","","","","","","","","","","","","","","","","","","","","","30","","BD_ICV_2023"
"2023","Marzo","2023-03-01","NARIÑO","IMUÉS","","","","","","","","","","","","","","","","","","","","","","","","","","","","","1","","BD_ICV_2023"
"2023","Septiembre","2023-09-12","NARIÑO","IMUÉS","","","","","","","","","","","","","","","","","","","","","","","","","","","","","530","","BD_ICV_2023"
"2023","Septiembre","2023-09-23","NARIÑO","IMUÉS","","","","","","","","","","","","","","","","","","","","","","","","","","","","","0.5","","BD_ICV_2023"
"2023","Octubre","2023-10-12","NARIÑO","IPIALES","","","","","","","","","","","","","","","","","","","","","","","","","","","","","15","","BD_ICV_2023"
"2023","Junio","2023-06-18","NARIÑO","LA CRUZ","SECTOR MOLINO","","","","","","","","","","","","","","","","","","","","","","","","","","","","4","","BD_ICV_2023"
"2023","Octubre","2023-10-13","NARIÑO","LA CRUZ","","","","","","","","","","","","","","","","","","","","","","","","","","","","","2","","BD_ICV_2023"
"2023","Septiembre","2023-09-15","NARIÑO","LA FLORIDA","","","","","","","","","","","","","","","","","","","","","","","","","","","","","29","","BD_ICV_2023"
"2023","Septiembre","2023-09-09","NARIÑO","LA LLANADA","","","","","","","","","","","","","","","","","","","","","","","","","","","","","1","","BD_ICV_2023"
"2023","Febrero","2023-02-07","NARIÑO","LEIVA","Perímetro Urbano","","","","","","","","","","","","","","","","","","","","","","","","","","","","1","","BD_ICV_2023"
"2023","Agosto","2023-08-16","NARIÑO","LEIVA","","","","","","","","","","","","","","","","","","","","","","","","","","","","","2","","BD_ICV_2023"
"2023","Agosto","2023-08-30","NARIÑO","LEIVA","","","","","","","","","","","","","","","","","","","","","","","","","","","","","120","","BD_ICV_2023"
"2023","Agosto","2023-08-31","NARIÑO","LEIVA","","","","","","","","","","","","","","","","","","","","","","","","","","","","","9","","BD_ICV_2023"
"2023","Agosto","2023-08-08","NARIÑO","LINARES","","","","","","","","","","","","","","","","","","","","","","","","","","","","","120","","BD_ICV_2023"
"2023","Septiembre","2023-09-28","NARIÑO","LOS ANDES","","","","","","","","","","","","","","","","","","","","","","","","","","","","","3","","BD_ICV_2023"
"2023","Julio","2023-07-22","NARIÑO","MALLAMA","","","","","","","","","","","","","","","","","","","","","","","","","","","","","8","","BD_ICV_2023"
"2023","Julio","2023-07-23","NARIÑO","NARIÑO","","","","","","","","","","","","","","","","","","","","","","","","","","","","","10","","BD_ICV_2023"
"2023","Julio","2023-07-23","NARIÑO","NARIÑO","","","","","","","","","","","","","","","","","","","","","","","","","","","","","2","","BD_ICV_2023"
"2023","Agosto","2023-08-06","NARIÑO","NARIÑO","","","","","","","","","","","","","","","","","","","","","","","","","","","","","5","","BD_ICV_2023"
"2023","Septiembre","2023-09-02","NARIÑO","NARIÑO","","","","","","","","","","","","","","","","","","","","","","","","","","","","","10","","BD_ICV_2023"
"2023","Septiembre","2023-09-09","NARIÑO","NARIÑO","","","","","","","","","","","","","","","","","","","","","","","","","","","","","10","","BD_ICV_2023"
"2023","Septiembre","2023-09-12","NARIÑO","NARIÑO","","","","","","","","","","","","","","","","","","","","","","","","","","","","","1","","BD_ICV_2023"
"2023","Septiembre","2023-09-22","NARIÑO","NARIÑO","","","","","","","","","","","","","","","","","","","","","","","","","","","","","1","","BD_ICV_2023"
"2023","Febrero","2023-02-28","NARIÑO","OSPINA","Villa del sur","","","","","","","","","","","","","","","","","","","","","","","","","","","","0.05","","BD_ICV_2023"
"2023","Enero","2023-01-08","NARIÑO","PASTO","","","","","","","","","","","","","","","","","","","","","","","","","","","","","30","","BD_ICV_2023"
"2023","Enero","2023-01-27","NARIÑO","PASTO","","","","","","","","","","","","","","","","","","","","","","","","","","","","","3","","BD_ICV_2023"
"2023","Enero","2023-01-27","NARIÑO","PASTO","","","","","","","","","","","","","","","","","","","","","","","","","","","","","1","","BD_ICV_2023"
"2023","Febrero","2023-02-13","NARIÑO","PASTO","","","","","","","","","","","","","","","","","","","","","","","","","","","","","20","","BD_ICV_2023"
"2023","Febrero","2023-02-19","NARIÑO","PASTO","","","","","","","","","","","","","","","","","","","","","","","","","","","","","50","","BD_ICV_2023"
"2023","Febrero","2023-02-25","NARIÑO","PASTO","","","","","","","","","","","","","","","","","","","","","","","","","","","","","500","","BD_ICV_2023"
"2023","Febrero","2023-02-27","NARIÑO","PASTO","","","","","","","","","","","","","","","","","","","","","","","","","","","","","50","","BD_ICV_2023"
"2023","Febrero","2023-02-27","NARIÑO","PASTO","","","","","","","","","","","","","","","","","","","","","","","","","","","","","50","","BD_ICV_2023"
"2023","Febrero","2023-02-28","NARIÑO","PASTO","","","","","","","","","","","","","","","","","","","","","","","","","","","","","3","","BD_ICV_2023"
"2023","Marzo","2023-03-03","NARIÑO","PASTO","","","","","","","","","","","","","","","","","","","","","","","","","","","","","50","","BD_ICV_2023"
"2023","Marzo","2023-03-28","NARIÑO","PASTO","","","","","","","","","","","","","","","","","","","","","","","","","","","","","30","","BD_ICV_2023"
"2023","Junio","2023-06-07","NARIÑO","PASTO","","","","","","","","","","","","","","","","","","","","","","","","","","","","","184","","BD_ICV_2023"
"2023","Junio","2023-06-07","NARIÑO","PASTO","","","","","","","","","","","","","","","","","","","","","","","","","","","","","2","","BD_ICV_2023"
"2023","Junio","2023-06-12","NARIÑO","PASTO","San Cayetano","","","","","","","","","","","","","","","","","","","","","","","","","","","","0.3","","BD_ICV_2023"
"2023","Junio","2023-06-15","NARIÑO","PASTO","Mijitayo Alto","","","","","","","","","","","","","","","","","","","","","","","","","","","","0.02","","BD_ICV_2023"
"2023","Junio","2023-06-18","NARIÑO","PASTO","LOMA DE MORASURCO","","","","","","","","","","","","","","","","","","","","","","","","","","","","0.02","","BD_ICV_2023"
"2023","Junio","2023-06-19","NARIÑO","PASTO","BRISEÑO ALTO","","","","","","","","","","","","","","","","","","","","","","","","","","","","0.05","","BD_ICV_2023"
"2023","Junio","2023-06-20","NARIÑO","PASTO","LOS CRISTALES","","","","","","","","","","","","","","","","","","","","","","","","","","","","0.3","","BD_ICV_2023"
"2023","Julio","2023-07-24","NARIÑO","PASTO","","","","","","","","","","","","","","","","","","","","","","","","","","","","","5","","BD_ICV_2023"
"2023","Julio","2023-07-31","NARIÑO","PASTO","","","","","","","","","","","","","","","","","","","","","","","","","","","","","1","","BD_ICV_2023"
"2023","Julio","2023-07-31","NARIÑO","PASTO","","","","","","","","","","","","","","","","","","","","","","","","","","","","","1","","BD_ICV_2023"
"2023","Agosto","2023-08-01","NARIÑO","PASTO","","","","","","","","","","","","","","","","","","","","","","","","","","","","","2","","BD_ICV_2023"
"2023","Agosto","2023-08-05","NARIÑO","PASTO","","","","","","","","","","","","","","","","","","","","","","","","","","","","","3","","BD_ICV_2023"
"2023","Agosto","2023-08-08","NARIÑO","PASTO","","","","","","","","","","","","","","","","","","","","","","","","","","","","","1","","BD_ICV_2023"
"2023","Septiembre","2023-08-17","NARIÑO","PASTO","","","","","","","","","","","","","","","","","","","","","","","","","","","","","2","","BD_ICV_2023"
"2023","Septiembre","2023-09-07","NARIÑO","PASTO","","","","","","","","","","","","","","","","","","","","","","","","","","","","","8","","BD_ICV_2023"
"2023","Septiembre","2023-09-12","NARIÑO","PASTO","","","","","","","","","","","","","","","","","","","","","","","","","","","","","70","","BD_ICV_2023"
"2023","Septiembre","2023-09-12","NARIÑO","PASTO","","","","","","","","","","","","","","","","","","","","","","","","","","","","","4","","BD_ICV_2023"
"2023","Septiembre","2023-09-12","NARIÑO","PASTO","","","","","","","","","","","","","","","","","","","","","","","","","","","","","1","","BD_ICV_2023"
"2023","Septiembre","2023-09-13","NARIÑO","PASTO","","","","","","","","","","","","","","","","","","","","","","","","","","","","","1","","BD_ICV_2023"
"2023","Septiembre","2023-09-19","NARIÑO","PASTO","","","","","","","","","","","","","","","","","","","","","","","","","","","","","1","","BD_ICV_2023"
"2023","Septiembre","2023-09-21","NARIÑO","PASTO","","","","","","","","","","","","","","","","","","","","","","","","","","","","","3","","BD_ICV_2023"
"2023","Septiembre","2023-09-21","NARIÑO","PASTO","","","","","","","","","","","","","","","","","","","","","","","","","","","","","2","","BD_ICV_2023"
"2023","Septiembre","2023-09-21","NARIÑO","PASTO","","","","","","","","","","","","","","","","","","","","","","","","","","","","","1","","BD_ICV_2023"
"2023","Septiembre","2023-09-23","NARIÑO","PASTO","","","","","","","","","","","","","","","","","","","","","","","","","","","","","0.5","","BD_ICV_2023"
"2023","Septiembre","2023-09-24","NARIÑO","PASTO","","","","","","","","","","","","","","","","","","","","","","","","","","","","","130","","BD_ICV_2023"
"2023","Septiembre","2023-09-27","NARIÑO","PASTO","","","","","","","","","","","","","","","","","","","","","","","","","","","","","5","","BD_ICV_2023"
"2023","Septiembre","2023-09-28","NARIÑO","PASTO","","","","","","","","","","","","","","","","","","","","","","","","","","","","","1","","BD_ICV_2023"
"2023","Septiembre","2023-09-30","NARIÑO","PASTO","","","","","","","","","","","","","","","","","","","","","","","","","","","","","1","","BD_ICV_2023"
"2023","Octubre","2023-10-02","NARIÑO","PASTO","","","","","","","","","","","","","","","","","","","","","","","","","","","","","2","","BD_ICV_2023"
"2023","Octubre","2023-10-03","NARIÑO","PASTO","","","","","","","","","","","","","","","","","","","","","","","","","","","","","1","","BD_ICV_2023"
"2023","Octubre","2023-10-04","NARIÑO","PASTO","","","","","","","","","","","","","","","","","","","","","","","","","","","","","1","","BD_ICV_2023"
"2023","Octubre","2023-10-07","NARIÑO","PASTO","","","","","","","","","","","","","","","","","","","","","","","","","","","","","2","","BD_ICV_2023"
"2023","Octubre","2023-10-18","NARIÑO","PASTO","","","","","","","","","","","","","","","","","","","","","","","","","","","","","1","","BD_ICV_2023"
"2023","Agosto","2023-08-05","NARIÑO","POLICARPA","","","","","","","","","","","","","","","","","","","","","","","","","","","","","3","","BD_ICV_2023"
"2023","Julio","2023-07-02","NARIÑO","POTOSÍ","","","","","","","","","","","","","","","","","","","","","","","","","","","","","1","","BD_ICV_2023"
"2023","Octubre","2023-10-13","NARIÑO","POTOSÍ","","","","","","","","","","","","","","","","","","","","","","","","","","","","","1.5","","BD_ICV_2023"
"2023","Octubre","2023-10-23","NARIÑO","POTOSÍ","","","","","","","","","","","","","","","","","","","","","","","","","","","","","3","","BD_ICV_2023"
"2023","Septiembre","2023-09-21","NARIÑO","PROVIDENCIA","","","","","","","","","","","","","","","","","","","","","","","","","","","","","2","","BD_ICV_2023"
"2023","Septiembre","2023-09-28","NARIÑO","PUERRES","","","","","","","","","","","","","","","","","","","","","","","","","","","","","1","","BD_ICV_2023"
"2023","Junio","2023-06-28","NARIÑO","SAMANIEGO","","","","","","","","","","","","","","","","","","","","","","","","","","","","","2","","BD_ICV_2023"
"2023","Agosto","2023-08-06","NARIÑO","SAMANIEGO","","","","","","","","","","","","","","","","","","","","","","","","","","","","","1","","BD_ICV_2023"
"2023","Septiembre","2023-09-12","NARIÑO","SAMANIEGO","","","","","","","","","","","","","","","","","","","","","","","","","","","","","6","","BD_ICV_2023"
"2023","Septiembre","2023-09-20","NARIÑO","SAMANIEGO","","","","","","","","","","","","","","","","","","","","","","","","","","","","","22","","BD_ICV_2023"
"2023","Septiembre","2023-09-23","NARIÑO","SAMANIEGO","","","","","","","","","","","","","","","","","","","","","","","","","","","","","0.5","","BD_ICV_2023"
"2023","Agosto","2023-08-01","NARIÑO","SAN LORENZO","","","","","","","","","","","","","","","","","","","","","","","","","","","","","35","","BD_ICV_2023"
"2023","Septiembre","2023-09-01","NARIÑO","SAN PABLO","","","","","","","","","","","","","","","","","","","","","","","","","","","","","1","","BD_ICV_2023"
"2023","Septiembre","2023-09-09","NARIÑO","SAN PABLO","","","","","","","","","","","","","","","","","","","","","","","","","","","","","4","","BD_ICV_2023"
"2023","Septiembre","2023-09-19","NARIÑO","SAN PABLO","","","","","","","","","","","","","","","","","","","","","","","","","","","","","6","","BD_ICV_2023"
"2023","Julio","2023-07-24","NARIÑO","SAN PEDRO DE CARTAGO","","","","","","","","","","","","","","","","","","","","","","","","","","","","","10","","BD_ICV_2023"
"2023","Octubre","2023-10-18","NARIÑO","SAN PEDRO DE CARTAGO","","","","","","","","","","","","","","","","","","","","","","","","","","","","","2","","BD_ICV_2023"
"2023","Septiembre","2023-09-16","NARIÑO","SANDONÁ","","","","","","","","","","","","","","","","","","","","","","","","","","","","","3","","BD_ICV_2023"
"2023","Octubre","2023-10-02","NARIÑO","SANDONÁ","","","","","","","","","","","","","","","","","","","","","","","","","","","","","1","","BD_ICV_2023"
"2023","Octubre","2023-10-23","NARIÑO","SANDONÁ","","","","","","","","","","","","","","","","","","","","","","","","","","","","","80","","BD_ICV_2023"
"2023","Agosto","2023-08-02","NARIÑO","SANTACRUZ","","","","","","","","","","","","","","","","","","","","","","","","","","","","","650","","BD_ICV_2023"
"2023","Agosto","2023-08-07","NARIÑO","SANTACRUZ","","","","","","","","","","","","","","","","","","","","","","","","","","","","","5","","BD_ICV_2023"
"2023","Septiembre","2023-09-10","NARIÑO","SANTACRUZ","","","","","","","","","","","","","","","","","","","","","","","","","","","","","60","","BD_ICV_2023"
"2023","Septiembre","2023-09-16","NARIÑO","SANTACRUZ","","","","","","","","","","","","","","","","","","","","","","","","","","","","","15","","BD_ICV_2023"
"2023","Julio","2023-07-01","NARIÑO","SAPUYES","","","","","","","","","","","","","","","","","","","","","","","","","","","","","1","","BD_ICV_2023"
"2023","Septiembre","2023-09-19","NARIÑO","SAPUYES","","","","","","","","","","","","","","","","","","","","","","","","","","","","","2","","BD_ICV_2023"
"2023","Octubre","2023-10-04","NARIÑO","SAPUYES","","","","","","","","","","","","","","","","","","","","","","","","","","","","","1","","BD_ICV_2023"
"2023","Febrero","2023-02-03","NARIÑO","TAMINANGO","","","","","","","","","","","","","","","","","","","","","","","","","","","","","3","","BD_ICV_2023"
"2023","Febrero","2023-02-04","NARIÑO","TAMINANGO","","","","","","","","","","","","","","","","","","","","","","","","","","","","","2","","BD_ICV_2023"
"2023","Marzo","2023-03-01","NARIÑO","TAMINANGO","","","","","","","","","","","","","","","","","","","","","","","","","","","","","1","","BD_ICV_2023"
"2023","Junio","2023-06-17","NARIÑO","TAMINANGO","Sector Taminanguito","","","","","","","","","","","","","","","","","","","","","","","","","","","","0.5","","BD_ICV_2023"
"2023","Julio","2023-07-04","NARIÑO","TAMINANGO","","","","","","","","","","","","","","","","","","","","","","","","","","","","","1","","BD_ICV_2023"
"2023","Julio","2023-07-22","NARIÑO","TAMINANGO","","","","","","","","","","","","","","","","","","","","","","","","","","","","","10","","BD_ICV_2023"
"2023","Agosto","2023-08-01","NARIÑO","TAMINANGO","","","","","","","","","","","","","","","","","","","","","","","","","","","","","5","","BD_ICV_2023"
"2023","Agosto","2023-08-02","NARIÑO","TAMINANGO","","","","","","","","","","","","","","","","","","","","","","","","","","","","","7","","BD_ICV_2023"
"2023","Agosto","2023-08-08","NARIÑO","TAMINANGO","","","","","","","","","","","","","","","","","","","","","","","","","","","","","8","","BD_ICV_2023"
"2023","Agosto","2023-08-30","NARIÑO","TAMINANGO","","","","","","","","","","","","","","","","","","","","","","","","","","","","","2","","BD_ICV_2023"
"2023","Septiembre","2023-09-01","NARIÑO","TAMINANGO","","","","","","","","","","","","","","","","","","","","","","","","","","","","","5","","BD_ICV_2023"
"2023","Junio","2023-06-21","NARIÑO","TANGUA","","","","","","","","","","","","","","","","","","","","","","","","","","","","","3","","BD_ICV_2023"
"2023","Junio","2023-06-21","NARIÑO","TANGUA","BUENA ESPERANZA","","","","","","","","","","","","","","","","","","","","","","","","","","","","14","","BD_ICV_2023"
"2023","Junio","2023-06-23","NARIÑO","TANGUA","","","","","","","","","","","","","","","","","","","","","","","","","","","","","30","","BD_ICV_2023"
"2023","Agosto","2023-08-02","NARIÑO","TANGUA","","","","","","","","","","","","","","","","","","","","","","","","","","","","","4","","BD_ICV_2023"
"2023","Agosto","2023-08-16","NARIÑO","TANGUA","","","","","","","","","","","","","","","","","","","","","","","","","","","","","4","","BD_ICV_2023"
"2023","Agosto","2023-08-16","NARIÑO","TANGUA","","","","","","","","","","","","","","","","","","","","","","","","","","","","","2","","BD_ICV_2023"
"2023","Septiembre","2023-09-01","NARIÑO","TANGUA","","","","","","","","","","","","","","","","","","","","","","","","","","","","","2","","BD_ICV_2023"
"2023","Septiembre","2023-09-21","NARIÑO","TANGUA","","","","","","","","","","","","","","","","","","","","","","","","","","","","","7","","BD_ICV_2023"
"2023","Septiembre","2023-09-23","NARIÑO","TANGUA","","","","","","","","","","","","","","","","","","","","","","","","","","","","","0.5","","BD_ICV_2023"
"2023","Octubre","2023-10-12","NARIÑO","TANGUA","","","","","","","","","","","","","","","","","","","","","","","","","","","","","1","","BD_ICV_2023"
"2023","Julio","2023-07-18","NARIÑO","TÚQUERRES","","","","","","","","","","","","","","","","","","","","","","","","","","","","","3","","BD_ICV_2023"
"2023","Septiembre","2023-09-14","NARIÑO","TÚQUERRES","","","","","","","","","","","","","","","","","","","","","","","","","","","","","0.5","","BD_ICV_2023"
"2023","Agosto","2023-08-12","NARIÑO","YACUANQUER","","","","","","","","","","","","","","","","","","","","","","","","","","","","","2","","BD_ICV_2023"
"2023","Agosto","2023-08-30","NARIÑO","YACUANQUER","","","","","","","","","","","","","","","","","","","","","","","","","","","","","4","","BD_ICV_2023"
"2023","Septiembre","2023-09-20","NARIÑO","YACUANQUER","","","","","","","","","","","","","","","","","","","","","","","","","","","","","5","","BD_ICV_2023"
"2023","Septiembre","2023-09-21","NARIÑO","YACUANQUER","","","","","","","","","","","","","","","","","","","","","","","","","","","","","1","","BD_ICV_2023"
"2023","Febrero","2023-02-19","NORTE DE SANTANDER","ÁBREGO","","","","","","","","","","","","","","","","","","","","","","","","","","","","","0.5","","BD_ICV_2023"
"2023","Abril","2023-04-03","NORTE DE SANTANDER","ÁBREGO","","","","","","","","","","","","","","","","","","","","","","","","","","","","","3","","BD_ICV_2023"
"2023","Abril","2023-04-03","NORTE DE SANTANDER","ÁBREGO","","","","","","","","","","","","","","","","","","","","","","","","","","","","","0.5","","BD_ICV_2023"
"2023","Mayo","2023-05-09","NORTE DE SANTANDER","BUCARASICA","","","","","","","","","","","","","","","","","","","","","","","","","","","","","63","","BD_ICV_2023"
"2023","Febrero","2023-02-25","NORTE DE SANTANDER","CÁCHIRA","","","","","","","","","","","","","","","","","","","","","","","","","","","","","3","","BD_ICV_2023"
"2023","Enero","2023-01-27","NORTE DE SANTANDER","CHITAGÁ","","","","","","","","","","","","","","","","","","","","","","","","","","","","","300","","BD_ICV_2023"
"2023","Febrero","2023-02-03","NORTE DE SANTANDER","CHITAGÁ","","","","","","","","","","","","","","","","","","","","","","","","","","","","","0.5","","BD_ICV_2023"
"2023","Febrero","2023-02-08","NORTE DE SANTANDER","CHITAGÁ","","","","","","","","","","","","","","","","","","","","","","","","","","","","","0.5","","BD_ICV_2023"
"2023","Marzo","2023-03-21","NORTE DE SANTANDER","CHITAGÁ","","","","","","","","","","","","","","","","","","","","","","","","","","","","","200","","BD_ICV_2023"
"2023","Abril","2023-04-06","NORTE DE SANTANDER","CONVENCIÓN","","","","","","","","","","","","","","","","","","","","","","","","","","","","","5","","BD_ICV_2023"
"2023","Julio","2023-07-19","NORTE DE SANTANDER","CÚCUTA","","","","","","","","","","","","","","","","","","","","","","","","","","","","","40","","BD_ICV_2023"
"2023","Septiembre","2023-09-09","NORTE DE SANTANDER","CÚCUTA","","","","","","","","","","","","","","","","","","","","","","","","","","","","","2","","BD_ICV_2023"
"2023","Mayo","2023-05-05","NORTE DE SANTANDER","CUCUTILLA","","","","","","","","","","","","","","","","","","","","","","","","","","","","","500","","BD_ICV_2023"
"2023","Septiembre","2023-09-17","NORTE DE SANTANDER","CUCUTILLA","","","","","","","","","","","","","","","","","","","","","","","","","","","","","2","","BD_ICV_2023"
"2023","Mayo","2023-05-07","NORTE DE SANTANDER","EL ZULIA","","","","","","","","","","","","","","","","","","","","","","","","","","","","","335","","BD_ICV_2023"
"2023","Agosto","2023-08-15","NORTE DE SANTANDER","EL ZULIA","","","","","","","","","","","","","","","","","","","","","","","","","","","","","40","","BD_ICV_2023"
"2023","Agosto","2023-08-12","NORTE DE SANTANDER","GRAMALOTE","","","","","","","","","","","","","","","","","","","","","","","","","","","","","0.5","","BD_ICV_2023"
"2023","Agosto","2023-08-16","NORTE DE SANTANDER","GRAMALOTE","","","","","","","","","","","","","","","","","","","","","","","","","","","","","1","","BD_ICV_2023"
"2023","Agosto","2023-08-31","NORTE DE SANTANDER","GRAMALOTE","","","","","","","","","","","","","","","","","","","","","","","","","","","","","4","","BD_ICV_2023"
"2023","Febrero","2023-02-02","NORTE DE SANTANDER","OCAÑA","","","","","","","","","","","","","","","","","","","","","","","","","","","","","1","","BD_ICV_2023"
"2023","Febrero","2023-02-15","NORTE DE SANTANDER","OCAÑA","","","","","","","","","","","","","","","","","","","","","","","","","","","","","0.5","","BD_ICV_2023"
"2023","Febrero","2023-02-19","NORTE DE SANTANDER","OCAÑA","","","","","","","","","","","","","","","","","","","","","","","","","","","","","1","","BD_ICV_2023"
"2023","Marzo","2023-03-20","NORTE DE SANTANDER","OCAÑA","","","","","","","","","","","","","","","","","","","","","","","","","","","","","50","","BD_ICV_2023"
"2023","Mayo","2023-05-08","NORTE DE SANTANDER","OCAÑA","","","","","","","","","","","","","","","","","","","","","","","","","","","","","2","","BD_ICV_2023"
"2023","Agosto","2023-08-02","NORTE DE SANTANDER","OCAÑA","","","","","","","","","","","","","","","","","","","","","","","","","","","","","20","","BD_ICV_2023"
"2023","Febrero","2023-02-03","NORTE DE SANTANDER","PAMPLONA","","","","","","","","","","","","","","","","","","","","","","","","","","","","","0.5","","BD_ICV_2023"
"2023","Febrero","2023-02-04","NORTE DE SANTANDER","PAMPLONA","","","","","","","","","","","","","","","","","","","","","","","","","","","","","0.5","","BD_ICV_2023"
"2023","Febrero","2023-02-05","NORTE DE SANTANDER","PAMPLONA","","","","","","","","","","","","","","","","","","","","","","","","","","","","","2","","BD_ICV_2023"
"2023","Febrero","2023-02-07","NORTE DE SANTANDER","PAMPLONA","","","","","","","","","","","","","","","","","","","","","","","","","","","","","0.5","","BD_ICV_2023"
"2023","Septiembre","2023-09-11","NORTE DE SANTANDER","PAMPLONITA","","","","","","","","","","","","","","","","","","","","","","","","","","","","","20","","BD_ICV_2023"
"2023","Marzo","2023-03-04","NORTE DE SANTANDER","PUERTO SANTANDER","","","","","","","","","","","","","","","","","","","","","","","","","","","","","1.2","","BD_ICV_2023"
"2023","Agosto","2023-08-09","NORTE DE SANTANDER","SALAZAR","","","","","","","","","","","","","","","","","","","","","","","","","","","","","0.5","","BD_ICV_2023"
"2023","Septiembre","2023-09-24","NORTE DE SANTANDER","SAN CAYETANO","","","","","","","","","","","","","","","","","","","","","","","","","","","","","15","","BD_ICV_2023"
"2023","Marzo","2023-03-05","NORTE DE SANTANDER","TIBÚ","","","","","","","","","","","","","","","","","","","","","","","","","","","","","2","","BD_ICV_2023"
"2023","Marzo","2023-03-17","NORTE DE SANTANDER","TOLEDO","","","","","","","","","","","","","","","","","","","","","","","","","","","","","5","","BD_ICV_2023"
"2023","Mayo","2023-05-08","NORTE DE SANTANDER","VILLA DEL ROSARIO","","","","","","","","","","","","","","","","","","","","","","","","","","","","","1","","BD_ICV_2023"
"2023","Abril","2023-04-10","PUTUMAYO","COLÓN","","Buena Vista","","","","","","","","","","","","","","","","","","","","","","","","","","","2","","BD_ICV_2023"
"2023","Febrero","2023-02-27","PUTUMAYO","PUERTO CAICEDO","","","","","","","","","","","","","","","","","","","","","","","","","","","","","2","","BD_ICV_2023"
"2023","Enero","2023-01-04","PUTUMAYO","PUERTO LEGUÍZAMO","","","","","","","","","","","","","","","","","","","","","","","","","","","","","3","","BD_ICV_2023"
"2023","Enero","2023-01-06","PUTUMAYO","PUERTO LEGUÍZAMO","","","","","","","","","","","","","","","","","","","","","","","","","","","","","15","","BD_ICV_2023"
"2023","Febrero","2023-02-02","PUTUMAYO","PUERTO LEGUÍZAMO","","","","","","","","","","","","","","","","","","","","","","","","","","","","","50","","BD_ICV_2023"
"2023","Febrero","2023-02-02","PUTUMAYO","PUERTO LEGUÍZAMO","","","","","","","","","","","","","","","","","","","","","","","","","","","","","0.5","","BD_ICV_2023"
"2023","Febrero","2023-02-02","PUTUMAYO","PUERTO LEGUÍZAMO","","","","","","","","","","","","","","","","","","","","","","","","","","","","","0.5","","BD_ICV_2023"
"2023","Febrero","2023-02-03","PUTUMAYO","PUERTO LEGUÍZAMO","","","","","","","","","","","","","","","","","","","","","","","","","","","","","1","","BD_ICV_2023"
"2023","Febrero","2023-02-03","PUTUMAYO","PUERTO LEGUÍZAMO","","","","","","","","","","","","","","","","","","","","","","","","","","","","","0.5","","BD_ICV_2023"
"2023","Febrero","2023-02-22","PUTUMAYO","PUERTO LEGUÍZAMO","","","","","","","","","","","","","","","","","","","","","","","","","","","","","8","","BD_ICV_2023"
"2023","Febrero","2023-02-03","PUTUMAYO","VILLAGARZÓN","","","","","","","","","","","","","","","","","","","","","","","","","","","","","2","","BD_ICV_2023"
"2023","Agosto","2023-08-02","QUINDÍO","CALARCÁ","Alto del Rio","","","","","","","","","","","","","","","","","","","","","","","","","","","","0.04","","BD_ICV_2023"
"2023","Agosto","2023-08-08","QUINDÍO","CALARCÁ","El condor","","","","","","","","","","","","","","","","","","","","","","","","","","","","0.06","","BD_ICV_2023"
"2023","Septiembre","2023-09-01","QUINDÍO","CALARCÁ","","","","","","","","","","","","","","","","","","","","","","","","","","","","","1","","BD_ICV_2023"
"2023","Agosto","2023-08-02","QUINDÍO","CIRCASIA","Membrillal","","","","","","","","","","","","","","","","","","","","","","","","","","","","0.12","","BD_ICV_2023"
"2023","Agosto","2023-08-08","QUINDÍO","CIRCASIA","","","","","","","","","","","","","","","","","","","","","","","","","","","","","10","","BD_ICV_2023"
"2023","Junio","2023-06-12","QUINDÍO","CÓRDOBA","La Española","","","","","","","","","","","","","","","","","","","","","","","","","","","","7.0000000000000007E-2","","BD_ICV_2023"
"2023","Julio","2023-07-01","QUINDÍO","CÓRDOBA","Jardín Bajo","","","","","","","","","","","","","","","","","","","","","","","","","","","","0.47","","BD_ICV_2023"
"2023","Agosto","2023-08-04","QUINDÍO","CÓRDOBA","Guayabal","","","","","","","","","","","","","","","","","","","","","","","","","","","","0.21","","BD_ICV_2023"
"2023","Julio","2023-07-29","QUINDÍO","GÉNOVA","La topacia","","","","","","","","","","","","","","","","","","","","","","","","","","","","3.95","","BD_ICV_2023"
"2023","Agosto","2023-08-02","QUINDÍO","GÉNOVA","La Esmeralda","","","","","","","","","","","","","","","","","","","","","","","","","","","","2.17","","BD_ICV_2023"
"2023","Agosto","2023-08-05","QUINDÍO","GÉNOVA","Cedral Alto","","","","","","","","","","","","","","","","","","","","","","","","","","","","11.07","","BD_ICV_2023"
"2023","Marzo","2023-03-02","QUINDÍO","MONTENEGRO","","","","","","","","","","","","","","","","","","","","","","","","","","","","","0.5","","BD_ICV_2023"
"2023","Julio","2023-07-26","QUINDÍO","MONTENEGRO, LA TEBAIDA","San Jose","","","","","","","","","","","","","","","","","","","","","","","","","","","","0.78","","BD_ICV_2023"
"2023","Junio","2023-06-08","RISARALDA","BALBOA","","","","","","","","","","","","","","","","","","","","","","","","","","","","","1","","BD_ICV_2023"
"2023","Agosto","2023-08-31","RISARALDA","BALBOA","","","","","","","","","","","","","","","","","","","","","","","","","","","","","4","","BD_ICV_2023"
"2023","Julio","2023-07-24","RISARALDA","BELÉN DE UMBRÍA","","","","","","","","","","","","","","","","","","","","","","","","","","","","","2","","BD_ICV_2023"
"2023","Febrero","2023-02-08","RISARALDA","DOSQUEBRADAS","","","","","","","","","","","","","","","","","","","","","","","","","","","","","0.5","","BD_ICV_2023"
"2023","Febrero","2023-02-08","RISARALDA","DOSQUEBRADAS","","","","","","","","","","","","","","","","","","","","","","","","","","","","","0.5","","BD_ICV_2023"
"2023","Diciembre","2023-12-30","RISARALDA","DOSQUEBRADAS","","","","","","","","","","","","","","","","","","","","","","","","","","","","","1","","BD_ICV_2023"
"2023","Septiembre","2023-09-24","RISARALDA","GUÁTICA","","","","","","","","","","","","","","","","","","","","","","","","","","","","","2","","BD_ICV_2023"
"2023","Agosto","2023-08-30","RISARALDA","LA CELIA","","","","","","","","","","","","","","","","","","","","","","","","","","","","","1","","BD_ICV_2023"
"2023","Enero","2023-01-28","RISARALDA","LA VIRGINIA","","","","","","","","","","","","","","","","","","","","","","","","","","","","","2","","BD_ICV_2023"
"2023","Mayo","2023-05-04","RISARALDA","MISTRATÓ","","","","","","","","","","","","","","","","","","","","","","","","","","","","","1.6","","BD_ICV_2023"
"2023","Mayo","2023-05-26","RISARALDA","MISTRATÓ","","","","","","","","","","","","","","","","","","","","","","","","","","","","","1.6","","BD_ICV_2023"
"2023","Octubre","2023-10-14","RISARALDA","MISTRATÓ","","","","","","","","","","","","","","","","","","","","","","","","","","","","","1","","BD_ICV_2023"
"2023","Febrero","2023-02-09","RISARALDA","PEREIRA","","","","","","","","","","","","","","","","","","","","","","","","","","","","","0.5","","BD_ICV_2023"
"2023","Junio","2023-06-29","RISARALDA","PEREIRA","","","","","","","","","","","","","","","","","","","","","","","","","","","","","1","","BD_ICV_2023"
"2023","Diciembre","2023-12-21","RISARALDA","PEREIRA","","","","","","","","","","","","","","","","","","","","","","","","","","","","","2","","BD_ICV_2023"
"2023","Septiembre","2023-09-25","RISARALDA","QUINCHÍA","","","","","","","","","","","","","","","","","","","","","","","","","","","","","1","","BD_ICV_2023"
"2023","Febrero","2023-02-09","RISARALDA","SANTUARIO","","","","","","","","","","","","","","","","","","","","","","","","","","","","","5","","BD_ICV_2023"
"2023","Febrero","2023-02-03","SANTANDER","ARATOCA","","","","","","","","","","","","","","","","","","","","","","","","","","","","","0.5","","BD_ICV_2023"
"2023","Enero","2023-01-26","SANTANDER","BARICHARA","","","","","","","","","","","","","","","","","","","","","","","","","","","","","0.5","","BD_ICV_2023"
"2023","Marzo","2023-03-02","SANTANDER","BARICHARA","","","","","","","","","","","","","","","","","","","","","","","","","","","","","1","","BD_ICV_2023"
"2023","Febrero","2023-02-19","SANTANDER","BARRANCABERMEJA","","","","","","","","","","","","","","","","","","","","","","","","","","","","","3","","BD_ICV_2023"
"2023","Febrero","2023-02-21","SANTANDER","BARRANCABERMEJA","","","","","","","","","","","","","","","","","","","","","","","","","","","","","6","","BD_ICV_2023"
"2023","Febrero","2023-02-24","SANTANDER","BARRANCABERMEJA","","","","","","","","","","","","","","","","","","","","","","","","","","","","","35","","BD_ICV_2023"
"2023","Febrero","2023-02-25","SANTANDER","BETULIA","","","","","","","","","","","","","","","","","","","","","","","","","","","","","3","","BD_ICV_2023"
"2023","Febrero","2023-02-01","SANTANDER","BUCARAMANGA","","","","","","","","","","","","","","","","","","","","","","","","","","","","","0.5","","BD_ICV_2023"
"2023","Febrero","2023-02-01","SANTANDER","BUCARAMANGA","","","","","","","","","","","","","","","","","","","","","","","","","","","","","0.5","","BD_ICV_2023"
"2023","Febrero","2023-02-01","SANTANDER","BUCARAMANGA","","","","","","","","","","","","","","","","","","","","","","","","","","","","","0.5","","BD_ICV_2023"
"2023","Febrero","2023-02-01","SANTANDER","BUCARAMANGA","","","","","","","","","","","","","","","","","","","","","","","","","","","","","0.5","","BD_ICV_2023"
"2023","Febrero","2023-02-01","SANTANDER","BUCARAMANGA","","","","","","","","","","","","","","","","","","","","","","","","","","","","","0.5","","BD_ICV_2023"
"2023","Febrero","2023-02-01","SANTANDER","BUCARAMANGA","","","","","","","","","","","","","","","","","","","","","","","","","","","","","0.5","","BD_ICV_2023"
"2023","Febrero","2023-02-02","SANTANDER","BUCARAMANGA","","","","","","","","","","","","","","","","","","","","","","","","","","","","","0.5","","BD_ICV_2023"
"2023","Febrero","2023-02-02","SANTANDER","BUCARAMANGA","","","","","","","","","","","","","","","","","","","","","","","","","","","","","0.5","","BD_ICV_2023"
"2023","Febrero","2023-02-02","SANTANDER","BUCARAMANGA","","","","","","","","","","","","","","","","","","","","","","","","","","","","","0.5","","BD_ICV_2023"
"2023","Febrero","2023-02-02","SANTANDER","BUCARAMANGA","","","","","","","","","","","","","","","","","","","","","","","","","","","","","0.5","","BD_ICV_2023"
"2023","Febrero","2023-02-02","SANTANDER","BUCARAMANGA","","","","","","","","","","","","","","","","","","","","","","","","","","","","","0.5","","BD_ICV_2023"
"2023","Febrero","2023-02-02","SANTANDER","BUCARAMANGA","","","","","","","","","","","","","","","","","","","","","","","","","","","","","0.5","","BD_ICV_2023"
"2023","Febrero","2023-02-03","SANTANDER","BUCARAMANGA","","","","","","","","","","","","","","","","","","","","","","","","","","","","","0.5","","BD_ICV_2023"
"2023","Febrero","2023-02-04","SANTANDER","BUCARAMANGA","","","","","","","","","","","","","","","","","","","","","","","","","","","","","0.5","","BD_ICV_2023"
"2023","Febrero","2023-02-04","SANTANDER","BUCARAMANGA","","","","","","","","","","","","","","","","","","","","","","","","","","","","","0.5","","BD_ICV_2023"
"2023","Febrero","2023-02-04","SANTANDER","BUCARAMANGA","","","","","","","","","","","","","","","","","","","","","","","","","","","","","0.5","","BD_ICV_2023"
"2023","Febrero","2023-02-04","SANTANDER","BUCARAMANGA","","","","","","","","","","","","","","","","","","","","","","","","","","","","","0.5","","BD_ICV_2023"
"2023","Febrero","2023-02-05","SANTANDER","BUCARAMANGA","","","","","","","","","","","","","","","","","","","","","","","","","","","","","0.5","","BD_ICV_2023"
"2023","Febrero","2023-02-05","SANTANDER","BUCARAMANGA","","","","","","","","","","","","","","","","","","","","","","","","","","","","","0.5","","BD_ICV_2023"
"2023","Febrero","2023-02-05","SANTANDER","BUCARAMANGA","","","","","","","","","","","","","","","","","","","","","","","","","","","","","0.5","","BD_ICV_2023"
"2023","Febrero","2023-02-05","SANTANDER","BUCARAMANGA","","","","","","","","","","","","","","","","","","","","","","","","","","","","","0.5","","BD_ICV_2023"
"2023","Febrero","2023-02-05","SANTANDER","BUCARAMANGA","","","","","","","","","","","","","","","","","","","","","","","","","","","","","0.5","","BD_ICV_2023"
"2023","Febrero","2023-02-05","SANTANDER","BUCARAMANGA","","","","","","","","","","","","","","","","","","","","","","","","","","","","","0.5","","BD_ICV_2023"
"2023","Febrero","2023-02-06","SANTANDER","BUCARAMANGA","","","","","","","","","","","","","","","","","","","","","","","","","","","","","0.5","","BD_ICV_2023"
"2023","Febrero","2023-02-06","SANTANDER","BUCARAMANGA","","","","","","","","","","","","","","","","","","","","","","","","","","","","","0.5","","BD_ICV_2023"
"2023","Febrero","2023-02-06","SANTANDER","BUCARAMANGA","","","","","","","","","","","","","","","","","","","","","","","","","","","","","0.5","","BD_ICV_2023"
"2023","Febrero","2023-02-06","SANTANDER","BUCARAMANGA","","","","","","","","","","","","","","","","","","","","","","","","","","","","","0.5","","BD_ICV_2023"
"2023","Febrero","2023-02-06","SANTANDER","BUCARAMANGA","","","","","","","","","","","","","","","","","","","","","","","","","","","","","0.5","","BD_ICV_2023"
"2023","Febrero","2023-02-07","SANTANDER","BUCARAMANGA","","","","","","","","","","","","","","","","","","","","","","","","","","","","","0.5","","BD_ICV_2023"
"2023","Febrero","2023-02-07","SANTANDER","BUCARAMANGA","","","","","","","","","","","","","","","","","","","","","","","","","","","","","0.5","","BD_ICV_2023"
"2023","Febrero","2023-02-08","SANTANDER","BUCARAMANGA","","","","","","","","","","","","","","","","","","","","","","","","","","","","","0.5","","BD_ICV_2023"
"2023","Febrero","2023-02-08","SANTANDER","BUCARAMANGA","","","","","","","","","","","","","","","","","","","","","","","","","","","","","0.5","","BD_ICV_2023"
"2023","Febrero","2023-02-08","SANTANDER","BUCARAMANGA","","","","","","","","","","","","","","","","","","","","","","","","","","","","","0.5","","BD_ICV_2023"
"2023","Febrero","2023-02-08","SANTANDER","BUCARAMANGA","","","","","","","","","","","","","","","","","","","","","","","","","","","","","0.5","","BD_ICV_2023"
"2023","Febrero","2023-02-08","SANTANDER","BUCARAMANGA","","","","","","","","","","","","","","","","","","","","","","","","","","","","","0.5","","BD_ICV_2023"
"2023","Febrero","2023-02-08","SANTANDER","BUCARAMANGA","","","","","","","","","","","","","","","","","","","","","","","","","","","","","0.5","","BD_ICV_2023"
"2023","Febrero","2023-02-09","SANTANDER","BUCARAMANGA","","","","","","","","","","","","","","","","","","","","","","","","","","","","","0.5","","BD_ICV_2023"
"2023","Febrero","2023-02-10","SANTANDER","BUCARAMANGA","","","","","","","","","","","","","","","","","","","","","","","","","","","","","0.5","","BD_ICV_2023"
"2023","Febrero","2023-02-10","SANTANDER","BUCARAMANGA","","","","","","","","","","","","","","","","","","","","","","","","","","","","","0.5","","BD_ICV_2023"
"2023","Febrero","2023-02-10","SANTANDER","BUCARAMANGA","","","","","","","","","","","","","","","","","","","","","","","","","","","","","0.5","","BD_ICV_2023"
"2023","Febrero","2023-02-10","SANTANDER","BUCARAMANGA","","","","","","","","","","","","","","","","","","","","","","","","","","","","","0.5","","BD_ICV_2023"
"2023","Febrero","2023-02-10","SANTANDER","BUCARAMANGA","","","","","","","","","","","","","","","","","","","","","","","","","","","","","0.5","","BD_ICV_2023"
"2023","Febrero","2023-02-10","SANTANDER","BUCARAMANGA","","","","","","","","","","","","","","","","","","","","","","","","","","","","","0.5","","BD_ICV_2023"
"2023","Febrero","2023-02-10","SANTANDER","BUCARAMANGA","","","","","","","","","","","","","","","","","","","","","","","","","","","","","0.5","","BD_ICV_2023"
"2023","Febrero","2023-02-10","SANTANDER","BUCARAMANGA","","","","","","","","","","","","","","","","","","","","","","","","","","","","","0.5","","BD_ICV_2023"
"2023","Febrero","2023-02-11","SANTANDER","BUCARAMANGA","","","","","","","","","","","","","","","","","","","","","","","","","","","","","0.5","","BD_ICV_2023"
"2023","Febrero","2023-02-11","SANTANDER","BUCARAMANGA","","","","","","","","","","","","","","","","","","","","","","","","","","","","","0.5","","BD_ICV_2023"
"2023","Febrero","2023-02-11","SANTANDER","BUCARAMANGA","","","","","","","","","","","","","","","","","","","","","","","","","","","","","0.5","","BD_ICV_2023"
"2023","Febrero","2023-02-11","SANTANDER","BUCARAMANGA","","","","","","","","","","","","","","","","","","","","","","","","","","","","","0.5","","BD_ICV_2023"
"2023","Febrero","2023-02-12","SANTANDER","BUCARAMANGA","","","","","","","","","","","","","","","","","","","","","","","","","","","","","0.5","","BD_ICV_2023"
"2023","Febrero","2023-02-12","SANTANDER","BUCARAMANGA","","","","","","","","","","","","","","","","","","","","","","","","","","","","","0.5","","BD_ICV_2023"
"2023","Febrero","2023-02-12","SANTANDER","BUCARAMANGA","","","","","","","","","","","","","","","","","","","","","","","","","","","","","0.5","","BD_ICV_2023"
"2023","Febrero","2023-02-14","SANTANDER","BUCARAMANGA","","","","","","","","","","","","","","","","","","","","","","","","","","","","","0.5","","BD_ICV_2023"
"2023","Febrero","2023-02-16","SANTANDER","BUCARAMANGA","","","","","","","","","","","","","","","","","","","","","","","","","","","","","0.5","","BD_ICV_2023"
"2023","Febrero","2023-02-16","SANTANDER","BUCARAMANGA","","","","","","","","","","","","","","","","","","","","","","","","","","","","","0.5","","BD_ICV_2023"
"2023","Febrero","2023-02-18","SANTANDER","BUCARAMANGA","","","","","","","","","","","","","","","","","","","","","","","","","","","","","0.5","","BD_ICV_2023"
"2023","Febrero","2023-02-20","SANTANDER","BUCARAMANGA","","","","","","","","","","","","","","","","","","","","","","","","","","","","","0.5","","BD_ICV_2023"
"2023","Febrero","2023-02-20","SANTANDER","BUCARAMANGA","","","","","","","","","","","","","","","","","","","","","","","","","","","","","0.5","","BD_ICV_2023"
"2023","Febrero","2023-02-21","SANTANDER","BUCARAMANGA","","","","","","","","","","","","","","","","","","","","","","","","","","","","","0.5","","BD_ICV_2023"
"2023","Febrero","2023-02-24","SANTANDER","BUCARAMANGA","","","","","","","","","","","","","","","","","","","","","","","","","","","","","0.5","","BD_ICV_2023"
"2023","Febrero","2023-02-24","SANTANDER","BUCARAMANGA","","","","","","","","","","","","","","","","","","","","","","","","","","","","","0.5","","BD_ICV_2023"
"2023","Febrero","2023-02-25","SANTANDER","BUCARAMANGA","","","","","","","","","","","","","","","","","","","","","","","","","","","","","0.5","","BD_ICV_2023"
"2023","Febrero","2023-02-25","SANTANDER","BUCARAMANGA","","","","","","","","","","","","","","","","","","","","","","","","","","","","","0.5","","BD_ICV_2023"
"2023","Febrero","2023-02-25","SANTANDER","BUCARAMANGA","","","","","","","","","","","","","","","","","","","","","","","","","","","","","0.5","","BD_ICV_2023"
"2023","Febrero","2023-02-25","SANTANDER","BUCARAMANGA","","","","","","","","","","","","","","","","","","","","","","","","","","","","","0.5","","BD_ICV_2023"
"2023","Febrero","2023-02-26","SANTANDER","BUCARAMANGA","","","","","","","","","","","","","","","","","","","","","","","","","","","","","0.5","","BD_ICV_2023"
"2023","Febrero","2023-02-26","SANTANDER","BUCARAMANGA","","","","","","","","","","","","","","","","","","","","","","","","","","","","","0.5","","BD_ICV_2023"
"2023","Febrero","2023-02-26","SANTANDER","BUCARAMANGA","","","","","","","","","","","","","","","","","","","","","","","","","","","","","0.5","","BD_ICV_2023"
"2023","Febrero","2023-02-27","SANTANDER","BUCARAMANGA","","","","","","","","","","","","","","","","","","","","","","","","","","","","","0.5","","BD_ICV_2023"
"2023","Febrero","2023-02-27","SANTANDER","BUCARAMANGA","","","","","","","","","","","","","","","","","","","","","","","","","","","","","0.5","","BD_ICV_2023"
"2023","Febrero","2023-02-28","SANTANDER","BUCARAMANGA","","","","","","","","","","","","","","","","","","","","","","","","","","","","","1","","BD_ICV_2023"
"2023","Febrero","2023-02-28","SANTANDER","BUCARAMANGA","","","","","","","","","","","","","","","","","","","","","","","","","","","","","0.5","","BD_ICV_2023"
"2023","Febrero","2023-02-28","SANTANDER","BUCARAMANGA","","","","","","","","","","","","","","","","","","","","","","","","","","","","","0.5","","BD_ICV_2023"
"2023","Febrero","2023-02-28","SANTANDER","BUCARAMANGA","","","","","","","","","","","","","","","","","","","","","","","","","","","","","0.5","","BD_ICV_2023"
"2023","Febrero","2023-02-28","SANTANDER","BUCARAMANGA","","","","","","","","","","","","","","","","","","","","","","","","","","","","","0.5","","BD_ICV_2023"
"2023","Febrero","2023-02-28","SANTANDER","BUCARAMANGA","","","","","","","","","","","","","","","","","","","","","","","","","","","","","0.5","","BD_ICV_2023"
"2023","Marzo","2023-03-05","SANTANDER","BUCARAMANGA","Angelinos","","","","","","","","","","","","","","","","","","","","","","","","","","","","0.25","","BD_ICV_2023"
"2023","Agosto","2023-08-01","SANTANDER","BUCARAMANGA","San Rafael","De Bucaramanga","","","","","","","","","","","","","","","","","","","","","","","","","","","2.16","","BD_ICV_2023"
"2023","Agosto","2023-08-15","SANTANDER","BUCARAMANGA","San Ignacio - ESSA Palos","","","","","","","","","","","","","","","","","","","","","","","","","","","","0.84","","BD_ICV_2023"
"2023","Agosto","2023-08-29","SANTANDER","BUCARAMANGA","Retiro Chiquito","De Bucaramanga","","","","","","","","","","","","","","","","","","","","","","","","","","","0.67","","BD_ICV_2023"
"2023","Septiembre","2023-09-01","SANTANDER","BUCARAMANGA","","","","","","","","","","","","","","","","","","","","","","","","","","","","","5","","BD_ICV_2023"
"2023","Septiembre","2023-09-06","SANTANDER","BUCARAMANGA","Capilla Baja","","","","","","","","","","","","","","","","","","","","","","","","","","","","0.95","","BD_ICV_2023"
"2023","Octubre","2023-10-12","SANTANDER","BUCARAMANGA","Estrella La Chocoa","De Bucaramanga","","","","","","","","","","","","","","","","","","","","","","","","","","","6.21","","BD_ICV_2023"
"2023","Diciembre","2023-12-07","SANTANDER","BUCARAMANGA","","","","","","","","","","","","","","","","","","","","","","","","","","","","","4","","BD_ICV_2023"
"2023","Diciembre","2023-12-11","SANTANDER","BUCARAMANGA","Cristal Bajo","De Bucaramanga","","","","","","","","","","","","","","","","","","","","","","","","","","","0.66","","BD_ICV_2023"
"2023","Febrero","2023-02-01","SANTANDER","CARCASÍ","","","","","","","","","","","","","","","","","","","","","","","","","","","","","150","","BD_ICV_2023"
"2023","Febrero","2023-02-28","SANTANDER","CARCASÍ","","","","","","","","","","","","","","","","","","","","","","","","","","","","","1","","BD_ICV_2023"
"2023","Enero","2023-01-31","SANTANDER","CERRITO","","","","","","","","","","","","","","","","","","","","","","","","","","","","","10","","BD_ICV_2023"
"2023","Enero","2023-01-31","SANTANDER","CERRITO","","","","","","","","","","","","","","","","","","","","","","","","","","","","","5","","BD_ICV_2023"
"2023","Abril","2023-04-04","SANTANDER","CERRITO","","","","","","","","","","","","","","","","","","","","","","","","","","","","","2","","BD_ICV_2023"
"2023","Enero","2023-01-01","SANTANDER","CIMITARRA","","","","","","","","","","","","","","","","","","","","","","","","","","","","","2","","BD_ICV_2023"
"2023","Enero","2023-01-29","SANTANDER","CONCEPCIÓN","","","","","","","","","","","","","","","","","","","","","","","","","","","","","40","","BD_ICV_2023"
"2023","Febrero","2023-02-02","SANTANDER","CONCEPCIÓN","","","","","","","","","","","","","","","","","","","","","","","","","","","","","200","","BD_ICV_2023"
"2023","Febrero","2023-02-08","SANTANDER","CONCEPCIÓN","","","","","","","","","","","","","","","","","","","","","","","","","","","","","6","","BD_ICV_2023"
"2023","Enero","2023-01-29","SANTANDER","CONTRATACIÓN","","","","","","","","","","","","","","","","","","","","","","","","","","","","","2","","BD_ICV_2023"
"2023","Septiembre","2023-09-09","SANTANDER","COROMORO","","","","","","","","","","","","","","","","","","","","","","","","","","","","","20","","BD_ICV_2023"
"2023","Septiembre","2023-09-13","SANTANDER","COROMORO","","","","","","","","","","","","","","","","","","","","","","","","","","","","","0.5","","BD_ICV_2023"
"2023","Enero","2023-01-01","SANTANDER","CURITÍ","","","","","","","","","","","","","","","","","","","","","","","","","","","","","6","","BD_ICV_2023"
"2023","Enero","2023-01-28","SANTANDER","CURITÍ","","","","","","","","","","","","","","","","","","","","","","","","","","","","","5","","BD_ICV_2023"
"2023","Febrero","2023-02-01","SANTANDER","CURITÍ","","","","","","","","","","","","","","","","","","","","","","","","","","","","","10","","BD_ICV_2023"
"2023","Febrero","2023-02-01","SANTANDER","CURITÍ","","","","","","","","","","","","","","","","","","","","","","","","","","","","","0.5","","BD_ICV_2023"
"2023","Febrero","2023-02-25","SANTANDER","EL GUACAMAYO","","","","","","","","","","","","","","","","","","","","","","","","","","","","","15","","BD_ICV_2023"
"2023","Abril","2023-04-09","SANTANDER","EL GUACAMAYO","","","","","","","","","","","","","","","","","","","","","","","","","","","","","4","","BD_ICV_2023"
"2023","Abril","2023-04-09","SANTANDER","EL GUACAMAYO","","","","","","","","","","","","","","","","","","","","","","","","","","","","","0.5","","BD_ICV_2023"
"2023","Enero","2023-01-27","SANTANDER","EL PLAYÓN","Límites","","","","","","","","","","","","","","","","","","","","","","","","","","","","2.99","","BD_ICV_2023"
"2023","Enero","2023-01-28","SANTANDER","EL PLAYÓN","","","","","","","","","","","","","","","","","","","","","","","","","","","","","10","","BD_ICV_2023"
"2023","Enero","2023-01-28","SANTANDER","EL PLAYÓN","Cachiricito alto","","","","","","","","","","","","","","","","","","","","","","","","","","","","0.55000000000000004","","BD_ICV_2023"
"2023","Febrero","2023-02-15","SANTANDER","EL PLAYÓN","Límites","","","","","","","","","","","","","","","","","","","","","","","","","","","","0.1","","BD_ICV_2023"
"2023","Febrero","2023-02-25","SANTANDER","EL PLAYÓN","","","","","","","","","","","","","","","","","","","","","","","","","","","","","5","","BD_ICV_2023"
"2023","Febrero","2023-02-28","SANTANDER","EL PLAYÓN","","","","","","","","","","","","","","","","","","","","","","","","","","","","","5","","BD_ICV_2023"
"2023","Febrero","2023-02-28","SANTANDER","EL PLAYÓN","Quinales - El Porvenir","","","","","","","","","","","","","","","","","","","","","","","","","","","","0.72","","BD_ICV_2023"
"2023","Agosto","2023-08-28","SANTANDER","EL PLAYÓN","Las Rocas","","","","","","","","","","","","","","","","","","","","","","","","","","","","0.41","","BD_ICV_2023"
"2023","Agosto","2023-08-31","SANTANDER","EL PLAYÓN","La Vega Betania","","","","","","","","","","","","","","","","","","","","","","","","","","","","3.97","","BD_ICV_2023"
"2023","Febrero","2023-02-06","SANTANDER","FLORIDABLANCA","","","","","","","","","","","","","","","","","","","","","","","","","","","","","4","","BD_ICV_2023"
"2023","Junio","2023-06-13","SANTANDER","FLORIDABLANCA","Ruitoque Alto","","","","","","","","","","","","","","","","","","","","","","","","","","","","1.87","","BD_ICV_2023"
"2023","Agosto","2023-08-11","SANTANDER","FLORIDABLANCA","Club de tiro","","","","","","","","","","","","","","","","","","","","","","","","","","","","0.33","","BD_ICV_2023"
"2023","Septiembre","2023-09-22","SANTANDER","FLORIDABLANCA","Ruitoque - Las Aguilas","","","","","","","","","","","","","","","","","","","","","","","","","","","","10.199999999999999","","BD_ICV_2023"
"2023","Enero","2023-01-02","SANTANDER","GÁMBITA","","","","","","","","","","","","","","","","","","","","","","","","","","","","","6","","BD_ICV_2023"
"2023","Septiembre","2023-09-28","SANTANDER","GÁMBITA","","","","","","","","","","","","","","","","","","","","","","","","","","","","","0.5","","BD_ICV_2023"
"2023","Enero","2023-01-29","SANTANDER","GIRÓN","Barbosa","","","","","","","","","","","","","","","","","","","","","","","","","","","","2.4900000000000002","","BD_ICV_2023"
"2023","Enero","2023-01-30","SANTANDER","GIRÓN","Llano Grande","","","","","","","","","","","","","","","","","","","","","","","","","","","","0","","BD_ICV_2023"
"2023","Febrero","2023-02-03","SANTANDER","GIRÓN","Palogordo","","","","","","","","","","","","","","","","","","","","","","","","","","","","0.56999999999999995","","BD_ICV_2023"
"2023","Febrero","2023-02-04","SANTANDER","GIRÓN","","","","","","","","","","","","","","","","","","","","","","","","","","","","","2","","BD_ICV_2023"
"2023","Febrero","2023-02-04","SANTANDER","GIRÓN","Barbosa","","","","","","","","","","","","","","","","","","","","","","","","","","","","0.43","","BD_ICV_2023"
"2023","Febrero","2023-02-06","SANTANDER","GIRÓN","Llanadas - Bahondo","","","","","","","","","","","","","","","","","","","","","","","","","","","","4.46","","BD_ICV_2023"
"2023","Febrero","2023-02-06","SANTANDER","GIRÓN","La Meseta","","","","","","","","","","","","","","","","","","","","","","","","","","","","1.1000000000000001","","BD_ICV_2023"
"2023","Febrero","2023-02-06","SANTANDER","GIRÓN","Nazareth","","","","","","","","","","","","","","","","","","","","","","","","","","","","0.35","","BD_ICV_2023"
"2023","Febrero","2023-02-08","SANTANDER","GIRÓN","Chocoa, sector El Rodeo","","","","","","","","","","","","","","","","","","","","","","","","","","","","0.32","","BD_ICV_2023"
"2023","Febrero","2023-02-09","SANTANDER","GIRÓN","CHOCOA","","","","","","","","","","","","","","","","","","","","","","","","","","","","152.44","","BD_ICV_2023"
"2023","Febrero","2023-02-09","SANTANDER","GIRÓN","Río Frío - Anillo vial","De Bucaramanga","","","","","","","","","","","","","","","","","","","","","","","","","","","0.99","","BD_ICV_2023"
"2023","Febrero","2023-02-10","SANTANDER","GIRÓN","","","","","","","","","","","","","","","","","","","","","","","","","","","","","0.5","","BD_ICV_2023"
"2023","Febrero","2023-02-11","SANTANDER","GIRÓN","","","","","","","","","","","","","","","","","","","","","","","","","","","","","0.5","","BD_ICV_2023"
"2023","Febrero","2023-02-11","SANTANDER","GIRÓN","","","","","","","","","","","","","","","","","","","","","","","","","","","","","0.5","","BD_ICV_2023"
"2023","Febrero","2023-02-12","SANTANDER","GIRÓN","","","","","","","","","","","","","","","","","","","","","","","","","","","","","0.5","","BD_ICV_2023"
"2023","Febrero","2023-02-12","SANTANDER","GIRÓN","Ruitoque Condominio","","","","","","","","","","","","","","","","","","","","","","","","","","","","1.4","","BD_ICV_2023"
"2023","Febrero","2023-02-20","SANTANDER","GIRÓN","Rio Frio -Villa Sandra","De Bucaramanga","","","","","","","","","","","","","","","","","","","","","","","","","","","2.31","","BD_ICV_2023"
"2023","Marzo","2023-03-20","SANTANDER","GIRÓN","Barbosa","","","","","","","","","","","","","","","","","","","","","","","","","","","","0.3","","BD_ICV_2023"
"2023","Abril","2023-04-15","SANTANDER","GIRÓN","Cantalta","","","","","","","","","","","","","","","","","","","","","","","","","","","","0.87","","BD_ICV_2023"
"2023","Julio","2023-07-09","SANTANDER","GIRÓN","El Pantano","Angula Alta - Humedal El Pantano","","","","","","","","","","","","","","","","","","","","","","","","","","","2.1","","BD_ICV_2023"
"2023","Julio","2023-07-15","SANTANDER","GIRÓN","Ciudadela del Oriente","","","","","","","","","","","","","","","","","","","","","","","","","","","","0.11","","BD_ICV_2023"
"2023","Septiembre","2023-09-01","SANTANDER","GIRÓN","Lomas del viento","","","","","","","","","","","","","","","","","","","","","","","","","","","","0.2","","BD_ICV_2023"
"2023","Septiembre","2023-09-11","SANTANDER","GIRÓN","Acapulco Parcela 9","","","","","","","","","","","","","","","","","","","","","","","","","","","","0.34","","BD_ICV_2023"
"2023","Septiembre","2023-09-13","SANTANDER","GIRÓN","Chocoa, Los Charcos","","","","","","","","","","","","","","","","","","","","","","","","","","","","14.02","","BD_ICV_2023"
"2023","Octubre","2023-10-09","SANTANDER","GIRÓN","","","","","","","","","","","","","","","","","","","","","","","","","","","","","20","","BD_ICV_2023"
"2023","Octubre","2023-10-09","SANTANDER","GIRÓN","Alpes Campestre","","","","","","","","","","","","","","","","","","","","","","","","","","","","0.33","","BD_ICV_2023"
"2023","Diciembre","2023-12-21","SANTANDER","GIRÓN","Rio Frio","De Bucaramanga","","","","","","","","","","","","","","","","","","","","","","","","","","","3.86","","BD_ICV_2023"
"2023","Febrero","2023-02-08","SANTANDER","GUADALUPE","","","","","","","","","","","","","","","","","","","","","","","","","","","","","6","","BD_ICV_2023"
"2023","Julio","2023-07-20","SANTANDER","HATO","","","","","","","","","","","","","","","","","","","","","","","","","","","","","10","","BD_ICV_2023"
"2023","Enero","2023-01-25","SANTANDER","LEBRIJA","","","","","","","","","","","","","","","","","","","","","","","","","","","","","3","","BD_ICV_2023"
"2023","Enero","2023-01-30","SANTANDER","LEBRIJA","","","","","","","","","","","","","","","","","","","","","","","","","","","","","1","","BD_ICV_2023"
"2023","Febrero","2023-02-26","SANTANDER","LEBRIJA","","","","","","","","","","","","","","","","","","","","","","","","","","","","","2","","BD_ICV_2023"
"2023","Agosto","2023-08-03","SANTANDER","LEBRIJA","Aguirre - finca La Honda","","","","","","","","","","","","","","","","","","","","","","","","","","","","0.93","","BD_ICV_2023"
"2023","Agosto","2023-08-14","SANTANDER","LEBRIJA","Santo Domingo","","","","","","","","","","","","","","","","","","","","","","","","","","","","0.33","","BD_ICV_2023"
"2023","Octubre","2023-10-18","SANTANDER","LEBRIJA","Aguirre - La Catalina","","","","","","","","","","","","","","","","","","","","","","","","","","","","0.28999999999999998","","BD_ICV_2023"
"2023","Diciembre","2023-12-03","SANTANDER","LEBRIJA","La Aguada de Ceferino","","","","","","","","","","","","","","","","","","","","","","","","","","","","0.25","","BD_ICV_2023"
"2023","Febrero","2023-02-05","SANTANDER","LOS SANTOS","","","","","","","","","","","","","","","","","","","","","","","","","","","","","3","","BD_ICV_2023"
"2023","Septiembre","2023-09-21","SANTANDER","LOS SANTOS","","","","","","","","","","","","","","","","","","","","","","","","","","","","","30","","BD_ICV_2023"
"2023","Enero","2023-01-29","SANTANDER","MACARAVITA","","","","","","","","","","","","","","","","","","","","","","","","","","","","","0.5","","BD_ICV_2023"
"2023","Febrero","2023-02-13","SANTANDER","MOGOTES","","","","","","","","","","","","","","","","","","","","","","","","","","","","","30","","BD_ICV_2023"
"2023","Mayo","2023-05-07","SANTANDER","MOGOTES","","","","","","","","","","","","","","","","","","","","","","","","","","","","","5","","BD_ICV_2023"
"2023","Diciembre","2023-12-25","SANTANDER","MOGOTES","","","","","","","","","","","","","","","","","","","","","","","","","","","","","25","","BD_ICV_2023"
"2023","Febrero","2023-02-24","SANTANDER","OCAMONTE","","","","","","","","","","","","","","","","","","","","","","","","","","","","","1","","BD_ICV_2023"
"2023","Julio","2023-07-13","SANTANDER","PIEDECUESTA","","","","","","","","","","","","","","","","","","","","","","","","","","","","","3","","BD_ICV_2023"
"2023","Julio","2023-07-13","SANTANDER","PIEDECUESTA","San Francisco","","","","","","","","","","","","","","","","","","","","","","","","","","","","10.5","","BD_ICV_2023"
"2023","Agosto","2023-08-18","SANTANDER","PIEDECUESTA","San Miguel - Los Curos","","","","","","","","","","","","","","","","","","","","","","","","","","","","22.3","","BD_ICV_2023"
"2023","Agosto","2023-08-18","SANTANDER","PIEDECUESTA","","","","","","","","","","","","","","","","","","","","","","","","","","","","","10","","BD_ICV_2023"
"2023","Agosto","2023-08-27","SANTANDER","PIEDECUESTA","Guamo Grande","","","","","","","","","","","","","","","","","","","","","","","","","","","","0.18","","BD_ICV_2023"
"2023","Agosto","2023-08-31","SANTANDER","PIEDECUESTA","La Colina","","","","","","","","","","","","","","","","","","","","","","","","","","","","0.93","","BD_ICV_2023"
"2023","Septiembre","2023-09-11","SANTANDER","PIEDECUESTA","Granadillo","","","","","","","","","","","","","","","","","","","","","","","","","","","","0.23","","BD_ICV_2023"
"2023","Septiembre","2023-09-19","SANTANDER","PIEDECUESTA","Rionegro","","","","","","","","","","","","","","","","","","","","","","","","","","","","0.77","","BD_ICV_2023"
"2023","Octubre","2023-10-12","SANTANDER","PIEDECUESTA","Guatiguara","","","","","","","","","","","","","","","","","","","","","","","","","","","","23.2","","BD_ICV_2023"
"2023","Octubre","2023-10-12","SANTANDER","PIEDECUESTA","","","","","","","","","","","","","","","","","","","","","","","","","","","","","40","","BD_ICV_2023"
"2023","Octubre","2023-10-18","SANTANDER","PIEDECUESTA","Altos de Guatiguará","","","","","","","","","","","","","","","","","","","","","","","","","","","","0.7","","BD_ICV_2023"
"2023","Noviembre","2023-11-29","SANTANDER","PIEDECUESTA","Altos de Guatiguará","","","","","","","","","","","","","","","","","","","","","","","","","","","","6.13","","BD_ICV_2023"
"2023","Noviembre","2023-11-30","SANTANDER","PIEDECUESTA","","","","","","","","","","","","","","","","","","","","","","","","","","","","","10","","BD_ICV_2023"
"2023","Diciembre","2023-12-07","SANTANDER","PIEDECUESTA","","","","","","","","","","","","","","","","","","","","","","","","","","","","","30","","BD_ICV_2023"
"2023","Febrero","2023-02-26","SANTANDER","PUERTO WILCHES","","","","","","","","","","","","","","","","","","","","","","","","","","","","","10","","BD_ICV_2023"
"2023","Febrero","2023-02-08","SANTANDER","RIONEGRO","AGUA BLANCA","","","","","","","","","","","","","","","","","","","","","","","","","","","","0.92","","BD_ICV_2023"
"2023","Febrero","2023-02-20","SANTANDER","RIONEGRO","","","","","","","","","","","","","","","","","","","","","","","","","","","","","5","","BD_ICV_2023"
"2023","Julio","2023-07-09","SANTANDER","RIONEGRO","Carpinteros","","","","","","","","","","","","","","","","","","","","","","","","","","","","1.58","","BD_ICV_2023"
"2023","Agosto","2023-08-06","SANTANDER","RIONEGRO","Laguna del Oriente","","","","","","","","","","","","","","","","","","","","","","","","","","","","1.53","","BD_ICV_2023"
"2023","Agosto","2023-08-31","SANTANDER","RIONEGRO","Espuma alta","","","","","","","","","","","","","","","","","","","","","","","","","","","","0.53","","BD_ICV_2023"
"2023","Septiembre","2023-09-02","SANTANDER","RIONEGRO","Alto de la Paja","","","","","","","","","","","","","","","","","","","","","","","","","","","","0.97","","BD_ICV_2023"
"2023","Septiembre","2023-09-20","SANTANDER","RIONEGRO","San ignacio","","","","","","","","","","","","","","","","","","","","","","","","","","","","0.32","","BD_ICV_2023"
"2023","Octubre","2023-10-02","SANTANDER","RIONEGRO","Vegas, Llano de Palmas","","","","","","","","","","","","","","","","","","","","","","","","","","","","0.28999999999999998","","BD_ICV_2023"
"2023","Octubre","2023-10-02","SANTANDER","RIONEGRO","La Ceiba","","","","","","","","","","","","","","","","","","","","","","","","","","","","0.65","","BD_ICV_2023"
"2023","Diciembre","2023-12-12","SANTANDER","RIONEGRO","Espumas Altas","","","","","","","","","","","","","","","","","","","","","","","","","","","","0.65","","BD_ICV_2023"
"2023","Enero","2023-01-31","SANTANDER","SABANA DE TORRES","","","","","","","","","","","","","","","","","","","","","","","","","","","","","1","","BD_ICV_2023"
"2023","Enero","2023-01-31","SANTANDER","SABANA DE TORRES","","","","","","","","","","","","","","","","","","","","","","","","","","","","","1","","BD_ICV_2023"
"2023","Febrero","2023-02-01","SANTANDER","SABANA DE TORRES","","","","","","","","","","","","","","","","","","","","","","","","","","","","","1","","BD_ICV_2023"
"2023","Febrero","2023-02-03","SANTANDER","SABANA DE TORRES","","","","","","","","","","","","","","","","","","","","","","","","","","","","","2","","BD_ICV_2023"
"2023","Febrero","2023-02-03","SANTANDER","SABANA DE TORRES","","","","","","","","","","","","","","","","","","","","","","","","","","","","","1","","BD_ICV_2023"
"2023","Febrero","2023-02-05","SANTANDER","SABANA DE TORRES","","","","","","","","","","","","","","","","","","","","","","","","","","","","","1","","BD_ICV_2023"
"2023","Febrero","2023-02-10","SANTANDER","SABANA DE TORRES","","","","","","","","","","","","","","","","","","","","","","","","","","","","","6","","BD_ICV_2023"
"2023","Febrero","2023-02-10","SANTANDER","SABANA DE TORRES","","","","","","","","","","","","","","","","","","","","","","","","","","","","","3","","BD_ICV_2023"
"2023","Febrero","2023-02-11","SANTANDER","SABANA DE TORRES","","","","","","","","","","","","","","","","","","","","","","","","","","","","","4","","BD_ICV_2023"
"2023","Febrero","2023-02-13","SANTANDER","SABANA DE TORRES","","","","","","","","","","","","","","","","","","","","","","","","","","","","","1","","BD_ICV_2023"
"2023","Febrero","2023-02-14","SANTANDER","SABANA DE TORRES","","","","","","","","","","","","","","","","","","","","","","","","","","","","","1","","BD_ICV_2023"
"2023","Febrero","2023-02-15","SANTANDER","SABANA DE TORRES","","","","","","","","","","","","","","","","","","","","","","","","","","","","","1","","BD_ICV_2023"
"2023","Febrero","2023-02-23","SANTANDER","SABANA DE TORRES","","","","","","","","","","","","","","","","","","","","","","","","","","","","","2","","BD_ICV_2023"
"2023","Febrero","2023-02-25","SANTANDER","SABANA DE TORRES","","","","","","","","","","","","","","","","","","","","","","","","","","","","","0.5","","BD_ICV_2023"
"2023","Febrero","2023-02-26","SANTANDER","SABANA DE TORRES","","","","","","","","","","","","","","","","","","","","","","","","","","","","","0.5","","BD_ICV_2023"
"2023","Febrero","2023-02-26","SANTANDER","SABANA DE TORRES","","","","","","","","","","","","","","","","","","","","","","","","","","","","","0.5","","BD_ICV_2023"
"2023","Marzo","2023-03-01","SANTANDER","SABANA DE TORRES","","","","","","","","","","","","","","","","","","","","","","","","","","","","","1","","BD_ICV_2023"
"2023","Marzo","2023-03-01","SANTANDER","SABANA DE TORRES","","","","","","","","","","","","","","","","","","","","","","","","","","","","","1","","BD_ICV_2023"
"2023","Marzo","2023-03-03","SANTANDER","SABANA DE TORRES","","","","","","","","","","","","","","","","","","","","","","","","","","","","","1","","BD_ICV_2023"
"2023","Marzo","2023-03-03","SANTANDER","SABANA DE TORRES","","","","","","","","","","","","","","","","","","","","","","","","","","","","","1","","BD_ICV_2023"
"2023","Marzo","2023-03-05","SANTANDER","SABANA DE TORRES","","","","","","","","","","","","","","","","","","","","","","","","","","","","","1","","BD_ICV_2023"
"2023","Marzo","2023-03-14","SANTANDER","SABANA DE TORRES","","","","","","","","","","","","","","","","","","","","","","","","","","","","","15","","BD_ICV_2023"
"2023","Febrero","2023-02-11","SANTANDER","SAN GIL","","","","","","","","","","","","","","","","","","","","","","","","","","","","","1","","BD_ICV_2023"
"2023","Febrero","2023-02-18","SANTANDER","SAN GIL","","","","","","","","","","","","","","","","","","","","","","","","","","","","","2","","BD_ICV_2023"
"2023","Febrero","2023-02-24","SANTANDER","SAN GIL","","","","","","","","","","","","","","","","","","","","","","","","","","","","","0.5","","BD_ICV_2023"
"2023","Marzo","2023-03-02","SANTANDER","SAN GIL","","","","","","","","","","","","","","","","","","","","","","","","","","","","","8","","BD_ICV_2023"
"2023","Diciembre","2023-12-07","SANTANDER","SAN GIL","","","","","","","","","","","","","","","","","","","","","","","","","","","","","4","","BD_ICV_2023"
"2023","Septiembre","2023-09-21","SANTANDER","SAN MIGUEL","","","","","","","","","","","","","","","","","","","","","","","","","","","","","5","","BD_ICV_2023"
"2023","Febrero","2023-02-25","SANTANDER","SAN VICENTE DE CHUCURÍ","","","","","","","","","","","","","","","","","","","","","","","","","","","","","1","","BD_ICV_2023"
"2023","Marzo","2023-03-03","SANTANDER","SAN VICENTE DE CHUCURÍ","","","","","","","","","","","","","","","","","","","","","","","","","","","","","1","","BD_ICV_2023"
"2023","Febrero","2023-02-22","SANTANDER","SOCORRO","","","","","","","","","","","","","","","","","","","","","","","","","","","","","1","","BD_ICV_2023"
"2023","Enero","2023-01-02","SANTANDER","VÉLEZ","","","","","","","","","","","","","","","","","","","","","","","","","","","","","0.5","","BD_ICV_2023"
"2023","Enero","2023-01-26","SANTANDER","VÉLEZ","","","","","","","","","","","","","","","","","","","","","","","","","","","","","2","","BD_ICV_2023"
"2023","Enero","2023-01-29","SANTANDER","VÉLEZ","","","","","","","","","","","","","","","","","","","","","","","","","","","","","0.5","","BD_ICV_2023"
"2023","Diciembre","2023-12-07","SANTANDER","VILLANUEVA","","","","","","","","","","","","","","","","","","","","","","","","","","","","","2","","BD_ICV_2023"
"2023","Febrero","2023-02-24","SUCRE","COLOSÓ","Ceiba","","","","","","","","","","","","","","","","","","","","","","","","","","","","3.2","","BD_ICV_2023"
"2023","Enero","2023-01-05","SUCRE","COROZAL","","","","","","","","","","","","","","","","","","","","","","","","","","","","","2","","BD_ICV_2023"
"2023","Enero","2023-01-19","SUCRE","COROZAL","","","","","","","","","","","","","","","","","","","","","","","","","","","","","0.5","","BD_ICV_2023"
"2023","Febrero","2023-02-10","SUCRE","COROZAL","","","","","","","","","","","","","","","","","","","","","","","","","","","","","2.25","","BD_ICV_2023"
"2023","Febrero","2023-02-16","SUCRE","COROZAL","","","","","","","","","","","","","","","","","","","","","","","","","","","","","2.2400000000000002","","BD_ICV_2023"
"2023","Febrero","2023-02-12","SUCRE","COVEÑAS","","","","","","","","","","","","","","","","","","","","","","","","","","","","","3","","BD_ICV_2023"
"2023","Febrero","2023-02-20","SUCRE","COVEÑAS","","","","","","","","","","","","","","","","","","","","","","","","","","","","","0.5","","BD_ICV_2023"
"2023","Marzo","2023-03-14","SUCRE","COVEÑAS","","","","","","","","","","","","","","","","","","","","","","","","","","","","","2","","BD_ICV_2023"
"2023","Febrero","2023-02-19","SUCRE","GALERAS","","","","","","","","","","","","","","","","","","","","","","","","","","","","","1","","BD_ICV_2023"
"2023","Marzo","2023-03-11","SUCRE","GUARANDA","","","","","","","","","","","","","","","","","","","","","","","","","","","","","0.5","","BD_ICV_2023"
"2023","Marzo","2023-03-17","SUCRE","OVEJAS","Pijiguay","","","","","","","","","","","","","","","","","","","","","","","","","","","","8.4499999999999993","","BD_ICV_2023"
"2023","Marzo","2023-03-23","SUCRE","OVEJAS","El Palmar","","","","","","","","","","","","","","","","","","","","","","","","","","","","1.5","","BD_ICV_2023"
"2023","Febrero","2023-02-13","SUCRE","SAMPUÉS","","","","","","","","","","","","","","","","","","","","","","","","","","","","","1","","BD_ICV_2023"
"2023","Febrero","2023-02-20","SUCRE","SAMPUÉS","","","","","","","","","","","","","","","","","","","","","","","","","","","","","0.5","","BD_ICV_2023"
"2023","Febrero","2023-02-21","SUCRE","SAMPUÉS","","","","","","","","","","","","","","","","","","","","","","","","","","","","","0.5","","BD_ICV_2023"
"2023","Febrero","2023-02-24","SUCRE","SAMPUÉS","","","","","","","","","","","","","","","","","","","","","","","","","","","","","1","","BD_ICV_2023"
"2023","Marzo","2023-03-04","SUCRE","SAMPUÉS","","","","","","","","","","","","","","","","","","","","","","","","","","","","","1","","BD_ICV_2023"
"2023","Marzo","2023-03-05","SUCRE","SAMPUÉS","","","","","","","","","","","","","","","","","","","","","","","","","","","","","2","","BD_ICV_2023"
"2023","Marzo","2023-03-09","SUCRE","SAMPUÉS","","","","","","","","","","","","","","","","","","","","","","","","","","","","","2","","BD_ICV_2023"
"2023","Enero","2023-01-03","SUCRE","SAN MARCOS","","","","","","","","","","","","","","","","","","","","","","","","","","","","","2","","BD_ICV_2023"
"2023","Enero","2023-01-05","SUCRE","SAN MARCOS","","","","","","","","","","","","","","","","","","","","","","","","","","","","","2","","BD_ICV_2023"
"2023","Enero","2023-01-06","SUCRE","SAN MARCOS","","","","","","","","","","","","","","","","","","","","","","","","","","","","","15","","BD_ICV_2023"
"2023","Enero","2023-01-08","SUCRE","SAN MARCOS","","","","","","","","","","","","","","","","","","","","","","","","","","","","","18","","BD_ICV_2023"
"2023","Enero","2023-01-10","SUCRE","SAN MARCOS","","","","","","","","","","","","","","","","","","","","","","","","","","","","","10","","BD_ICV_2023"
"2023","Enero","2023-01-14","SUCRE","SAN MARCOS","","","","","","","","","","","","","","","","","","","","","","","","","","","","","3","","BD_ICV_2023"
"2023","Enero","2023-01-15","SUCRE","SAN MARCOS","","","","","","","","","","","","","","","","","","","","","","","","","","","","","4","","BD_ICV_2023"
"2023","Enero","2023-01-16","SUCRE","SAN MARCOS","","","","","","","","","","","","","","","","","","","","","","","","","","","","","6","","BD_ICV_2023"
"2023","Enero","2023-01-19","SUCRE","SAN MARCOS","","","","","","","","","","","","","","","","","","","","","","","","","","","","","0.5","","BD_ICV_2023"
"2023","Enero","2023-01-29","SUCRE","SAN MARCOS","","","","","","","","","","","","","","","","","","","","","","","","","","","","","0.5","","BD_ICV_2023"
"2023","Febrero","2023-02-02","SUCRE","SAN MARCOS","","","","","","","","","","","","","","","","","","","","","","","","","","","","","6","","BD_ICV_2023"
"2023","Febrero","2023-02-16","SUCRE","SAN MARCOS","","","","","","","","","","","","","","","","","","","","","","","","","","","","","3","","BD_ICV_2023"
"2023","Febrero","2023-02-20","SUCRE","SAN MARCOS","","","","","","","","","","","","","","","","","","","","","","","","","","","","","10","","BD_ICV_2023"
"2023","Enero","2023-01-08","SUCRE","SANTIAGO DE TOLU","","","","","","","","","","","","","","","","","","","","","","","","","","","","","0.5","","BD_ICV_2023"
"2023","Enero","2023-01-25","SUCRE","SANTIAGO DE TOLU","","","","","","","","","","","","","","","","","","","","","","","","","","","","","5","","BD_ICV_2023"
"2023","Febrero","2023-02-03","SUCRE","SANTIAGO DE TOLU","","","","","","","","","","","","","","","","","","","","","","","","","","","","","0.5","","BD_ICV_2023"
"2023","Marzo","2023-03-15","SUCRE","SINCELEJO","","","","","","","","","","","","","","","","","","","","","","","","","","","","","5","","BD_ICV_2023"
"2023","Noviembre","2023-11-05","SUCRE","SINCELEJO","","","","","","","","","","","","","","","","","","","","","","","","","","","","","5","","BD_ICV_2023"
"2023","Febrero","2023-02-20","SUCRE","SUCRE","","","","","","","","","","","","","","","","","","","","","","","","","","","","","0.5","","BD_ICV_2023"
"2023","Septiembre","2023-09-15","TOLIMA","ALPUJARRA","","","","","","","","","","","","","","","","","","","","","","","","","","","","","0.5","","BD_ICV_2023"
"2023","Septiembre","2023-09-25","TOLIMA","ALPUJARRA","","","","","","","","","","","","","","","","","","","","","","","","","","","","","1","","BD_ICV_2023"
"2023","Febrero","2023-02-01","TOLIMA","ALVARADO","","","","","","","","","","","","","","","","","","","","","","","","","","","","","4","","BD_ICV_2023"
"2023","Julio","2023-07-24","TOLIMA","ALVARADO","","","","","","","","","","","","","","","","","","","","","","","","","","","","","6","","BD_ICV_2023"
"2023","Julio","2023-07-29","TOLIMA","ALVARADO","","","","","","","","","","","","","","","","","","","","","","","","","","","","","8","","BD_ICV_2023"
"2023","Julio","2023-07-30","TOLIMA","ALVARADO","","","","","","","","","","","","","","","","","","","","","","","","","","","","","15","","BD_ICV_2023"
"2023","Agosto","2023-08-03","TOLIMA","ALVARADO","","","","","","","","","","","","","","","","","","","","","","","","","","","","","0.5","","BD_ICV_2023"
"2023","Septiembre","2023-09-06","TOLIMA","ALVARADO","","","","","","","","","","","","","","","","","","","","","","","","","","","","","1","","BD_ICV_2023"
"2023","Septiembre","2023-09-23","TOLIMA","ALVARADO","","","","","","","","","","","","","","","","","","","","","","","","","","","","","50","","BD_ICV_2023"
"2023","Julio","2023-07-16","TOLIMA","AMBALEMA","","","","","","","","","","","","","","","","","","","","","","","","","","","","","3","","BD_ICV_2023"
"2023","Julio","2023-07-25","TOLIMA","AMBALEMA","","","","","","","","","","","","","","","","","","","","","","","","","","","","","0.5","","BD_ICV_2023"
"2023","Agosto","2023-08-01","TOLIMA","AMBALEMA","","","","","","","","","","","","","","","","","","","","","","","","","","","","","20","","BD_ICV_2023"
"2023","Septiembre","2023-09-03","TOLIMA","AMBALEMA","BOQUERON","","","","","","","","","","","","","","","","","","","","","","","","","","","","1","","BD_ICV_2023"
"2023","Septiembre","2023-09-28","TOLIMA","AMBALEMA","DANUBIO","","","","","","","","","","","","","","","","","","","","","","","","","","","","1","","BD_ICV_2023"
"2023","Noviembre","2023-11-14","TOLIMA","AMBALEMA","GAMBA SAN MARTINEZ","","","","","","","","","","","","","","","","","","","","","","","","","","","","13","","BD_ICV_2023"
"2023","Diciembre","2023-12-03","TOLIMA","ANZOÁTEGUI","","","","","","","","","","","","","","","","","","","","","","","","","","","","","2","","BD_ICV_2023"
"2023","Febrero","2023-02-16","TOLIMA","ARMERO","","","","","","","","","","","","","","","","","","","","","","","","","","","","","30","","BD_ICV_2023"
"2023","Julio","2023-07-25","TOLIMA","ARMERO","","","","","","","","","","","","","","","","","","","","","","","","","","","","","80","","BD_ICV_2023"
"2023","Julio","2023-07-29","TOLIMA","ARMERO","","","","","","","","","","","","","","","","","","","","","","","","","","","","","6","","BD_ICV_2023"
"2023","Septiembre","2023-09-08","TOLIMA","ARMERO","","","","","","","","","","","","","","","","","","","","","","","","","","","","","1","","BD_ICV_2023"
"2023","Octubre","2023-10-07","TOLIMA","ARMERO","","","","","","","","","","","","","","","","","","","","","","","","","","","","","8","","BD_ICV_2023"
"2023","Julio","2023-07-20","TOLIMA","ATACO","","","","","","","","","","","","","","","","","","","","","","","","","","","","","12","","BD_ICV_2023"
"2023","Agosto","2023-08-11","TOLIMA","ATACO","","","","","","","","","","","","","","","","","","","","","","","","","","","","","45","","BD_ICV_2023"
"2023","Agosto","2023-08-15","TOLIMA","ATACO","","","","","","","","","","","","","","","","","","","","","","","","","","","","","10","","BD_ICV_2023"
"2023","Septiembre","2023-09-16","TOLIMA","ATACO","","","","","","","","","","","","","","","","","","","","","","","","","","","","","8","","BD_ICV_2023"
"2023","Diciembre","2023-12-11","TOLIMA","CAJAMARCA","","","","","","","","","","","","","","","","","","","","","","","","","","","","","3","","BD_ICV_2023"
"2023","Febrero","2023-02-05","TOLIMA","CARMEN DE APICALÁ","","","","","","","","","","","","","","","","","","","","","","","","","","","","","14","","BD_ICV_2023"
"2023","Abril","2023-04-05","TOLIMA","CARMEN DE APICALÁ","","","","","","","","","","","","","","","","","","","","","","","","","","","","","28","","BD_ICV_2023"
"2023","Mayo","2023-05-12","TOLIMA","CARMEN DE APICALÁ","","","","","","","","","","","","","","","","","","","","","","","","","","","","","30","","BD_ICV_2023"
"2023","Julio","2023-07-22","TOLIMA","CARMEN DE APICALÁ","","","","","","","","","","","","","","","","","","","","","","","","","","","","","180","","BD_ICV_2023"
"2023","Agosto","2023-08-05","TOLIMA","CARMEN DE APICALÁ","","","","","","","","","","","","","","","","","","","","","","","","","","","","","90","","BD_ICV_2023"
"2023","Septiembre","2023-09-26","TOLIMA","CARMEN DE APICALÁ","","","","","","","","","","","","","","","","","","","","","","","","","","","","","10","","BD_ICV_2023"
"2023","Noviembre","2023-11-28","TOLIMA","CARMEN DE APICALÁ","","","","","","","","","","","","","","","","","","","","","","","","","","","","","35","","BD_ICV_2023"
"2023","Enero","2023-01-09","TOLIMA","CHAPARRAL","","","","","","","","","","","","","","","","","","","","","","","","","","","","","1","","BD_ICV_2023"
"2023","Febrero","2023-02-03","TOLIMA","CHAPARRAL","","","","","","","","","","","","","","","","","","","","","","","","","","","","","1","","BD_ICV_2023"
"2023","Febrero","2023-02-03","TOLIMA","CHAPARRAL","","","","","","","","","","","","","","","","","","","","","","","","","","","","","1","","BD_ICV_2023"
"2023","Febrero","2023-02-13","TOLIMA","CHAPARRAL","","","","","","","","","","","","","","","","","","","","","","","","","","","","","1","","BD_ICV_2023"
"2023","Febrero","2023-02-15","TOLIMA","CHAPARRAL","","","","","","","","","","","","","","","","","","","","","","","","","","","","","0.5","","BD_ICV_2023"
"2023","Mayo","2023-05-07","TOLIMA","CHAPARRAL","","","","","","","","","","","","","","","","","","","","","","","","","","","","","20","","BD_ICV_2023"
"2023","Junio","2023-06-19","TOLIMA","CHAPARRAL","","","","","","","","","","","","","","","","","","","","","","","","","","","","","3","","BD_ICV_2023"
"2023","Julio","2023-07-03","TOLIMA","CHAPARRAL","","","","","","","","","","","","","","","","","","","","","","","","","","","","","15","","BD_ICV_2023"
"2023","Agosto","2023-08-05","TOLIMA","CHAPARRAL","","","","","","","","","","","","","","","","","","","","","","","","","","","","","15","","BD_ICV_2023"
"2023","Septiembre","2023-09-26","TOLIMA","CHAPARRAL","","","","","","","","","","","","","","","","","","","","","","","","","","","","","0.5","","BD_ICV_2023"
"2023","Enero","2023-01-05","TOLIMA","COELLO","","","","","","","","","","","","","","","","","","","","","","","","","","","","","2","","BD_ICV_2023"
"2023","Julio","2023-07-22","TOLIMA","COELLO","","","","","","","","","","","","","","","","","","","","","","","","","","","","","18","","BD_ICV_2023"
"2023","Agosto","2023-08-02","TOLIMA","COELLO","llano de la virgen","","","","","","","","","","","","","","","","","","","","","","","","","","","","3.9","","BD_ICV_2023"
"2023","Agosto","2023-08-17","TOLIMA","COELLO","","","","","","","","","","","","","","","","","","","","","","","","","","","","","10","","BD_ICV_2023"
"2023","Septiembre","2023-09-15","TOLIMA","COELLO","","","","","","","","","","","","","","","","","","","","","","","","","","","","","10","","BD_ICV_2023"
"2023","Septiembre","2023-09-26","TOLIMA","COELLO","","","","","","","","","","","","","","","","","","","","","","","","","","","","","30","","BD_ICV_2023"
"2023","Julio","2023-07-11","TOLIMA","COYAIMA","","","","","","","","","","","","","","","","","","","","","","","","","","","","","50","","BD_ICV_2023"
"2023","Julio","2023-07-25","TOLIMA","COYAIMA","","","","","","","","","","","","","","","","","","","","","","","","","","","","","6","","BD_ICV_2023"
"2023","Agosto","2023-08-02","TOLIMA","COYAIMA","","","","","","","","","","","","","","","","","","","","","","","","","","","","","90","","BD_ICV_2023"
"2023","Agosto","2023-08-06","TOLIMA","COYAIMA","","","","","","","","","","","","","","","","","","","","","","","","","","","","","5","","BD_ICV_2023"
"2023","Agosto","2023-08-09","TOLIMA","CUNDAY","","","","","","","","","","","","","","","","","","","","","","","","","","","","","30","","BD_ICV_2023"
"2023","Octubre","2023-10-14","TOLIMA","CUNDAY","","","","","","","","","","","","","","","","","","","","","","","","","","","","","20","","BD_ICV_2023"
"2023","Agosto","2023-08-02","TOLIMA","DOLORES","","","","","","","","","","","","","","","","","","","","","","","","","","","","","0.5","","BD_ICV_2023"
"2023","Agosto","2023-08-04","TOLIMA","DOLORES","","","","","","","","","","","","","","","","","","","","","","","","","","","","","4","","BD_ICV_2023"
"2023","Septiembre","2023-09-06","TOLIMA","DOLORES","","","","","","","","","","","","","","","","","","","","","","","","","","","","","0.5","","BD_ICV_2023"
"2023","Septiembre","2023-09-15","TOLIMA","DOLORES","","","","","","","","","","","","","","","","","","","","","","","","","","","","","20","","BD_ICV_2023"
"2023","Mayo","2023-05-09","TOLIMA","ESPINAL","","","","","","","","","","","","","","","","","","","","","","","","","","","","","1","","BD_ICV_2023"
"2023","Junio","2023-06-13","TOLIMA","ESPINAL","","","","","","","","","","","","","","","","","","","","","","","","","","","","","1","","BD_ICV_2023"
"2023","Julio","2023-07-25","TOLIMA","ESPINAL","","","","","","","","","","","","","","","","","","","","","","","","","","","","","20","","BD_ICV_2023"
"2023","Julio","2023-07-25","TOLIMA","ESPINAL","","","","","","","","","","","","","","","","","","","","","","","","","","","","","1.4","","BD_ICV_2023"
"2023","Agosto","2023-08-06","TOLIMA","ESPINAL","","","","","","","","","","","","","","","","","","","","","","","","","","","","","12","","BD_ICV_2023"
"2023","Julio","2023-07-30","TOLIMA","FALAN","","","","","","","","","","","","","","","","","","","","","","","","","","","","","1","","BD_ICV_2023"
"2023","Agosto","2023-08-30","TOLIMA","FLANDES","","","","","","","","","","","","","","","","","","","","","","","","","","","","","2","","BD_ICV_2023"
"2023","Agosto","2023-08-30","TOLIMA","FLANDES","","","","","","","","","","","","","","","","","","","","","","","","","","","","","2","","BD_ICV_2023"
"2023","Enero","2023-01-22","TOLIMA","GUAMO","","","","","","","","","","","","","","","","","","","","","","","","","","","","","2","","BD_ICV_2023"
"2023","Febrero","2023-02-08","TOLIMA","GUAMO","","","","","","","","","","","","","","","","","","","","","","","","","","","","","0.5","","BD_ICV_2023"
"2023","Junio","2023-06-29","TOLIMA","GUAMO","","","","","","","","","","","","","","","","","","","","","","","","","","","","","5","","BD_ICV_2023"
"2023","Julio","2023-07-31","TOLIMA","GUAMO","","","","","","","","","","","","","","","","","","","","","","","","","","","","","2","","BD_ICV_2023"
"2023","Agosto","2023-08-15","TOLIMA","GUAMO","","","","","","","","","","","","","","","","","","","","","","","","","","","","","2","","BD_ICV_2023"
"2023","Julio","2023-07-03","TOLIMA","HONDA","","","","","","","","","","","","","","","","","","","","","","","","","","","","","2","","BD_ICV_2023"
"2023","Julio","2023-07-22","TOLIMA","HONDA","","","","","","","","","","","","","","","","","","","","","","","","","","","","","1","","BD_ICV_2023"
"2023","Septiembre","2023-09-12","TOLIMA","HONDA","","","","","","","","","","","","","","","","","","","","","","","","","","","","","1","","BD_ICV_2023"
"2023","Septiembre","2023-09-18","TOLIMA","HONDA","","","","","","","","","","","","","","","","","","","","","","","","","","","","","7","","BD_ICV_2023"
"2023","Septiembre","2023-09-22","TOLIMA","HONDA","","","","","","","","","","","","","","","","","","","","","","","","","","","","","4","","BD_ICV_2023"
"2023","Junio","2023-06-17","TOLIMA","IBAGUÉ","","","","","","","","","","","","","","","","","","","","","","","","","","","","","1","","BD_ICV_2023"
"2023","Agosto","2023-08-17","TOLIMA","IBAGUÉ","","","","","","","","","","","","","","","","","","","","","","","","","","","","","1","","BD_ICV_2023"
"2023","Agosto","2023-08-30","TOLIMA","IBAGUÉ","","","","","","","","","","","","","","","","","","","","","","","","","","","","","0.5","","BD_ICV_2023"
"2023","Septiembre","2023-09-01","TOLIMA","IBAGUÉ","","","","","","","","","","","","","","","","","","","","","","","","","","","","","1.4","","BD_ICV_2023"
"2023","Agosto","2023-08-19","TOLIMA","ICONONZO","","","","","","","","","","","","","","","","","","","","","","","","","","","","","2","","BD_ICV_2023"
"2023","Septiembre","2023-09-21","TOLIMA","ICONONZO","","","","","","","","","","","","","","","","","","","","","","","","","","","","","4.5","","BD_ICV_2023"
"2023","Julio","2023-07-25","TOLIMA","LÉRIDA","","","","","","","","","","","","","","","","","","","","","","","","","","","","","2","","BD_ICV_2023"
"2023","Febrero","2023-02-08","TOLIMA","LÍBANO","","","","","","","","","","","","","","","","","","","","","","","","","","","","","2","","BD_ICV_2023"
"2023","Junio","2023-06-13","TOLIMA","LÍBANO","","","","","","","","","","","","","","","","","","","","","","","","","","","","","1","","BD_ICV_2023"
"2023","Julio","2023-07-23","TOLIMA","LÍBANO","","","","","","","","","","","","","","","","","","","","","","","","","","","","","2.5","","BD_ICV_2023"
"2023","Agosto","2023-08-05","TOLIMA","LÍBANO","","","","","","","","","","","","","","","","","","","","","","","","","","","","","2.5","","BD_ICV_2023"
"2023","Agosto","2023-08-30","TOLIMA","LÍBANO","","","","","","","","","","","","","","","","","","","","","","","","","","","","","4","","BD_ICV_2023"
"2023","Septiembre","2023-09-16","TOLIMA","LÍBANO","","","","","","","","","","","","","","","","","","","","","","","","","","","","","9","","BD_ICV_2023"
"2023","Febrero","2023-02-24","TOLIMA","MARIQUITA","","","","","","","","","","","","","","","","","","","","","","","","","","","","","0.5","","BD_ICV_2023"
"2023","Junio","2023-06-12","TOLIMA","MARIQUITA","","","","","","","","","","","","","","","","","","","","","","","","","","","","","1","","BD_ICV_2023"
"2023","Junio","2023-06-18","TOLIMA","MARIQUITA","","","","","","","","","","","","","","","","","","","","","","","","","","","","","1.5","","BD_ICV_2023"
"2023","Junio","2023-06-20","TOLIMA","MARIQUITA","","","","","","","","","","","","","","","","","","","","","","","","","","","","","1","","BD_ICV_2023"
"2023","Septiembre","2023-09-01","TOLIMA","MARIQUITA","","","","","","","","","","","","","","","","","","","","","","","","","","","","","1","","BD_ICV_2023"
"2023","Diciembre","2023-12-09","TOLIMA","MARIQUITA","","","","","","","","","","","","","","","","","","","","","","","","","","","","","2","","BD_ICV_2023"
"2023","Febrero","2023-02-08","TOLIMA","MELGAR","","","","","","","","","","","","","","","","","","","","","","","","","","","","","2","","BD_ICV_2023"
"2023","Mayo","2023-05-13","TOLIMA","MELGAR","","","","","","","","","","","","","","","","","","","","","","","","","","","","","200","","BD_ICV_2023"
"2023","Julio","2023-07-25","TOLIMA","MELGAR","","","","","","","","","","","","","","","","","","","","","","","","","","","","","15","","BD_ICV_2023"
"2023","Agosto","2023-08-31","TOLIMA","MELGAR","","","","","","","","","","","","","","","","","","","","","","","","","","","","","12","","BD_ICV_2023"
"2023","Septiembre","2023-09-06","TOLIMA","MELGAR","","","","","","","","","","","","","","","","","","","","","","","","","","","","","30","","BD_ICV_2023"
"2023","Septiembre","2023-09-25","TOLIMA","MELGAR","","","","","","","","","","","","","","","","","","","","","","","","","","","","","10","","BD_ICV_2023"
"2023","Febrero","2023-02-13","TOLIMA","MURILLO","","","","","","","","","","","","","","","","","","","","","","","","","","","","","1","","BD_ICV_2023"
"2023","Febrero","2023-02-16","TOLIMA","MURILLO","","","","","","","","","","","","","","","","","","","","","","","","","","","","","1","","BD_ICV_2023"
"2023","Septiembre","2023-09-01","TOLIMA","MURILLO","","","","","","","","","","","","","","","","","","","","","","","","","","","","","20","","BD_ICV_2023"
"2023","Febrero","2023-02-25","TOLIMA","NATAGAIMA","","","","","","","","","","","","","","","","","","","","","","","","","","","","","50","","BD_ICV_2023"
"2023","Junio","2023-06-20","TOLIMA","NATAGAIMA","","","","","","","","","","","","","","","","","","","","","","","","","","","","","0.5","","BD_ICV_2023"
"2023","Julio","2023-07-10","TOLIMA","NATAGAIMA","","","","","","","","","","","","","","","","","","","","","","","","","","","","","1","","BD_ICV_2023"
"2023","Julio","2023-07-13","TOLIMA","NATAGAIMA","","","","","","","","","","","","","","","","","","","","","","","","","","","","","2","","BD_ICV_2023"
"2023","Julio","2023-07-24","TOLIMA","NATAGAIMA","","","","","","","","","","","","","","","","","","","","","","","","","","","","","1","","BD_ICV_2023"
"2023","Julio","2023-07-29","TOLIMA","NATAGAIMA","","","","","","","","","","","","","","","","","","","","","","","","","","","","","12","","BD_ICV_2023"
"2023","Agosto","2023-08-28","TOLIMA","NATAGAIMA","","","","","","","","","","","","","","","","","","","","","","","","","","","","","10","","BD_ICV_2023"
"2023","Septiembre","2023-09-01","TOLIMA","NATAGAIMA","","","","","","","","","","","","","","","","","","","","","","","","","","","","","120","","BD_ICV_2023"
"2023","Septiembre","2023-09-18","TOLIMA","NATAGAIMA","","","","","","","","","","","","","","","","","","","","","","","","","","","","","0.5","","BD_ICV_2023"
"2023","Febrero","2023-02-03","TOLIMA","ORTEGA","","","","","","","","","","","","","","","","","","","","","","","","","","","","","35","","BD_ICV_2023"
"2023","Julio","2023-07-19","TOLIMA","ORTEGA","","","","","","","","","","","","","","","","","","","","","","","","","","","","","120","","BD_ICV_2023"
"2023","Julio","2023-07-28","TOLIMA","ORTEGA","","","","","","","","","","","","","","","","","","","","","","","","","","","","","100","","BD_ICV_2023"
"2023","Agosto","2023-08-05","TOLIMA","ORTEGA","","","","","","","","","","","","","","","","","","","","","","","","","","","","","15","","BD_ICV_2023"
"2023","Agosto","2023-08-09","TOLIMA","ORTEGA","","","","","","","","","","","","","","","","","","","","","","","","","","","","","180","","BD_ICV_2023"
"2023","Agosto","2023-08-15","TOLIMA","ORTEGA","","","","","","","","","","","","","","","","","","","","","","","","","","","","","140","","BD_ICV_2023"
"2023","Agosto","2023-08-27","TOLIMA","ORTEGA","","","","","","","","","","","","","","","","","","","","","","","","","","","","","60","","BD_ICV_2023"
"2023","Septiembre","2023-09-08","TOLIMA","ORTEGA","","","","","","","","","","","","","","","","","","","","","","","","","","","","","2","","BD_ICV_2023"
"2023","Septiembre","2023-09-12","TOLIMA","ORTEGA","","","","","","","","","","","","","","","","","","","","","","","","","","","","","8","","BD_ICV_2023"
"2023","Septiembre","2023-09-18","TOLIMA","ORTEGA","","","","","","","","","","","","","","","","","","","","","","","","","","","","","12","","BD_ICV_2023"
"2023","Septiembre","2023-09-18","TOLIMA","ORTEGA","","","","","","","","","","","","","","","","","","","","","","","","","","","","","10","","BD_ICV_2023"
"2023","Septiembre","2023-09-26","TOLIMA","ORTEGA","","","","","","","","","","","","","","","","","","","","","","","","","","","","","9","","BD_ICV_2023"
"2023","Septiembre","2023-09-27","TOLIMA","ORTEGA","","","","","","","","","","","","","","","","","","","","","","","","","","","","","0.5","","BD_ICV_2023"
"2023","Agosto","2023-08-04","TOLIMA","PALOCABILDO","SAN JOSE","","","","","","","","","","","","","","","","","","","","","","","","","","","","1","","BD_ICV_2023"
"2023","Septiembre","2023-09-06","TOLIMA","PALOCABILDO","LA CEIBA","","","","","","","","","","","","","","","","","","","","","","","","","","","","2","","BD_ICV_2023"
"2023","Julio","2023-07-25","TOLIMA","PIEDRAS","","","","","","","","","","","","","","","","","","","","","","","","","","","","","2","","BD_ICV_2023"
"2023","Enero","2023-01-25","TOLIMA","PLANADAS","","","","","","","","","","","","","","","","","","","","","","","","","","","","","1","","BD_ICV_2023"
"2023","Agosto","2023-08-16","TOLIMA","PLANADAS","","","","","","","","","","","","","","","","","","","","","","","","","","","","","4","","BD_ICV_2023"
"2023","Agosto","2023-08-25","TOLIMA","PLANADAS","","","","","","","","","","","","","","","","","","","","","","","","","","","","","2","","BD_ICV_2023"
"2023","Agosto","2023-08-29","TOLIMA","PLANADAS","","","","","","","","","","","","","","","","","","","","","","","","","","","","","25","","BD_ICV_2023"
"2023","Febrero","2023-02-04","TOLIMA","PRADO","","","","","","","","","","","","","","","","","","","","","","","","","","","","","250","","BD_ICV_2023"
"2023","Junio","2023-06-21","TOLIMA","PRADO","","","","","","","","","","","","","","","","","","","","","","","","","","","","","6","","BD_ICV_2023"
"2023","Agosto","2023-08-03","TOLIMA","PRADO","","","","","","","","","","","","","","","","","","","","","","","","","","","","","100","","BD_ICV_2023"
"2023","Agosto","2023-08-04","TOLIMA","PRADO","","","","","","","","","","","","","","","","","","","","","","","","","","","","","400","","BD_ICV_2023"
"2023","Agosto","2023-08-04","TOLIMA","PRADO","","","","","","","","","","","","","","","","","","","","","","","","","","","","","2","","BD_ICV_2023"
"2023","Septiembre","2023-09-08","TOLIMA","PRADO","","","","","","","","","","","","","","","","","","","","","","","","","","","","","100","","BD_ICV_2023"
"2023","Septiembre","2023-09-19","TOLIMA","PRADO","","","","","","","","","","","","","","","","","","","","","","","","","","","","","300","","BD_ICV_2023"
"2023","Septiembre","2023-09-19","TOLIMA","PRADO","Tomogó","","","","","","","","","","","","","","","","","","","","","","","","","","","","47","","BD_ICV_2023"
"2023","Octubre","2023-10-04","TOLIMA","PRADO","","","","","","","","","","","","","","","","","","","","","","","","","","","","","3","","BD_ICV_2023"
"2023","Octubre","2023-10-20","TOLIMA","PRADO","","","","","","","","","","","","","","","","","","","","","","","","","","","","","0.5","","BD_ICV_2023"
"2023","Octubre","2023-10-20","TOLIMA","PRADO","Serranía de Vayapie","","","","","","","","","","","","","","","","","","","","","","","","","","","","22.2","","BD_ICV_2023"
"2023","Junio","2023-06-29","TOLIMA","PURIFICACIÓN","","","","","","","","","","","","","","","","","","","","","","","","","","","","","1","","BD_ICV_2023"
"2023","Agosto","2023-08-08","TOLIMA","PURIFICACIÓN","","","","","","","","","","","","","","","","","","","","","","","","","","","","","0.5","","BD_ICV_2023"
"2023","Octubre","2023-10-12","TOLIMA","PURIFICACIÓN","","","","","","","","","","","","","","","","","","","","","","","","","","","","","10","","BD_ICV_2023"
"2023","Octubre","2023-10-20","TOLIMA","PURIFICACIÓN","","","","","","","","","","","","","","","","","","","","","","","","","","","","","600","","BD_ICV_2023"
"2023","Septiembre","2023-09-08","TOLIMA","RIOBLANCO","","","","","","","","","","","","","","","","","","","","","","","","","","","","","2","","BD_ICV_2023"
"2023","Septiembre","2023-09-17","TOLIMA","RIOBLANCO","","","","","","","","","","","","","","","","","","","","","","","","","","","","","1","","BD_ICV_2023"
"2023","Septiembre","2023-09-27","TOLIMA","RIOBLANCO","","","","","","","","","","","","","","","","","","","","","","","","","","","","","0.5","","BD_ICV_2023"
"2023","Febrero","2023-02-03","TOLIMA","RONCESVALLES","","","","","","","","","","","","","","","","","","","","","","","","","","","","","0.5","","BD_ICV_2023"
"2023","Agosto","2023-08-04","TOLIMA","ROVIRA","","","","","","","","","","","","","","","","","","","","","","","","","","","","","2","","BD_ICV_2023"
"2023","Febrero","2023-02-08","TOLIMA","SAN ANTONIO","","","","","","","","","","","","","","","","","","","","","","","","","","","","","10","","BD_ICV_2023"
"2023","Julio","2023-07-28","TOLIMA","SAN LUIS","","","","","","","","","","","","","","","","","","","","","","","","","","","","","7","","BD_ICV_2023"
"2023","Agosto","2023-08-07","TOLIMA","SAN LUIS","","","","","","","","","","","","","","","","","","","","","","","","","","","","","8","","BD_ICV_2023"
"2023","Agosto","2023-08-08","TOLIMA","SAN LUIS","","","","","","","","","","","","","","","","","","","","","","","","","","","","","10","","BD_ICV_2023"
"2023","Septiembre","2023-09-01","TOLIMA","SAN LUIS","","","","","","","","","","","","","","","","","","","","","","","","","","","","","5","","BD_ICV_2023"
"2023","Septiembre","2023-09-14","TOLIMA","SAN LUIS","","","","","","","","","","","","","","","","","","","","","","","","","","","","","30","","BD_ICV_2023"
"2023","Septiembre","2023-09-16","TOLIMA","SAN LUIS","","","","","","","","","","","","","","","","","","","","","","","","","","","","","22","","BD_ICV_2023"
"2023","Septiembre","2023-09-16","TOLIMA","SAN LUIS","","","","","","","","","","","","","","","","","","","","","","","","","","","","","4","","BD_ICV_2023"
"2023","Septiembre","2023-09-27","TOLIMA","SAN LUIS","","","","","","","","","","","","","","","","","","","","","","","","","","","","","230","","BD_ICV_2023"
"2023","Abril","2023-04-10","TOLIMA","SUÁREZ","","","","","","","","","","","","","","","","","","","","","","","","","","","","","0.5","","BD_ICV_2023"
"2023","Junio","2023-06-23","TOLIMA","SUÁREZ","","","","","","","","","","","","","","","","","","","","","","","","","","","","","0.5","","BD_ICV_2023"
"2023","Junio","2023-06-24","TOLIMA","SUÁREZ","","","","","","","","","","","","","","","","","","","","","","","","","","","","","15","","BD_ICV_2023"
"2023","Julio","2023-07-19","TOLIMA","SUÁREZ","hatoviejo","","","","","","","","","","","","","","","","","","","","","","","","","","","","800","","BD_ICV_2023"
"2023","Julio","2023-07-26","TOLIMA","SUÁREZ","","","","","","","","","","","","","","","","","","","","","","","","","","","","","1","","BD_ICV_2023"
"2023","Agosto","2023-08-08","TOLIMA","SUÁREZ","","","","","","","","","","","","","","","","","","","","","","","","","","","","","500","","BD_ICV_2023"
"2023","Septiembre","2023-09-30","TOLIMA","SUÁREZ","","","","","","","","","","","","","","","","","","","","","","","","","","","","","10","","BD_ICV_2023"
"2023","Julio","2023-07-13","TOLIMA","VALLE DE SAN JUAN","","","","","","","","","","","","","","","","","","","","","","","","","","","","","3","","BD_ICV_2023"
"2023","Agosto","2023-08-07","TOLIMA","VALLE DE SAN JUAN","AGUAS CLARAS","","","","","","","","","","","","","","","","","","","","","","","","","","","","34","","BD_ICV_2023"
"2023","Agosto","2023-08-11","TOLIMA","VALLE DE SAN JUAN","","","","","","","","","","","","","","","","","","","","","","","","","","","","","3","","BD_ICV_2023"
"2023","Septiembre","2023-09-21","TOLIMA","VALLE DE SAN JUAN","","","","","","","","","","","","","","","","","","","","","","","","","","","","","30","","BD_ICV_2023"
"2023","Octubre","2023-10-21","TOLIMA","VALLE DE SAN JUAN","AGUAS CLARAS","","","","","","","","","","","","","","","","","","","","","","","","","","","","30","","BD_ICV_2023"
"2023","Enero","2023-01-02","TOLIMA","VENADILLO","","","","","","","","","","","","","","","","","","","","","","","","","","","","","0.5","","BD_ICV_2023"
"2023","Enero","2023-01-30","TOLIMA","VENADILLO","","","","","","","","","","","","","","","","","","","","","","","","","","","","","4","","BD_ICV_2023"
"2023","Febrero","2023-02-09","TOLIMA","VENADILLO","","","","","","","","","","","","","","","","","","","","","","","","","","","","","1","","BD_ICV_2023"
"2023","Julio","2023-07-21","TOLIMA","VENADILLO","","","","","","","","","","","","","","","","","","","","","","","","","","","","","5","","BD_ICV_2023"
"2023","Agosto","2023-08-05","TOLIMA","VENADILLO","","","","","","","","","","","","","","","","","","","","","","","","","","","","","20","","BD_ICV_2023"
"2023","Noviembre","2023-11-29","TOLIMA","VENADILLO","","","","","","","","","","","","","","","","","","","","","","","","","","","","","1","","BD_ICV_2023"
"2023","Agosto","2023-08-26","TOLIMA","VILLARRICA","","","","","","","","","","","","","","","","","","","","","","","","","","","","","0.5","","BD_ICV_2023"
"2023","Febrero","2023-02-26","VALLE DEL CAUCA","ANDALUCÍA","","","","","","","","","","","","","","","","","","","","","","","","","","","","","1","","BD_ICV_2023"
"2023","Febrero","2023-02-27","VALLE DEL CAUCA","ANDALUCÍA","","","","","","","","","","","","","","","","","","","","","","","","","","","","","0.5","","BD_ICV_2023"
"2023","Febrero","2023-02-02","VALLE DEL CAUCA","BOLÍVAR","","","","","","","","","","","","","","","","","","","","","","","","","","","","","2","","BD_ICV_2023"
"2023","Febrero","2023-02-10","VALLE DEL CAUCA","BOLÍVAR","","","","","","","","","","","","","","","","","","","","","","","","","","","","","4","","BD_ICV_2023"
"2023","Febrero","2023-02-10","VALLE DEL CAUCA","BOLÍVAR","","","","","","","","","","","","","","","","","","","","","","","","","","","","","0.5","","BD_ICV_2023"
"2023","Mayo","2023-05-09","VALLE DEL CAUCA","CALI","","","","","","","","","","","","","","","","","","","","","","","","","","","","","20","","BD_ICV_2023"
"2023","Julio","2023-07-13","VALLE DEL CAUCA","CALI","","","","","","","","","","","","","","","","","","","","","","","","","","","","","330","","BD_ICV_2023"
"2023","Julio","2023-07-31","VALLE DEL CAUCA","CALI","","","","","","","","","","","","","","","","","","","","","","","","","","","","","10","","BD_ICV_2023"
"2023","Agosto","2023-08-08","VALLE DEL CAUCA","CALI","","","","","","","","","","","","","","","","","","","","","","","","","","","","","50","","BD_ICV_2023"
"2023","Agosto","2023-08-09","VALLE DEL CAUCA","CALI","","","","","","","","","","","","","","","","","","","","","","","","","","","","","10","","BD_ICV_2023"
"2023","Agosto","2023-08-11","VALLE DEL CAUCA","CALI","","","","","","","","","","","","","","","","","","","","","","","","","","","","","30","","BD_ICV_2023"
"2023","Agosto","2023-08-11","VALLE DEL CAUCA","CALI","","","","","","","","","","","","","","","","","","","","","","","","","","","","","5","","BD_ICV_2023"
"2023","Septiembre","2023-09-08","VALLE DEL CAUCA","CALI","","","","","","","","","","","","","","","","","","","","","","","","","","","","","30","","BD_ICV_2023"
"2023","Septiembre","2023-09-18","VALLE DEL CAUCA","CALI","","","","","","","","","","","","","","","","","","","","","","","","","","","","","16","","BD_ICV_2023"
"2023","Septiembre","2023-09-21","VALLE DEL CAUCA","CALI","","","","","","","","","","","","","","","","","","","","","","","","","","","","","10","","BD_ICV_2023"
"2023","Septiembre","2023-09-21","VALLE DEL CAUCA","CALI","","","","","","","","","","","","","","","","","","","","","","","","","","","","","0.5","","BD_ICV_2023"
"2023","Septiembre","2023-09-21","VALLE DEL CAUCA","CALI","","","","","","","","","","","","","","","","","","","","","","","","","","","","","0.5","","BD_ICV_2023"
"2023","Octubre","2023-10-02","VALLE DEL CAUCA","CALI","","","","","","","","","","","","","","","","","","","","","","","","","","","","","0.5","","BD_ICV_2023"
"2023","Octubre","2023-10-03","VALLE DEL CAUCA","CALI","","","","","","","","","","","","","","","","","","","","","","","","","","","","","1","","BD_ICV_2023"
"2023","Octubre","2023-10-05","VALLE DEL CAUCA","CALI","","","","","","","","","","","","","","","","","","","","","","","","","","","","","10","","BD_ICV_2023"
"2023","Febrero","2023-02-28","VALLE DEL CAUCA","CANDELARIA","","","","","","","","","","","","","","","","","","","","","","","","","","","","","0.5","","BD_ICV_2023"
"2023","Septiembre","2023-09-20","VALLE DEL CAUCA","DAGUA","","","","","","","","","","","","","","","","","","","","","","","","","","","","","7","","BD_ICV_2023"
"2023","Enero","2023-01-30","VALLE DEL CAUCA","EL AGUILA","","","","","","","","","","","","","","","","","","","","","","","","","","","","","1","","BD_ICV_2023"
"2023","Enero","2023-01-24","VALLE DEL CAUCA","EL CERRITO","","","","","","","","","","","","","","","","","","","","","","","","","","","","","0.5","","BD_ICV_2023"
"2023","Septiembre","2023-09-21","VALLE DEL CAUCA","EL CERRITO","","","","","","","","","","","","","","","","","","","","","","","","","","","","","40","","BD_ICV_2023"
"2023","Agosto","2023-08-08","VALLE DEL CAUCA","EL DOVIO","","","","","","","","","","","","","","","","","","","","","","","","","","","","","8","","BD_ICV_2023"
"2023","Febrero","2023-02-25","VALLE DEL CAUCA","FLORIDA","","","","","","","","","","","","","","","","","","","","","","","","","","","","","2","","BD_ICV_2023"
"2023","Agosto","2023-08-29","VALLE DEL CAUCA","GINEBRA","","","","","","","","","","","","","","","","","","","","","","","","","","","","","2.5","","BD_ICV_2023"
"2023","Marzo","2023-03-01","VALLE DEL CAUCA","JAMUNDÍ","","","","","","","","","","","","","","","","","","","","","","","","","","","","","0.5","","BD_ICV_2023"
"2023","Agosto","2023-08-23","VALLE DEL CAUCA","JAMUNDÍ","","","","","","","","","","","","","","","","","","","","","","","","","","","","","4","","BD_ICV_2023"
"2023","Septiembre","2023-09-22","VALLE DEL CAUCA","JAMUNDÍ","","","","","","","","","","","","","","","","","","","","","","","","","","","","","4","","BD_ICV_2023"
"2023","Febrero","2023-02-09","VALLE DEL CAUCA","LA UNIÓN","","","","","","","","","","","","","","","","","","","","","","","","","","","","","1","","BD_ICV_2023"
"2023","Febrero","2023-02-10","VALLE DEL CAUCA","LA UNIÓN","","","","","","","","","","","","","","","","","","","","","","","","","","","","","9","","BD_ICV_2023"
"2023","Febrero","2023-02-11","VALLE DEL CAUCA","LA UNIÓN","","","","","","","","","","","","","","","","","","","","","","","","","","","","","15","","BD_ICV_2023"
"2023","Febrero","2023-02-11","VALLE DEL CAUCA","LA UNIÓN","","","","","","","","","","","","","","","","","","","","","","","","","","","","","4","","BD_ICV_2023"
"2023","Enero","2023-01-23","VALLE DEL CAUCA","PALMIRA","","","","","","","","","","","","","","","","","","","","","","","","","","","","","0.5","","BD_ICV_2023"
"2023","Septiembre","2023-09-21","VALLE DEL CAUCA","PALMIRA","","","","","","","","","","","","","","","","","","","","","","","","","","","","","70","","BD_ICV_2023"
"2023","Febrero","2023-02-12","VALLE DEL CAUCA","PRADERA","","","","","","","","","","","","","","","","","","","","","","","","","","","","","50","","BD_ICV_2023"
"2023","Septiembre","2023-09-05","VALLE DEL CAUCA","PRADERA","","","","","","","","","","","","","","","","","","","","","","","","","","","","","70","","BD_ICV_2023"
"2023","Septiembre","2023-09-13","VALLE DEL CAUCA","PRADERA","","","","","","","","","","","","","","","","","","","","","","","","","","","","","60","","BD_ICV_2023"
"2023","Septiembre","2023-09-14","VALLE DEL CAUCA","PRADERA","","","","","","","","","","","","","","","","","","","","","","","","","","","","","60","","BD_ICV_2023"
"2023","Febrero","2023-02-28","VALLE DEL CAUCA","RESTREPO","","","","","","","","","","","","","","","","","","","","","","","","","","","","","0.5","","BD_ICV_2023"
"2023","Enero","2023-01-28","VALLE DEL CAUCA","ROLDANILLO","","","","","","","","","","","","","","","","","","","","","","","","","","","","","1","","BD_ICV_2023"
"2023","Febrero","2023-02-07","VALLE DEL CAUCA","ROLDANILLO","","","","","","","","","","","","","","","","","","","","","","","","","","","","","0.5","","BD_ICV_2023"
"2023","Febrero","2023-02-13","VALLE DEL CAUCA","ROLDANILLO","","","","","","","","","","","","","","","","","","","","","","","","","","","","","1","","BD_ICV_2023"
"2023","Febrero","2023-02-14","VALLE DEL CAUCA","ROLDANILLO","","","","","","","","","","","","","","","","","","","","","","","","","","","","","1","","BD_ICV_2023"
"2023","Agosto","2023-08-05","VALLE DEL CAUCA","ROLDANILLO","","","","","","","","","","","","","","","","","","","","","","","","","","","","","850","","BD_ICV_2023"
"2023","Julio","2023-07-26","VALLE DEL CAUCA","SAN PEDRO","","","","","","","","","","","","","","","","","","","","","","","","","","","","","35","","BD_ICV_2023"
"2023","Febrero","2023-02-10","VALLE DEL CAUCA","TULUÁ","","","","","","","","","","","","","","","","","","","","","","","","","","","","","1","","BD_ICV_2023"
"2023","Febrero","2023-02-11","VALLE DEL CAUCA","TULUÁ","","","","","","","","","","","","","","","","","","","","","","","","","","","","","30","","BD_ICV_2023"
"2023","Febrero","2023-02-15","VALLE DEL CAUCA","TULUÁ","","","","","","","","","","","","","","","","","","","","","","","","","","","","","0.5","","BD_ICV_2023"
"2023","Marzo","2023-03-03","VALLE DEL CAUCA","TULUÁ","","","","","","","","","","","","","","","","","","","","","","","","","","","","","0.5","","BD_ICV_2023"
"2023","Septiembre","2023-09-09","VALLE DEL CAUCA","VIJES","","","","","","","","","","","","","","","","","","","","","","","","","","","","","1","","BD_ICV_2023"
"2023","Septiembre","2023-09-14","VALLE DEL CAUCA","VIJES","","","","","","","","","","","","","","","","","","","","","","","","","","","","","12","","BD_ICV_2023"
"2023","Enero","2023-01-26","VALLE DEL CAUCA","YOTOCO","","","","","","","","","","","","","","","","","","","","","","","","","","","","","2","","BD_ICV_2023"
"2023","Febrero","2023-02-04","VALLE DEL CAUCA","YOTOCO","","","","","","","","","","","","","","","","","","","","","","","","","","","","","0.5","","BD_ICV_2023"
"2023","Marzo","2023-03-08","VALLE DEL CAUCA","YOTOCO","","","","","","","","","","","","","","","","","","","","","","","","","","","","","0.5","","BD_ICV_2023"
"2023","Junio","2023-06-18","VALLE DEL CAUCA","YOTOCO","","","","","","","","","","","","","","","","","","","","","","","","","","","","","100","","BD_ICV_2023"
"2023","Junio","2023-06-30","VALLE DEL CAUCA","YOTOCO","","","","","","","","","","","","","","","","","","","","","","","","","","","","","0.5","","BD_ICV_2023"
"2023","Mayo","2023-05-12","VALLE DEL CAUCA","YUMBO","","","","","","","","","","","","","","","","","","","","","","","","","","","","","5","","BD_ICV_2023"
"2023","Agosto","2023-08-11","VALLE DEL CAUCA","YUMBO","","","","","","","","","","","","","","","","","","","","","","","","","","","","","15","","BD_ICV_2023"
"2023","Septiembre","2023-09-10","VALLE DEL CAUCA","YUMBO","","","","","","","","","","","","","","","","","","","","","","","","","","","","","192","","BD_ICV_2023"
"2023","Septiembre","2023-09-16","VALLE DEL CAUCA","YUMBO","","","","","","","","","","","","","","","","","","","","","","","","","","","","","200","","BD_ICV_2023"
"2023","Febrero","2023-02-18","VALLE DEL CAUCA","ZARZAL","","","","","","","","","","","","","","","","","","","","","","","","","","","","","2","","BD_ICV_2023"
"2023","Octubre","2023-10-30","VAUPÉS","CARURÚ","","","","","","","","","","","","","","","","","","","","","","","","","","","","","1","","BD_ICV_2023"
"2023","Enero","2023-01-01","VICHADA","CUMARIBO","","","","","","","","","","","","","","","","","","","","","","","","","","","","","4000","","BD_ICV_2023"
"2023","Febrero","2023-02-01","VICHADA","CUMARIBO","","","","","","","","","","","","","","","","","","","","","","","","","","","","","3000","","BD_ICV_2023"
"2023","Marzo","2023-03-30","VICHADA","CUMARIBO","","","","","","","","","","","","","","","","","","","","","","","","","","","","","0.5","","BD_ICV_2023"
"2023","Octubre","2023-10-04","VICHADA","CUMARIBO","","","","","","","","","","","","","","","","","","","","","","","","","","","","","10","","BD_ICV_2023"
"2023","Diciembre","2023-12-20","VICHADA","CUMARIBO","","","","","","","","","","","","","","","","","","","","","","","","","","","","","10","","BD_ICV_2023"
"2023","Enero","2023-01-04","VICHADA","LA PRIMAVERA","","","","","","","","","","","","","","","","","","","","","","","","","","","","","0.5","","BD_ICV_2023"
"2023","Enero","2023-01-20","VICHADA","LA PRIMAVERA","","","","","","","","","","","","","","","","","","","","","","","","","","","","","0.5","","BD_ICV_2023"
"2023","Febrero","2023-02-08","VICHADA","LA PRIMAVERA","","","","","","","","","","","","","","","","","","","","","","","","","","","","","327","","BD_ICV_2023"
"2023","Febrero","2023-02-14","VICHADA","LA PRIMAVERA","","","","","","","","","","","","","","","","","","","","","","","","","","","","","700","","BD_ICV_2023"
"2023","Febrero","2023-02-15","VICHADA","LA PRIMAVERA","","","","","","","","","","","","","","","","","","","","","","","","","","","","","1","","BD_ICV_2023"
"2023","Febrero","2023-02-26","VICHADA","LA PRIMAVERA","","","","","","","","","","","","","","","","","","","","","","","","","","","","","50","","BD_ICV_2023"
"2023","Febrero","2023-02-27","VICHADA","LA PRIMAVERA","","","","","","","","","","","","","","","","","","","","","","","","","","","","","30","","BD_ICV_2023"
"2023","Febrero","2023-02-27","VICHADA","LA PRIMAVERA","","","","","","","","","","","","","","","","","","","","","","","","","","","","","0.5","","BD_ICV_2023"
"2023","Marzo","2023-03-03","VICHADA","LA PRIMAVERA","","","","","","","","","","","","","","","","","","","","","","","","","","","","","50","","BD_ICV_2023"
"2023","Enero","2023-01-26","VICHADA","PUERTO CARREÑO","","","","","","","","","","","","","","","","","","","","","","","","","","","","","5015","","BD_ICV_2023"
"2023","Febrero","2023-02-18","VICHADA","PUERTO CARREÑO","","","","","","","","","","","","","","","","","","","","","","","","","","","","","5","","BD_ICV_2023"
"2023","Febrero","2023-02-20","VICHADA","PUERTO CARREÑO","","","","","","","","","","","","","","","","","","","","","","","","","","","","","10","","BD_ICV_2023"
"2023","Marzo","2023-03-18","VICHADA","PUERTO CARREÑO","","","","","","","","","","","","","","","","","","","","","","","","","","","","","3000","","BD_ICV_2023"
"2023","Marzo","2023-03-18","VICHADA","PUERTO CARREÑO","","","","","","","","","","","","","","","","","","","","","","","","","","","","","650","","BD_ICV_2023"
"2023","Marzo","2023-03-18","VICHADA","PUERTO CARREÑO","","","","","","","","","","","","","","","","","","","","","","","","","","","","","3","","BD_ICV_2023"
"2023","Marzo","2023-03-19","VICHADA","PUERTO CARREÑO","","","","","","","","","","","","","","","","","","","","","","","","","","","","","10","","BD_ICV_2023"
