"ANIO","MES","FECHA_REGISTRO","DEPARTAMENTO","MUNICIPIO","VEREDA_CORREGIMIENTO","PREDIO_BARRIO","AREA_PROTEGIDA_NACIONAL","LATITUD","LONGITUD","ELEVACION_MSNM","AREA_COPA_HA","AREA_SUPERFICIAL_HA","AREA_SUBTERRANEO_HA","AREA_MIXTO_HA","AREA_OTRO_TIPO_HA","CAUSA_QUEMA_FUERA_CONTROL","CAUSA_DESCUIDO_NEGLIGENCIA","CAUSA_INTENCIONAL","CAUSA_ACCIDENTAL","CAUSA_REACTIVACION_FOCOS","CAUSA_OTRA","COB_BOSQUE_NATURAL_DENSO","COB_BOSQUE_INTERVENIDO","COB_BOSQUE_PLANTADO","COB_BOSQUE_SECO","COB_CULTIVOS","COB_PARAMOS","COB_SABANAS_PASTIZALES","COB_PASTOS_MANEJADOS","COB_RASTROJO","COB_VEGETACION_SECA","COB_COBERTURA_SIN_DETERMINAR","AREA_TOTAL_HA","ENTIDAD_REPORTA","FUENTE_HOJA"
"2022","Enero","2022-01-01","BOYACÁ","Ráquira","Límites con la Candelaria","","","","","","","","","","","","","","","","","","","","","","","","","","","","15","","BD_ICV_2022"
"2022","Enero","2022-01-01","BOYACÁ","Ráquira","Carapacho","","","","","","","","","","Superficial","","","","","","Sin definir","","","","","","","","","","","","8.6","","BD_ICV_2022"
"2022","Enero","2022-01-02","CASANARE","Yopal","VEREDAS VILLA DAVID Y AMÉRICAS","","","","","","","","","","","","","","","","","","","","","","","","","","","","300","","BD_ICV_2022"
"2022","Enero","2022-01-03","BOYACÁ","Chinavita","","","","","","","","","","","","","","","","","","","","","","","","","","","","","1","","BD_ICV_2022"
"2022","Enero","2022-01-03","BOYACÁ","Chinavita","Fusa","","","","","","","","","","Mixto","","","","","","Intencional","","","","","","","","","","","","0.41","","BD_ICV_2022"
"2022","Enero","2022-01-03","CASANARE","Aguazul","Km 4 Vía a Maní, Sector Fasca","","","","","","","","","","","","","","","","","","","","","","","","","","","","1","","BD_ICV_2022"
"2022","Enero","2022-01-03","CASANARE","Aguazul","Vereda Guaduales contiguo a la antigua escuela del Das","","","","","","","","","","","","","","","","","","","","","","","","","","","","1","","BD_ICV_2022"
"2022","Enero","2022-01-03","CUNDINAMARCA","Ubalá","","","","","","","","","","","","","","","","","","","","","","","","","","","","","1","","BD_ICV_2022"
"2022","Enero","2022-01-03","CUNDINAMARCA","Ubalá","","","","","","","","","","","","","","","","","","","","","","","","","","","","","2","","BD_ICV_2022"
"2022","Enero","2022-01-03","META","Granada","","","","","","","","","","","","","","","","","","","","","","","","","","","","","1","","BD_ICV_2022"
"2022","Enero","2022-01-03","META","Granada","","","","","","","","","","","","","","","","","","","","","","","","","","","","","15","","BD_ICV_2022"
"2022","Enero","2022-01-04","META","Puerto López","FINCA SAN MIGUEL FRENTE A LA REFORMA CERCA DE PACHAQUIARO","","","","","","","","","","","","","","","","","","","","","","","","","","","","15","","BD_ICV_2022"
"2022","Enero","2022-01-04","META","Puerto López","SECTOR PUERTO GUADALUPE","","","","","","","","","","","","","","","","","","","","","","","","","","","","3","","BD_ICV_2022"
"2022","Enero","2022-01-06","BOYACÁ","Aquitania","Toquilla","","","","","","","","","","Superficial","","","","","","Sin definir","","","","","","","","","","","","31.3","","BD_ICV_2022"
"2022","Enero","2022-01-06","BOYACÁ","Cuítiva","VEREDA CUATRO ESQUINAS","","","","","","","","","","","","","","","","","","","","","","","","","","","","16","","BD_ICV_2022"
"2022","Enero","2022-01-06","BOYACÁ","Cuítiva","Amarillos","","","","","","","","","","Superficial","","","","","","Sin definir","","","","","","","","","","","","35.93","","BD_ICV_2022"
"2022","Enero","2022-01-06","META","Restrepo","VEREDA SARDINATA","","","","","","","","","","","","","","","","","","","","","","","","","","","","3","","BD_ICV_2022"
"2022","Enero","2022-01-06","META","Restrepo","VEREDA LA FLORESTA","","","","","","","","","","","","","","","","","","","","","","","","","","","","5","","BD_ICV_2022"
"2022","Enero","2022-01-06","META","Villavicencio","VEREDA APIAY","","","","","","","","","","","","","","","","","","","","","","","","","","","","12","","BD_ICV_2022"
"2022","Enero","2022-01-06","META","Villavicencio","SECTOR BARRIO LA RELIQUIA","","","","","","","","","","","","","","","","","","","","","","","","","","","","18","","BD_ICV_2022"
"2022","Enero","2022-01-08","HUILA","Garzón","Alto Sartenejo","","","","","","","","","","Copa","","","","","","Sin definir","","","","","","","","","","","","0.5","","BD_ICV_2022"
"2022","Enero","2022-01-08","HUILA","Garzón","Alto San Isidro","","","","","","","","","","Copa","","","","","","Sin definir","","","","","","","","","","","","3","","BD_ICV_2022"
"2022","Enero","2022-01-08","HUILA","Garzón","Campo Amor","","","","","","","","","","Copa","","","","","","Sin definir","","","","","","","","","","","","1","","BD_ICV_2022"
"2022","Enero","2022-01-08","PUTUMAYO","Puerto Leguizamo","KM: 19, CERCA DE LA LADRILLERA.","","","","","","","","","","","","","","","","","","","","","","","","","","","","50","","BD_ICV_2022"
"2022","Enero","2022-01-08","PUTUMAYO","Puerto Leguizamo","VEREDA: CARRASTOL CEBU","","","","","","","","","","","","","","","","","","","","","","","","","","","","8","","BD_ICV_2022"
"2022","Enero","2022-01-09","HUILA","Teruel","Sector Delicias","","","","","","","","","","Superficial","","","","","","Quemas fuera de control","","","","","","","","","","","","0.5","","BD_ICV_2022"
"2022","Enero","2022-01-09","HUILA","Teruel","Sector Pailas","","","","","","","","","","Superficial","","","","","","Quemas fuera de control","","","","","","","","","","","","3","","BD_ICV_2022"
"2022","Enero","2022-01-10","CASANARE","Aguazul","Vereda Cuarto Únete Finca La Chacarita","","","","","","","","","","","","","","","","","","","","","","","","","","","","2","","BD_ICV_2022"
"2022","Enero","2022-01-10","CASANARE","Aguazul","Vereda La Iguanea","","","","","","","","","","","","","","","","","","","","","","","","","","","","4","","BD_ICV_2022"
"2022","Enero","2022-01-10","CASANARE","Aguazul","Vereda Guaduales","","","","","","","","","","","","","","","","","","","","","","","","","","","","1","","BD_ICV_2022"
"2022","Enero","2022-01-10","CAUCA","Páez","Resguardo Cohetando Y Vereda El Salado","","","","","","","","","","Mixto","","","","","","Sin definir","","","","","","","","","","","","22","","BD_ICV_2022"
"2022","Enero","2022-01-10","CESAR","San Martín","VARIANTE RUTA DEL SOL SOBRE LA DOBLE CALZADA VÍA SAN ALBERTO","","","","","","","","","","","","","","","","","","","","","","","","","","","","2","","BD_ICV_2022"
"2022","Enero","2022-01-10","CESAR","San Martín","VEREDA EL DIVISO PROPIEDAD DE LUIS DORIAN QUINTERO","","","","","","","","","","","","","","","","","","","","","","","","","","","","10","","BD_ICV_2022"
"2022","Enero","2022-01-11","PUTUMAYO","Puerto Leguizamo","SECTOR: VÍA RESGUARDO INDÍGENA LA SAMARITANA","","","","","","","","","","","","","","","","","","","","","","","","","","","","2","","BD_ICV_2022"
"2022","Enero","2022-01-11","PUTUMAYO","Puerto Leguizamo","SECTOR: LOS KIOSCOS- KM: 19","","","","","","","","","","","","","","","","","","","","","","","","","","","","15","","BD_ICV_2022"
"2022","Enero","2022-01-13","META","Villavicencio","VEREDA LA CECILIA","","","","","","","","","","","","","","","","","","","","","","","","","","","","1","","BD_ICV_2022"
"2022","Enero","2022-01-13","META","Villavicencio","SITIO VÍA ACACIAS SECTOR DEL CEMENTERIO","","","","","","","","","","","","","","","","","","","","","","","","","","","","1","","BD_ICV_2022"
"2022","Enero","2022-01-19","CASANARE","Aguazul","Vereda Las Atalayas Finca Rancho Gavilanes,","","","","","","","","","","","","","","","","","","","","","","","","","","","","15","","BD_ICV_2022"
"2022","Enero","2022-01-19","CASANARE","Aguazul","Ereda Cerrito, Km 58 Vía A Monterrey","","","","","","","","","","","","","","","","","","","","","","","","","","","","15","","BD_ICV_2022"
"2022","Enero","2022-01-19","CASANARE","Pore","Vereda Guanábanas Sobre La Marginal Del Llano, Cerca Al Río Güachiría","","","","","","","","","","","","","","","","","","","","","","","","","","","","8","","BD_ICV_2022"
"2022","Enero","2022-01-19","CASANARE","Pore","Vereda Guanábanas Sobre La Vía Pore - Paz De Ariporo","","","","","","","","","","","","","","","","","","","","","","","","","","","","60","","BD_ICV_2022"
"2022","Enero","2022-01-20","MAGDALENA","Ciénaga","SECTOR: SIERRA NEVADA","","","","","","","","","","","","","","","","","","","","","","","","","","","","15","","BD_ICV_2022"
"2022","Enero","2022-01-20","MAGDALENA","Ciénaga","Palmor Pozon","","","","","","","","","","Superficial","","","","","","Quemas fuera de control","","","","","","","","","","","","4","","BD_ICV_2022"
"2022","Enero","2022-01-22","CASANARE","Maní","Vereda La Poyata","","","","","","","","","","","","","","","","","","","","","","","","","","","","80","","BD_ICV_2022"
"2022","Enero","2022-01-22","CASANARE","Maní","Vereda Mate Piña","","","","","","","","","","","","","","","","","","","","","","","","","","","","15","","BD_ICV_2022"
"2022","Enero","2022-01-24","BOYACÁ","Sogamoso","VEREDA MELGAREJO","","","","","","","","","","","","","","","","","","","","","","","","","","","","3","","BD_ICV_2022"
"2022","Enero","2022-01-24","BOYACÁ","Sogamoso","Las Cañas","","","","","","","","","","Superficial","","","","","","Otros","","","","","","","","","","","","4.42","","BD_ICV_2022"
"2022","Enero","2022-01-24","CASANARE","Paz de Ariporo","Relleno Sanitario y el Sena","","","","","","","","","","","","","","","","","","","","","","","","","","","","10","","BD_ICV_2022"
"2022","Enero","2022-01-24","CASANARE","Paz de Ariporo","Vereda: Brisas del Muese, Sector: Rancho Violetas, Vía a Montañas del Totumo","","","","","","","","","","","","","","","","","","","","","","","","","","","","10","","BD_ICV_2022"
"2022","Enero","2022-01-24","HUILA","Gigante","Vereda Bajo Corozal","","","","","","","","","","Copa","","","","","","Sin definir","","","","","","","","","","","","1","","BD_ICV_2022"
"2022","Enero","2022-01-25","CASANARE","Paz de Ariporo","Vereda Carrastol Cebu","","","","","","","","","","","","","","","","","","","","","","","","","","","","1","","BD_ICV_2022"
"2022","Enero","2022-01-25","CASANARE","Paz de Ariporo","Cerca Al Sena","","","","","","","","","","","","","","","","","","","","","","","","","","","","5","","BD_ICV_2022"
"2022","Enero","2022-01-28","GUAVIARE","San José del Guaviare","","","","","","","","","","","","","","","","","","","","","","","","","","","","","60","","BD_ICV_2022"
"2022","Enero","2022-01-28","HUILA","Gigante","Sector Del Chorro Barrio El Carmen","","","","","","","","","","Superficial","","","","","","Quemas fuera de control","","","","","","","","","","","","1","","BD_ICV_2022"
"2022","Enero","2022-01-28","HUILA","Gigante","Vereda Bajo Corozal","","","","","","","","","","Superficial","","","","","","Intencional","","","","","","","","","","","","1","","BD_ICV_2022"
"2022","Enero","2022-01-28","META","Puerto Lleras","VÍA A PUERTO GRANADA KM 45","","","","","","","","","","","","","","","","","","","","","","","","","","","","10","","BD_ICV_2022"
"2022","Enero","2022-01-28","META","Puerto Lleras","SECTOR VETADA CHAFURRAY","","","","","","","","","","","","","","","","","","","","","","","","","","","","100","","BD_ICV_2022"
"2022","Enero","2022-01-29","BOGOTÁ D.C.","Bogotá D.C.","El Uval -  Km 2+300 Vía Al Llano Localidad Usme","","","","","","","","","","Mixto","","","","","","Sin definir","","","","","","","","","","","","1","","BD_ICV_2022"
"2022","Enero","2022-01-29","BOGOTÁ D.C.","Bogotá D.C.","El Uval - Cl 115 Sur 5 Este Localidad Usme","","","","","","","","","","Superficial","","","","","","Sin definir","","","","","","","","","","","","2.1","","BD_ICV_2022"
"2022","Enero","2022-01-30","CASANARE","Aguazul","Vereda Cuarto Únete, Finca San Antonio","","","","","","","","","","","","","","","","","","","","","","","","","","","","4","","BD_ICV_2022"
"2022","Enero","2022-01-30","CASANARE","Aguazul","Vereda Cuarto Únete, Finca La Chacarita","","","","","","","","","","","","","","","","","","","","","","","","","","","","1","","BD_ICV_2022"
"2022","Enero","2022-01-30","HUILA","Tello","Casco Urbano (Sendero Sandiego)","","","","","","","","","","Copa","","","","","","Sin definir","","","","","","","","","","","","1","","BD_ICV_2022"
"2022","Enero","2022-01-30","HUILA","Tello","Vereda San Isidro Bajo","","","","","","","","","","Superficial","","","","","","Quemas fuera de control","","","","","","","","","","","","0.5","","BD_ICV_2022"
"2022","Enero","2022-01-30","META","Vistahermosa","VEREDA ALTO GUANÍ","","","","","","","","","","","","","","","","","","","","","","","","","","","","16","","BD_ICV_2022"
"2022","Enero","2022-01-30","META","Vistahermosa","VEREDA LA PAZ","","","","","","","","","","","","","","","","","","","","","","","","","","","","22","","BD_ICV_2022"
"2022","Enero","2022-01-30","SANTANDER","Barrancabermeja","VEREDA PÉNJAMO","","","","","","","","","","","","","","","","","","","","","","","","","","","","10","","BD_ICV_2022"
"2022","Febrero","2022-02-02","CUNDINAMARCA","Cáqueza","","","","","","","","","","","","","","","","","","","","","","","","","","","","","5","","BD_ICV_2022"
"2022","Febrero","2022-02-02","CUNDINAMARCA","Cáqueza","","","","","","","","","","","","","","","","","","","","","","","","","","","","","1","","BD_ICV_2022"
"2022","Febrero","2022-02-02","HUILA","Palermo","Vereda Cuiscinde","","","","","","","","","","Copa","","","","","","Sin definir","","","","","","","","","","","","7","","BD_ICV_2022"
"2022","Febrero","2022-02-02","HUILA","Palermo","Gloriete Via Palermo Neiva Juncal","","","","","","","","","","Superficial","","","","","","Sin definir","","","","","","","","","","","","1","","BD_ICV_2022"
"2022","Febrero","2022-02-02","META","Puerto Gaitán","","","","","","","","","","","","","","","","","","","","","","","","","","","","","100","","BD_ICV_2022"
"2022","Febrero","2022-02-02","META","Puerto Gaitán","","","","","","","","","","","","","","","","","","","","","","","","","","","","","600","","BD_ICV_2022"
"2022","Febrero","2022-02-04","HUILA","Tello","Vereda Mesa Redonda","","","","","","","","","","Superficial","","","","","","Quemas fuera de control","","","","","","","","","","","","0.05","","BD_ICV_2022"
"2022","Febrero","2022-02-04","HUILA","Tello","Vereda Cucharito","","","","","","","","","","Superficial","","","","","","Quemas fuera de control","","","","","","","","","","","","0.02","","BD_ICV_2022"
"2022","Febrero","2022-02-04","LA GUAJIRA","Riohacha","Tigrera - Puente Bomba","","","","","","","","","","Superficial","","","","","","Otros","","","","","","","","","","","","800","","BD_ICV_2022"
"2022","Febrero","2022-02-04","META","Granada","","","","","","","","","","","","","","","","","","","","","","","","","","","","","1.5","","BD_ICV_2022"
"2022","Febrero","2022-02-04","META","Granada","","","","","","","","","","","","","","","","","","","","","","","","","","","","","40","","BD_ICV_2022"
"2022","Febrero","2022-02-04","VICHADA","Puerto Carreño","","","","","","","","","","","","","","","","","","","","","","","","","","","","","1","","BD_ICV_2022"
"2022","Febrero","2022-02-04","VICHADA","Puerto Carreño","","","","","","","","","","","","","","","","","","","","","","","","","","","","","1","","BD_ICV_2022"
"2022","Febrero","2022-02-13","CASANARE","Paz de Ariporo","Vereda Brisas del Muese, Vía El Totumo","","","","","","","","","","","","","","","","","","","","","","","","","","","","1","","BD_ICV_2022"
"2022","Febrero","2022-02-13","CASANARE","Paz de Ariporo","Vereda Carrastol Sector Cebú","","","","","","","","","","","","","","","","","","","","","","","","","","","","1","","BD_ICV_2022"
"2022","Febrero","2022-02-14","ARAUCA","Arauca","VEREDA TODOS LOS SANTOS","","","","","","","","","","","","","","","","","","","","","","","","","","","","1","","BD_ICV_2022"
"2022","Febrero","2022-02-14","ARAUCA","Arauca","VEREDA EL MIEDO","","","","","","","","","","","","","","","","","","","","","","","","","","","","1500","","BD_ICV_2022"
"2022","Febrero","2022-02-16","ARAUCA","Arauca","VEREDA BOCAS DEL ARAUCA","","","","","","","","","","","","","","","","","","","","","","","","","","","","200","","BD_ICV_2022"
"2022","Febrero","2022-02-16","GUAVIARE","San José del Guaviare","","","","","","","","","","","","","","","","","","","","","","","","","","","","","60","","BD_ICV_2022"
"2022","Febrero","2022-02-16","GUAVIARE","San José del Guaviare","","","","","","","","","","","","","","","","","","","","","","","","","","","","","1","","BD_ICV_2022"
"2022","Febrero","2022-02-16","GUAVIARE","San José del Guaviare","","","","","","","","","","","","","","","","","","","","","","","","","","","","","1","","BD_ICV_2022"
"2022","Febrero","2022-02-16","META","Puerto López","","","","","","","","","","","","","","","","","","","","","","","","","","","","","3","","BD_ICV_2022"
"2022","Febrero","2022-02-16","META","Puerto López","","","","","","","","","","","","","","","","","","","","","","","","","","","","","3","","BD_ICV_2022"
"2022","Febrero","2022-02-16","META","Puerto López","","","","","","","","","","","","","","","","","","","","","","","","","","","","","450","","BD_ICV_2022"
"2022","Febrero","2022-02-17","SANTANDER","Tona","Pirgua","","","","","","","","","","Superficial","","","","","","Descuido y negligencia","","","","","","","","","","","","0.31","","BD_ICV_2022"
"2022","Febrero","2022-02-20","META","Puerto López","","","","","","","","","","","","","","","","","","","","","","","","","","","","","1500","","BD_ICV_2022"
"2022","Febrero","2022-02-20","META","Puerto López","","","","","","","","","","","","","","","","","","","","","","","","","","","","","40","","BD_ICV_2022"
"2022","Febrero","2022-02-21","CESAR","El Copey","Betania","","","","","","","","","","Superficial","","","","","","Sin definir","","","","","","","","","","","","81","","BD_ICV_2022"
"2022","Febrero","2022-02-21","CESAR","El Copey","Betania Y Ley De Dios","","","","","","","","","","Superficial","","","","","","Sin definir","","","","","","","","","","","","421","","BD_ICV_2022"
"2022","Febrero","2022-02-22","CASANARE","Aguazul","","","","","","","","","","","","","","","","","","","","","","","","","","","","","3","","BD_ICV_2022"
"2022","Febrero","2022-02-22","CASANARE","Aguazul","","","","","","","","","","","","","","","","","","","","","","","","","","","","","75","","BD_ICV_2022"
"2022","Febrero","2022-02-22","CASANARE","Aguazul","","","","","","","","","","","","","","","","","","","","","","","","","","","","","4","","BD_ICV_2022"
"2022","Febrero","2022-02-22","CASANARE","Aguazul","","","","","","","","","","","","","","","","","","","","","","","","","","","","","520","","BD_ICV_2022"
"2022","Febrero","2022-02-22","META","La Macarena","","","","","","","","","","","","","","","","","","","","","","","","","","","","","5","","BD_ICV_2022"
"2022","Febrero","2022-02-22","META","La Macarena","","","","","","","","","","","","","","","","","","","","","","","","","","","","","6","","BD_ICV_2022"
"2022","Febrero","2022-02-26","CESAR","Agustín Codazzi","La Duda","","","","","","","","","","Superficial","","","","","","Sin definir","","","","","","","","","","","","1.84","","BD_ICV_2022"
"2022","Febrero","2022-02-26","CESAR","Agustín Codazzi","La Iberia - Guarani","","","","","","","","","","Superficial","","","","","","Quemas fuera de control","","","","","","","","","","","","6.48","","BD_ICV_2022"
"2022","Febrero","2022-02-26","CESAR","Agustín Codazzi","La Iberia - Guarani","","","","","","","","","","Superficial","","","","","","Quemas fuera de control","","","","","","","","","","","","2.16","","BD_ICV_2022"
"2022","Marzo","2022-03-09","CAUCA","Inzá","Vereda Los Pinos","","","","","","","","","","Superficial","","","","","","Quemas fuera de control","","","","","","","","","","","","2","","BD_ICV_2022"
"2022","Marzo","2022-03-14","LA GUAJIRA","Riohacha","Tomarrazon","","","","","","","","","","Superficial","","","","","","Quemas fuera de control","","","","","","","","","","","","100","","BD_ICV_2022"
"2022","Marzo","2022-03-20","BOYACÁ","Aquitania","Perez Daito","","","","","","","","","","Superficial","","","","","","Accidental","","","","","","","","","","","","49.1","","BD_ICV_2022"
"2022","Marzo","2022-03-24","CASANARE","Pore","Vereda Regalito","","","","","","","","","","","","","","","","","","","","","","","","","","","","2","","BD_ICV_2022"
"2022","Marzo","2022-03-24","CASANARE","Pore","Vereda Miralindo","","","","","","","","","","","","","","","","","","","","","","","","","","","","16","","BD_ICV_2022"
"2022","Marzo","2022-03-28","BOYACÁ","Sogamoso","LAS CINTAS","","","","","","","","","","","","","","","","","","","","","","","","","","","","5","","BD_ICV_2022"
"2022","Marzo","2022-03-28","BOYACÁ","Sogamoso","Las Cañas","","","","","","","","","","Superficial","","","","","","Otros","","","","","","","","","","","","11.22","","BD_ICV_2022"
"2022","Abril","2022-04-15","HUILA","Pitalito","Vereda Laguna Verde","","","","","","","","","","Superficial","","","","","","Quemas fuera de control","","","","","","","","","","","","10","","BD_ICV_2022"
"2022","Abril","2022-04-15","HUILA","Pitalito","Vereda Santa Rosa","","","","","","","","","","Superficial","","","","","","Quemas fuera de control","","","","","","","","","","","","2","","BD_ICV_2022"
"2022","Junio","2022-06-06","HUILA","Palermo","Km 3 Neiva - Palermo (Antigua Vía Juncal)","","","","","","","","","","Copa","","","","","","Sin definir","","","","","","","","","","","","2","","BD_ICV_2022"
"2022","Junio","2022-06-06","HUILA","Palermo","Parque Industrial","","","","","","","","","","Superficial","","","","","","Sin definir","","","","","","","","","","","","1","","BD_ICV_2022"
"2022","Junio","2022-06-27","HUILA","Aipe","Ciudadela Educativa","","","","","","","","","","Superficial","","","","","","Intencional","","","","","","","","","","","","0.5","","BD_ICV_2022"
"2022","Junio","2022-06-28","HUILA","Rivera","Vereda Agua Fria","","","","","","","","","","Copa","","","","","","Sin definir","","","","","","","","","","","","3","","BD_ICV_2022"
"2022","Junio","2022-06-28","HUILA","Rivera","Vereda Agua Fria","","","","","","","","","","Superficial","","","","","","Intencional","","","","","","","","","","","","30","","BD_ICV_2022"
"2022","Julio","2022-07-07","HUILA","Campoalegre","Vereda Los Rosales","","","","","","","","","","Superficial","","","","","","Accidental","","","","","","","","","","","","1.5","","BD_ICV_2022"
"2022","Agosto","2022-08-09","CUNDINAMARCA","San Cayetano","Vereda Remanso","","","","","","","","","","Superficial","","","","","","Sin definir","","","","","","","","","","","","3","","BD_ICV_2022"
"2022","Agosto","2022-08-29","NARIÑO","El Táblon de Gomez","Janacatu","","","","","","","","","","Otros","","","","","","Sin definir","","","","","","","","","","","","2","","BD_ICV_2022"
"2022","Agosto","2022-08-31","HUILA","Neiva","","","","","","","","","","","","","","","","","","","","","","","","","","","","","2.7","","BD_ICV_2022"
"2022","Agosto","2022-08-31","HUILA","Neiva","","","","","","","","","","","","","","","","","","","","","","","","","","","","","75.8","","BD_ICV_2022"
"2022","Septiembre","2022-09-01","HUILA","Tesalia","","","","","","","","","","","","","","","","","","","","","","","","","","","","","1.5","","BD_ICV_2022"
"2022","Septiembre","2022-09-01","HUILA","Tesalia","","","","","","","","","","","","","","","","","","","","","","","","","","","","","1","","BD_ICV_2022"
"2022","Septiembre","2022-09-08","HUILA","Yaguará","","","","","","","","","","","","","","","","","","","","","","","","","","","","","15","","BD_ICV_2022"
"2022","Septiembre","2022-09-09","HUILA","Hobo","","","","","","","","","","","","","","","","","","","","","","","","","","","","","5","","BD_ICV_2022"
"2022","Septiembre","2022-09-09","HUILA","Hobo","","","","","","","","","","","","","","","","","","","","","","","","","","","","","4","","BD_ICV_2022"
"2022","Septiembre","2022-09-10","TOLIMA","Alvarado","","","","","","","","","","","","","","","","","","","","","","","","","","","","","40","","BD_ICV_2022"
"2022","Septiembre","2022-09-10","TOLIMA","Alvarado","","","","","","","","","","","","","","","","","","","","","","","","","","","","","20","","BD_ICV_2022"
"2022","Septiembre","2022-09-11","NARIÑO","Santa Cruz","Vereda Chapu","","","","","","","","","","Otros","","","","","","Sin definir","","","","","","","","","","","","3","","BD_ICV_2022"
"2022","Septiembre","2022-09-12","HUILA","Baraya","","","","","","","","","","","","","","","","","","","","","","","","","","","","","1","","BD_ICV_2022"
"2022","Septiembre","2022-09-12","HUILA","Baraya","","","","","","","","","","","","","","","","","","","","","","","","","","","","","1","","BD_ICV_2022"
"2022","Septiembre","2022-09-12","HUILA","Neiva","","","","","","","","","","","","","","","","","","","","","","","","","","","","","20.8","","BD_ICV_2022"
"2022","Septiembre","2022-09-12","HUILA","Yaguará","","","","","","","","","","","","","","","","","","","","","","","","","","","","","6","","BD_ICV_2022"
"2022","Septiembre","2022-09-12","HUILA","Yaguará","","","","","","","","","","","","","","","","","","","","","","","","","","","","","3","","BD_ICV_2022"
"2022","Septiembre","2022-09-14","NARIÑO","Córdoba","Pueblo Bajo","","","","","","","","","","Otros","","","","","","Sin definir","","","","","","","","","","","","1","","BD_ICV_2022"
"2022","Septiembre","2022-09-14","NARIÑO","Cumbal","","","","","","","","","","","","","","","","","","","","","","","","","","","","","1","","BD_ICV_2022"
"2022","Septiembre","2022-09-14","NARIÑO","Cumbal","Mundo Nuevo Vereda Cuaical","","","","","","","","","","Otros","","","","","","Sin definir","","","","","","","","","","","","5","","BD_ICV_2022"
"2022","Diciembre","2022-12-23","CUNDINAMARCA","Une","","","","","","","","","","","","","","","","","","","","","","","","","","","","","1","","BD_ICV_2022"
"2022","Diciembre","2022-12-25","LA GUAJIRA","Urumita","","","","","","","","","","","","","","","","","","","","","","","","","","","","","6","","BD_ICV_2022"
"2022","Diciembre","2022-12-25","SANTANDER","Los Santos","","","","","","","","","","","","","","","","","","","","","","","","","","","","","10","","BD_ICV_2022"
"2022","Diciembre","2022-12-25","SANTANDER","Los Santos","","","","","","","","","","","","","","","","","","","","","","","","","","","","","3","","BD_ICV_2022"
"2022","Diciembre","2022-12-28","NARIÑO","Córdoba","","","","","","","","","","","","","","","","","","","","","","","","","","","","","1","","BD_ICV_2022"
"2022","Diciembre","2022-12-28","NARIÑO","Córdoba","","","","","","","","","","","","","","","","","","","","","","","","","","","","","1","","BD_ICV_2022"
"2022","Diciembre","2022-12-29","NARIÑO","Córdoba","","","","","","","","","","","","","","","","","","","","","","","","","","","","","1","","BD_ICV_2022"
"2022","Diciembre","2022-12-29","NARIÑO","Córdoba","","","","","","","","","","","","","","","","","","","","","","","","","","","","","1","","BD_ICV_2022"
"2022","Diciembre","2022-12-30","CUNDINAMARCA","La Mesa","","","","","","","","","","","","","","","","","","","","","","","","","","","","","2","","BD_ICV_2022"
"2022","Diciembre","2022-12-30","CUNDINAMARCA","La Mesa","","","","","","","","","","","","","","","","","","","","","","","","","","","","","2","","BD_ICV_2022"
"2022","Diciembre","2022-12-30","HUILA","Pitalito","","","","","","","","","","","","","","","","","","","","","","","","","","","","","5","","BD_ICV_2022"
"2022","Diciembre","2022-12-30","HUILA","Pitalito","","","","","","","","","","","","","","","","","","","","","","","","","","","","","1","","BD_ICV_2022"
"2022","Diciembre","2022-12-31","SANTANDER","Sabana de Torres","","","","","","","","","","","","","","","","","","","","","","","","","","","","","3","","BD_ICV_2022"
"2022","Enero","2022-01-02","CUNDINAMARCA","Tausa","","","","","","","","","","","","","","","","","","","","","","","","","","","","","2","","BD_ICV_2022"
"2022","Enero","2022-01-02","CUNDINAMARCA","Tausa","Vereda Pajarito Sector Las Minas","","","","","","","","","","Superficial","","","","","","Sin definir","","","","","","","","","","","","5","","BD_ICV_2022"
"2022","Enero","2022-01-05","META","San Juan de Arama","","","","","","","","","","","","","","","","","","","","","","","","","","","","","5","","BD_ICV_2022"
"2022","Enero","2022-01-05","META","San Juan de Arama","","","","","","","","","","","","","","","","","","","","","","","","","","","","","20","","BD_ICV_2022"
"2022","Enero","2022-01-01","CASANARE","Orocué","","","","","","","","","","","","","","","","","","","","","","","","","","","","","60","","BD_ICV_2022"
"2022","Enero","2022-01-02","CASANARE","Nunchía","","","","","","","","","","","","","","","","","","","","","","","","","","","","","2","","BD_ICV_2022"
"2022","Enero","2022-01-02","CASANARE","Paz de Ariporo","","","","","","","","","","","","","","","","","","","","","","","","","","","","","5","","BD_ICV_2022"
"2022","Enero","2022-01-02","CUNDINAMARCA","Carmen de Carupa","","","","","","","","","","","","","","","","","","","","","","","","","","","","","1","","BD_ICV_2022"
"2022","Enero","2022-01-02","CUNDINAMARCA","Sutatausa","","","","","","","","","","","","","","","","","","","","","","","","","","","","","5","","BD_ICV_2022"
"2022","Enero","2022-01-02","META","Vistahermosa","","","","","","","","","","","","","","","","","","","","","","","","","","","","","160","","BD_ICV_2022"
"2022","Enero","2022-01-03","BOYACÁ","Aquitania","Toquilla","","","","","","","","","","Superficial","","","","","","Otros","","","","","","","","","","","","2.77","","BD_ICV_2022"
"2022","Enero","2022-01-03","BOYACÁ","Guateque","","","","","","","","","","","","","","","","","","","","","","","","","","","","","10","","BD_ICV_2022"
"2022","Enero","2022-01-03","CUNDINAMARCA","Sesquilé","San Jose","","","","","","","","","","Superficial","","","","","","Quemas fuera de control","","","","","","","","","","","","2","","BD_ICV_2022"
"2022","Enero","2022-01-03","META","Villavicencio","","","","","","","","","","","","","","","","","","","","","","","","","","","","","40","","BD_ICV_2022"
"2022","Enero","2022-01-03","SANTANDER","San Andrés","","","","","","","","","","","","","","","","","","","","","","","","","","","","","2","","BD_ICV_2022"
"2022","Enero","2022-01-03","VICHADA","Cumaribo","","","","","","","","","","","","","","","","","","","","","","","","","","","","","26008","","BD_ICV_2022"
"2022","Enero","2022-01-04","CESAR","El Paso","","","","","","","","","","","","","","","","","","","","","","","","","","","","","6","","BD_ICV_2022"
"2022","Enero","2022-01-04","META","Granada","","","","","","","","","","","","","","","","","","","","","","","","","","","","","50","","BD_ICV_2022"
"2022","Enero","2022-01-04","META","Puerto Gaitán","","","","","","","","","","","","","","","","","","","","","","","","","","","","","400","","BD_ICV_2022"
"2022","Enero","2022-01-05","ANTIOQUIA","Vegachí","","","","","","","","","","","","","","","","","","","","","","","","","","","","","1","","BD_ICV_2022"
"2022","Enero","2022-01-05","BOYACÁ","Aquitania","","","","","","","","","","","","","","","","","","","","","","","","","","","","","25","","BD_ICV_2022"
"2022","Enero","2022-01-05","BOYACÁ","Mongua","Vda Sirguaza","","","","","","","","","","Superficial","","","","","","Sin definir","","","","","","","","","","","","219.3","","BD_ICV_2022"
"2022","Enero","2022-01-05","CASANARE","Maní","","","","","","","","","","","","","","","","","","","","","","","","","","","","","20","","BD_ICV_2022"
"2022","Enero","2022-01-05","META","La Macarena","","","","","","","","","","","","","","","","","","","","","","","","","","","","","400","","BD_ICV_2022"
"2022","Enero","2022-01-06","META","Cubarral","","","","","","","","","","","","","","","","","","","","","","","","","","","","","2","","BD_ICV_2022"
"2022","Enero","2022-01-06","META","San Juan de Arama","","","","","","","","","","","","","","","","","","","","","","","","","","","","","30","","BD_ICV_2022"
"2022","Enero","2022-01-06","META","San Martín","","","","","","","","","","","","","","","","","","","","","","","","","","","","","10","","BD_ICV_2022"
"2022","Enero","2022-01-06","NORTE DE SANTANDER","Pamplona","","","","","","","","","","","","","","","","","","","","","","","","","","","","","50","","BD_ICV_2022"
"2022","Enero","2022-01-06","SANTANDER","Concepcion","","","","","","","","","","","","","","","","","","","","","","","","","","","","","7","","BD_ICV_2022"
"2022","Enero","2022-01-07","BOGOTÁ D.C.","Bogotá D.C.","La Aurora","","","","","","","","","","Superficial","","","","","","Sin definir","","","","","","","","","","","","0.99","","BD_ICV_2022"
"2022","Enero","2022-01-07","META","Puerto Gaitán","","","","","","","","","","","","","","","","","","","","","","","","","","","","","500","","BD_ICV_2022"
"2022","Enero","2022-01-07","META","Villavicencio","","","","","","","","","","","","","","","","","","","","","","","","","","","","","1","","BD_ICV_2022"
"2022","Enero","2022-01-08","BOGOTÁ D.C.","Bogotá D.C.","Verjon Bajo - Localidad Chapinero","","","","","","","","","","Superficial","","","","","","Sin definir","","","","","","","","","","","","3.86","","BD_ICV_2022"
"2022","Enero","2022-01-08","META","Puerto Gaitán","","","","","","","","","","","","","","","","","","","","","","","","","","","","","10","","BD_ICV_2022"
"2022","Enero","2022-01-08","META","San Juan de Arama","","","","","","","","","","","","","","","","","","","","","","","","","","","","","50","","BD_ICV_2022"
"2022","Enero","2022-01-08","META","San Martín","","","","","","","","","","","","","","","","","","","","","","","","","","","","","10","","BD_ICV_2022"
"2022","Enero","2022-01-09","CASANARE","Paz de Ariporo","","","","","","","","","","","","","","","","","","","","","","","","","","","","","6","","BD_ICV_2022"
"2022","Enero","2022-01-09","CESAR","Chiriguaná","","","","","","","","","","","","","","","","","","","","","","","","","","","","","20","","BD_ICV_2022"
"2022","Enero","2022-01-09","HUILA","Garzón","Barrio Las Granjas","","","","","","","","","","Copa","","","","","","Descuido y negligencia","","","","","","","","","","","","2","","BD_ICV_2022"
"2022","Enero","2022-01-09","META","Puerto López","","","","","","","","","","","","","","","","","","","","","","","","","","","","","10","","BD_ICV_2022"
"2022","Enero","2022-01-09","SANTANDER","Piedecuesta","","","","","","","","","","","","","","","","","","","","","","","","","","","","","8","","BD_ICV_2022"
"2022","Enero","2022-01-09","TOLIMA","Carmen de Apicalá","","","","","","","","","","","","","","","","","","","","","","","","","","","","","4","","BD_ICV_2022"
"2022","Enero","2022-01-10","CASANARE","Hato Corozal","","","","","","","","","","","","","","","","","","","","","","","","","","","","","5500","","BD_ICV_2022"
"2022","Enero","2022-01-10","HUILA","Garzón","Cruce Hacia La Vereda Monserrate","","","","","","","","","","Copa","","","","","","Sin definir","","","","","","","","","","","","1","","BD_ICV_2022"
"2022","Enero","2022-01-10","META","Puerto López","","","","","","","","","","","","","","","","","","","","","","","","","","","","","10","","BD_ICV_2022"
"2022","Enero","2022-01-10","META","San Juan de Arama","","","","","","","","","","","","","","","","","","","","","","","","","","","","","65","","BD_ICV_2022"
"2022","Enero","2022-01-10","META","Vistahermosa","","","","","","","","","","","","","","","","","","","","","","","","","","","","","65","","BD_ICV_2022"
"2022","Enero","2022-01-10","SANTANDER","Piedecuesta","Guatiguará","","","","","","","","","","Superficial","","","","","","Descuido y negligencia","","","","","","","","","","","","53.2","","BD_ICV_2022"
"2022","Enero","2022-01-10","VICHADA","Puerto Carreño","","","","","","","","","","","","","","","","","","","","","","","","","","","","","3","","BD_ICV_2022"
"2022","Enero","2022-01-11","ANTIOQUIA","La Unión","Chalarca","","","","","","","","","","Superficial","","","","","","Intencional","","","","","","","","","","","","0.64","","BD_ICV_2022"
"2022","Enero","2022-01-11","CASANARE","Maní","","","","","","","","","","","","","","","","","","","","","","","","","","","","","30","","BD_ICV_2022"
"2022","Enero","2022-01-11","CASANARE","Orocué","","","","","","","","","","","","","","","","","","","","","","","","","","","","","220","","BD_ICV_2022"
"2022","Enero","2022-01-11","CESAR","Bosconia","","","","","","","","","","","","","","","","","","","","","","","","","","","","","10","","BD_ICV_2022"
"2022","Enero","2022-01-11","GUAVIARE","San José del Guaviare","","","","","","","","","","","","","","","","","","","","","","","","","","","","","60","","BD_ICV_2022"
"2022","Enero","2022-01-11","META","Puerto López","","","","","","","","","","","","","","","","","","","","","","","","","","","","","50","","BD_ICV_2022"
"2022","Enero","2022-01-11","META","San Juan de Arama","","","","","","","","","","","","","","","","","","","","","","","","","","","","","7","","BD_ICV_2022"
"2022","Enero","2022-01-11","VICHADA","Puerto Carreño","","","","","","","","","","","","","","","","","","","","","","","","","","","","","4","","BD_ICV_2022"
"2022","Enero","2022-01-12","BOYACÁ","El Espino","","","","","","","","","","","","","","","","","","","","","","","","","","","","","1","","BD_ICV_2022"
"2022","Enero","2022-01-12","CAQUETA","Florencia","","","","","","","","","","","","","","","","","","","","","","","","","","","","","80","","BD_ICV_2022"
"2022","Enero","2022-01-12","CASANARE","Orocué","","","","","","","","","","","","","","","","","","","","","","","","","","","","","630","","BD_ICV_2022"
"2022","Enero","2022-01-12","META","El Dorado","","","","","","","","","","","","","","","","","","","","","","","","","","","","","15","","BD_ICV_2022"
"2022","Enero","2022-01-13","BOYACÁ","Garagoa","","","","","","","","","","","","","","","","","","","","","","","","","","","","","6","","BD_ICV_2022"
"2022","Enero","2022-01-13","CASANARE","Pore","","","","","","","","","","","","","","","","","","","","","","","","","","","","","4","","BD_ICV_2022"
"2022","Enero","2022-01-13","HUILA","Suaza","Vereda Bajo Satia","","","","","","","","","","Superficial","","","","","","Quemas fuera de control","","","","","","","","","","","","1.25","","BD_ICV_2022"
"2022","Enero","2022-01-13","META","San Martín","","","","","","","","","","","","","","","","","","","","","","","","","","","","","7","","BD_ICV_2022"
"2022","Enero","2022-01-13","PUTUMAYO","Puerto Leguizamo","","","","","","","","","","","","","","","","","","","","","","","","","","","","","2","","BD_ICV_2022"
"2022","Enero","2022-01-13","SANTANDER","Floridablanca","Bellavista","","","","","","","","","","Superficial","","","","","","Sin definir","","","","","","","","","","","","0.41","","BD_ICV_2022"
"2022","Enero","2022-01-14","CASANARE","Maní","","","","","","","","","","","","","","","","","","","","","","","","","","","","","12","","BD_ICV_2022"
"2022","Enero","2022-01-14","CASANARE","Orocué","","","","","","","","","","","","","","","","","","","","","","","","","","","","","2","","BD_ICV_2022"
"2022","Enero","2022-01-14","META","San Martín","","","","","","","","","","","","","","","","","","","","","","","","","","","","","350","","BD_ICV_2022"
"2022","Enero","2022-01-15","CASANARE","Paz de Ariporo","","","","","","","","","","","","","","","","","","","","","","","","","","","","","70","","BD_ICV_2022"
"2022","Enero","2022-01-15","CASANARE","Pore","","","","","","","","","","","","","","","","","","","","","","","","","","","","","1","","BD_ICV_2022"
"2022","Enero","2022-01-15","CUNDINAMARCA","Medina","","","","","","","","","","","","","","","","","","","","","","","","","","","","","40","","BD_ICV_2022"
"2022","Enero","2022-01-15","HUILA","Aipe","Barrio Kennedy","","","","","","","","","","Superficial","","","","","","Intencional","","","","","","","","","","","","0.01","","BD_ICV_2022"
"2022","Enero","2022-01-15","MAGDALENA","Santa Marta","","","","","","","","","","","","","","","","","","","","","","","","","","","","","1","","BD_ICV_2022"
"2022","Enero","2022-01-16","ANTIOQUIA","San Carlos","","","","","","","","","","","","","","","","","","","","","","","","","","","","","1","","BD_ICV_2022"
"2022","Enero","2022-01-16","BOYACÁ","Ciénaga","","","","","","","","","","","","","","","","","","","","","","","","","","","","","4","","BD_ICV_2022"
"2022","Enero","2022-01-16","CASANARE","Aguazul","","","","","","","","","","","","","","","","","","","","","","","","","","","","","3","","BD_ICV_2022"
"2022","Enero","2022-01-16","CASANARE","Maní","","","","","","","","","","","","","","","","","","","","","","","","","","","","","1","","BD_ICV_2022"
"2022","Enero","2022-01-16","CASANARE","Pore","","","","","","","","","","","","","","","","","","","","","","","","","","","","","3","","BD_ICV_2022"
"2022","Enero","2022-01-16","CESAR","Bosconia","","","","","","","","","","","","","","","","","","","","","","","","","","","","","5","","BD_ICV_2022"
"2022","Enero","2022-01-16","MAGDALENA","Santa Marta","","","","","","","","","","","","","","","","","","","","","","","","","","","","","1","","BD_ICV_2022"
"2022","Enero","2022-01-16","META","Puerto Rico","","","","","","","","","","","","","","","","","","","","","","","","","","","","","5","","BD_ICV_2022"
"2022","Enero","2022-01-16","META","San Carlos de Guaroa","","","","","","","","","","","","","","","","","","","","","","","","","","","","","600","","BD_ICV_2022"
"2022","Enero","2022-01-16","SANTANDER","San José de Miranda","","","","","","","","","","","","","","","","","","","","","","","","","","","","","2","","BD_ICV_2022"
"2022","Enero","2022-01-16","VICHADA","Puerto Carreño","","","","","","","","","","","","","","","","","","","","","","","","","","","","","1","","BD_ICV_2022"
"2022","Enero","2022-01-17","CASANARE","Orocué","","","","","","","","","","","","","","","","","","","","","","","","","","","","","2","","BD_ICV_2022"
"2022","Enero","2022-01-17","MAGDALENA","Algarrobo","","","","","","","","","","","","","","","","","","","","","","","","","","","","","3","","BD_ICV_2022"
"2022","Enero","2022-01-17","META","Puerto Rico","","","","","","","","","","","","","","","","","","","","","","","","","","","","","50","","BD_ICV_2022"
"2022","Enero","2022-01-18","MAGDALENA","Algarrobo","","","","","","","","","","","","","","","","","","","","","","","","","","","","","2","","BD_ICV_2022"
"2022","Enero","2022-01-18","VICHADA","Cumaribo","","","","","","","","","","","","","","","","","","","","","","","","","","","","","35463","","BD_ICV_2022"
"2022","Enero","2022-01-19","BOYACÁ","Chinavita","","","","","","","","","","","","","","","","","","","","","","","","","","","","","15","","BD_ICV_2022"
"2022","Enero","2022-01-19","BOYACÁ","Floresta","","","","","","","","","","","","","","","","","","","","","","","","","","","","","0.1","","BD_ICV_2022"
"2022","Enero","2022-01-19","BOYACÁ","Ventaquemada","","","","","","","","","","","","","","","","","","","","","","","","","","","","","2","","BD_ICV_2022"
"2022","Enero","2022-01-19","HUILA","Tello","Vereda Cucharito","","","","","","","","","","Superficial","","","","","","Quemas fuera de control","","","","","","","","","","","","0.01","","BD_ICV_2022"
"2022","Enero","2022-01-19","HUILA","Tesalia","Cerrania De Las Nieves","","","","","","","","","","Copa","","","","","","Sin definir","","","","","","","","","","","","10","","BD_ICV_2022"
"2022","Enero","2022-01-19","MAGDALENA","Aracataca","","","","","","","","","","","","","","","","","","","","","","","","","","","","","12","","BD_ICV_2022"
"2022","Enero","2022-01-19","META","San Carlos de Guaroa","","","","","","","","","","","","","","","","","","","","","","","","","","","","","1","","BD_ICV_2022"
"2022","Enero","2022-01-19","SANTANDER","Los Santos","","","","","","","","","","","","","","","","","","","","","","","","","","","","","30","","BD_ICV_2022"
"2022","Enero","2022-01-19","VICHADA","Puerto Carreño","","","","","","","","","","","","","","","","","","","","","","","","","","","","","150","","BD_ICV_2022"
"2022","Enero","2022-01-20","BOYACÁ","Betéitiva","","","","","","","","","","","","","","","","","","","","","","","","","","","","","6","","BD_ICV_2022"
"2022","Enero","2022-01-20","BOYACÁ","Boavita","","","","","","","","","","","","","","","","","","","","","","","","","","","","","1","","BD_ICV_2022"
"2022","Enero","2022-01-20","BOYACÁ","Firavitoba","Baratoa - Alcaparral","","","","","","","","","","Superficial","","","","","","Quemas fuera de control","","","","","","","","","","","","89.01","","BD_ICV_2022"
"2022","Enero","2022-01-20","BOYACÁ","Soracá","Puente Hamaca","","","","","","","","","","Superficial","","","","","","Descuido y negligencia","","","","","","","","","","","","4.4800000000000004","","BD_ICV_2022"
"2022","Enero","2022-01-20","BOYACÁ","Ventaquemada","","","","","","","","","","","","","","","","","","","","","","","","","","","","","2","","BD_ICV_2022"
"2022","Enero","2022-01-20","CASANARE","Maní","","","","","","","","","","","","","","","","","","","","","","","","","","","","","120","","BD_ICV_2022"
"2022","Enero","2022-01-20","CASANARE","Yopal","","","","","","","","","","","","","","","","","","","","","","","","","","","","","2","","BD_ICV_2022"
"2022","Enero","2022-01-20","META","Puerto Lleras","","","","","","","","","","","","","","","","","","","","","","","","","","","","","1000","","BD_ICV_2022"
"2022","Enero","2022-01-20","TOLIMA","Piedras","","","","","","","","","","","","","","","","","","","","","","","","","","","","","1","","BD_ICV_2022"
"2022","Enero","2022-01-21","ANTIOQUIA","Bello","","","","","","","","","","","","","","","","","","","","","","","","","","","","","22.1","","BD_ICV_2022"
"2022","Enero","2022-01-21","BOYACÁ","Almeida","","","","","","","","","","","","","","","","","","","","","","","","","","","","","25","","BD_ICV_2022"
"2022","Enero","2022-01-21","BOYACÁ","Boyacá","","","","","","","","","","","","","","","","","","","","","","","","","","","","","1","","BD_ICV_2022"
"2022","Enero","2022-01-21","BOYACÁ","San Mateo","","","","","","","","","","","","","","","","","","","","","","","","","","","","","1","","BD_ICV_2022"
"2022","Enero","2022-01-21","HUILA","Baraya","Vereda Espinalosa","","","","","","","","","","Superficial","","","","","","Intencional","","","","","","","","","","","","0.5","","BD_ICV_2022"
"2022","Enero","2022-01-21","HUILA","Teruel","Sector Pailas","","","","","","","","","","Superficial","","","","","","Quemas fuera de control","","","","","","","","","","","","3","","BD_ICV_2022"
"2022","Enero","2022-01-21","META","Puerto Gaitán","","","","","","","","","","","","","","","","","","","","","","","","","","","","","30","","BD_ICV_2022"
"2022","Enero","2022-01-21","NORTE DE SANTANDER","Bochalema","","","","","","","","","","","","","","","","","","","","","","","","","","","","","1","","BD_ICV_2022"
"2022","Enero","2022-01-21","SANTANDER","Girón","Chocoa","","","","","","","","","","Superficial","","","","","","Sin definir","","","","","","","","","","","","1.8","","BD_ICV_2022"
"2022","Enero","2022-01-22","CASANARE","Monterrey","","","","","","","","","","","","","","","","","","","","","","","","","","","","","8","","BD_ICV_2022"
"2022","Enero","2022-01-22","CASANARE","Orocué","","","","","","","","","","","","","","","","","","","","","","","","","","","","","40","","BD_ICV_2022"
"2022","Enero","2022-01-22","CUNDINAMARCA","Guatavita","Tominé De Los Indios (Embalse De Tominé)","","","","","","","","","","Superficial","","","","","","Sin definir","","","","","","","","","","","","46.95","","BD_ICV_2022"
"2022","Enero","2022-01-22","HUILA","Saladoblanco","Vereda Guayabo","","","","","","","","","","Superficial","","","","","","Descuido y negligencia","","","","","","","","","","","","3","","BD_ICV_2022"
"2022","Enero","2022-01-22","MAGDALENA","Ciénaga","Palmor","","","","","","","","","","Superficial","","","","","","Intencional","","","","","","","","","","","","8","","BD_ICV_2022"
"2022","Enero","2022-01-22","META","Granada","","","","","","","","","","","","","","","","","","","","","","","","","","","","","130","","BD_ICV_2022"
"2022","Enero","2022-01-22","SANTANDER","Aratoca","","","","","","","","","","","","","","","","","","","","","","","","","","","","","12","","BD_ICV_2022"
"2022","Enero","2022-01-22","SANTANDER","Galán","","","","","","","","","","","","","","","","","","","","","","","","","","","","","10","","BD_ICV_2022"
"2022","Enero","2022-01-23","BOYACÁ","Aquitania","","","","","","","","","","","","","","","","","","","","","","","","","","","","","1","","BD_ICV_2022"
"2022","Enero","2022-01-23","CUNDINAMARCA","Soacha","Humedal Tierra Blanca","","","","","","","","","","Superficial","","","","","","Quemas fuera de control","","","","","","","","","","","","1.1299999999999999","","BD_ICV_2022"
"2022","Enero","2022-01-23","HUILA","San Agustín","Vereda El Tablón","","","","","","","","","","Copa","","","","","","Sin definir","","","","","","","","","","","","1","","BD_ICV_2022"
"2022","Enero","2022-01-23","SANTANDER","Barbosa","","","","","","","","","","","","","","","","","","","","","","","","","","","","","5","","BD_ICV_2022"
"2022","Enero","2022-01-23","SANTANDER","Los Santos","","","","","","","","","","","","","","","","","","","","","","","","","","","","","3","","BD_ICV_2022"
"2022","Enero","2022-01-24","BOYACÁ","Firavitoba","","","","","","","","","","","","","","","","","","","","","","","","","","","","","66","","BD_ICV_2022"
"2022","Enero","2022-01-24","CASANARE","Aguazul","","","","","","","","","","","","","","","","","","","","","","","","","","","","","3","","BD_ICV_2022"
"2022","Enero","2022-01-24","CASANARE","Maní","","","","","","","","","","","","","","","","","","","","","","","","","","","","","1","","BD_ICV_2022"
"2022","Enero","2022-01-24","CASANARE","Orocué","","","","","","","","","","","","","","","","","","","","","","","","","","","","","800","","BD_ICV_2022"
"2022","Enero","2022-01-24","CUNDINAMARCA","Choachí","","","","","","","","","","","","","","","","","","","","","","","","","","","","","11","","BD_ICV_2022"
"2022","Enero","2022-01-24","HUILA","Garzón","Barrio Las Palmeras","","","","","","","","","","Copa","","","","","","Sin definir","","","","","","","","","","","","1","","BD_ICV_2022"
"2022","Enero","2022-01-24","TOLIMA","Venadillo","","","","","","","","","","","","","","","","","","","","","","","","","","","","","3","","BD_ICV_2022"
"2022","Enero","2022-01-25","BOGOTÁ D.C.","Bogotá D.C.","San José De Usme","","","","","","","","","","Superficial","","","","","","Sin definir","","","","","","","","","","","","0.8","","BD_ICV_2022"
"2022","Enero","2022-01-25","CASANARE","Maní","","","","","","","","","","","","","","","","","","","","","","","","","","","","","10","","BD_ICV_2022"
"2022","Enero","2022-01-25","CUNDINAMARCA","Junín","","","","","","","","","","","","","","","","","","","","","","","","","","","","","2","","BD_ICV_2022"
"2022","Enero","2022-01-25","HUILA","Isnos","Vereda Mortiño","","","","","","","","","","Superficial","","","","","","Quemas fuera de control","","","","","","","","","","","","0.5","","BD_ICV_2022"
"2022","Enero","2022-01-25","MAGDALENA","Ciénaga","Palmor","","","","","","","","","","Superficial","","","","","","Intencional","","","","","","","","","","","","4.7","","BD_ICV_2022"
"2022","Enero","2022-01-25","META","Cumaral","","","","","","","","","","","","","","","","","","","","","","","","","","","","","17","","BD_ICV_2022"
"2022","Enero","2022-01-25","META","San Juan de Arama","","","","","","","","","","","","","","","","","","","","","","","","","","","","","1","","BD_ICV_2022"
"2022","Enero","2022-01-25","TOLIMA","Prado","","","","","","","","","","","","","","","","","","","","","","","","","","","","","40","","BD_ICV_2022"
"2022","Enero","2022-01-26","BOYACÁ","Iza","San Miguel","","","","","","","","","","Superficial","","","","","","Otros","","","","","","","","","","","","125.83","","BD_ICV_2022"
"2022","Enero","2022-01-26","BOYACÁ","Sogamoso","","","","","","","","","","","","","","","","","","","","","","","","","","","","","1","","BD_ICV_2022"
"2022","Enero","2022-01-26","CASANARE","Aguazul","","","","","","","","","","","","","","","","","","","","","","","","","","","","","50","","BD_ICV_2022"
"2022","Enero","2022-01-26","CUNDINAMARCA","Soacha","Vereda Bosatama,","","","","","","","","","","Superficial","","","","","","Quemas fuera de control","","","","","","","","","","","","1.75","","BD_ICV_2022"
"2022","Enero","2022-01-26","META","Puerto Rico","","","","","","","","","","","","","","","","","","","","","","","","","","","","","3","","BD_ICV_2022"
"2022","Enero","2022-01-27","ANTIOQUIA","Caucasia","","","","","","","","","","","","","","","","","","","","","","","","","","","","","17","","BD_ICV_2022"
"2022","Enero","2022-01-27","BOYACÁ","Cuítiva","","","","","","","","","","","","","","","","","","","","","","","","","","","","","9","","BD_ICV_2022"
"2022","Enero","2022-01-27","CASANARE","Aguazul","","","","","","","","","","","","","","","","","","","","","","","","","","","","","1","","BD_ICV_2022"
"2022","Enero","2022-01-27","CUNDINAMARCA","Choachí","","","","","","","","","","","","","","","","","","","","","","","","","","","","","15","","BD_ICV_2022"
"2022","Enero","2022-01-27","GUAVIARE","San José del Guaviare","","","","","","","","","","","","","","","","","","","","","","","","","","","","","35","","BD_ICV_2022"
"2022","Enero","2022-01-27","META","Puerto López","","","","","","","","","","","","","","","","","","","","","","","","","","","","","100","","BD_ICV_2022"
"2022","Enero","2022-01-27","SANTANDER","Enciso","","","","","","","","","","","","","","","","","","","","","","","","","","","","","8","","BD_ICV_2022"
"2022","Enero","2022-01-27","SANTANDER","Zapatoca","","","","","","","","","","","","","","","","","","","","","","","","","","","","","4","","BD_ICV_2022"
"2022","Enero","2022-01-28","ANTIOQUIA","Amalfi","","","","","","","","","","","","","","","","","","","","","","","","","","","","","1","","BD_ICV_2022"
"2022","Enero","2022-01-28","ANTIOQUIA","Caucasia","","","","","","","","","","","","","","","","","","","","","","","","","","","","","16","","BD_ICV_2022"
"2022","Enero","2022-01-28","BOYACÁ","Paipa","","","","","","","","","","","","","","","","","","","","","","","","","","","","","1.5","","BD_ICV_2022"
"2022","Enero","2022-01-28","CASANARE","San Luis de Palenque","","","","","","","","","","","","","","","","","","","","","","","","","","","","","2","","BD_ICV_2022"
"2022","Enero","2022-01-28","CASANARE","Yopal","","","","","","","","","","","","","","","","","","","","","","","","","","","","","6","","BD_ICV_2022"
"2022","Enero","2022-01-28","GUAVIARE","Calamar","","","","","","","","","","","","","","","","","","","","","","","","","","","","","905","","BD_ICV_2022"
"2022","Enero","2022-01-28","MAGDALENA","Zona Bananera","","","","","","","","","","","","","","","","","","","","","","","","","","","","","7","","BD_ICV_2022"
"2022","Enero","2022-01-28","META","San Martín","","","","","","","","","","","","","","","","","","","","","","","","","","","","","7","","BD_ICV_2022"
"2022","Enero","2022-01-28","META","Villavicencio","","","","","","","","","","","","","","","","","","","","","","","","","","","","","11","","BD_ICV_2022"
"2022","Enero","2022-01-28","VICHADA","Puerto Carreño","","","","","","","","","","","","","","","","","","","","","","","","","","","","","200","","BD_ICV_2022"
"2022","Enero","2022-01-29","CASANARE","Aguazul","","","","","","","","","","","","","","","","","","","","","","","","","","","","","2","","BD_ICV_2022"
"2022","Enero","2022-01-29","CASANARE","Monterrey","","","","","","","","","","","","","","","","","","","","","","","","","","","","","1","","BD_ICV_2022"
"2022","Enero","2022-01-29","CASANARE","Orocué","","","","","","","","","","","","","","","","","","","","","","","","","","","","","50","","BD_ICV_2022"
"2022","Enero","2022-01-29","CUNDINAMARCA","Cáqueza","","","","","","","","","","","","","","","","","","","","","","","","","","","","","1","","BD_ICV_2022"
"2022","Enero","2022-01-29","CUNDINAMARCA","Chocontá","","","","","","","","","","","","","","","","","","","","","","","","","","","","","2","","BD_ICV_2022"
"2022","Enero","2022-01-29","CUNDINAMARCA","Fómeque","","","","","","","","","","","","","","","","","","","","","","","","","","","","","2","","BD_ICV_2022"
"2022","Enero","2022-01-29","CUNDINAMARCA","Tabio","","","","","","","","","","","","","","","","","","","","","","","","","","","","","5","","BD_ICV_2022"
"2022","Enero","2022-01-29","HUILA","Tello","Vereda Cucharito","","","","","","","","","","Superficial","","","","","","Quemas fuera de control","","","","","","","","","","","","0.01","","BD_ICV_2022"
"2022","Enero","2022-01-29","MAGDALENA","Fundación","","","","","","","","","","","","","","","","","","","","","","","","","","","","","7","","BD_ICV_2022"
"2022","Enero","2022-01-29","META","Cabuyaro","","","","","","","","","","","","","","","","","","","","","","","","","","","","","18","","BD_ICV_2022"
"2022","Enero","2022-01-29","META","Puerto Gaitán","","","","","","","","","","","","","","","","","","","","","","","","","","","","","50","","BD_ICV_2022"
"2022","Enero","2022-01-29","NORTE DE SANTANDER","Chitaga","","","","","","","","","","","","","","","","","","","","","","","","","","","","","50","","BD_ICV_2022"
"2022","Enero","2022-01-29","NORTE DE SANTANDER","Toledo","","","","","","","","","","","","","","","","","","","","","","","","","","","","","120","","BD_ICV_2022"
"2022","Enero","2022-01-29","TOLIMA","Coello","","","","","","","","","","","","","","","","","","","","","","","","","","","","","5","","BD_ICV_2022"
"2022","Enero","2022-01-30","ANTIOQUIA","Olaya","","","","","","","","","","","","","","","","","","","","","","","","","","","","","6","","BD_ICV_2022"
"2022","Enero","2022-01-30","BOGOTÁ D.C.","Bogotá D.C.","Vereda Tibaque Localidad Usme","","","","","","","","","","Superficial","","","","","","Sin definir","","","","","","","","","","","","1.22","","BD_ICV_2022"
"2022","Enero","2022-01-30","BOYACÁ","Sativanorte","","","","","","","","","","","","","","","","","","","","","","","","","","","","","6","","BD_ICV_2022"
"2022","Enero","2022-01-30","CASANARE","Maní","","","","","","","","","","","","","","","","","","","","","","","","","","","","","50","","BD_ICV_2022"
"2022","Enero","2022-01-30","CASANARE","Monterrey","","","","","","","","","","","","","","","","","","","","","","","","","","","","","1","","BD_ICV_2022"
"2022","Enero","2022-01-30","CASANARE","Orocué","","","","","","","","","","","","","","","","","","","","","","","","","","","","","200","","BD_ICV_2022"
"2022","Enero","2022-01-30","CASANARE","Trinidad","","","","","","","","","","","","","","","","","","","","","","","","","","","","","10","","BD_ICV_2022"
"2022","Enero","2022-01-30","CUNDINAMARCA","Guayabetal","","","","","","","","","","","","","","","","","","","","","","","","","","","","","5","","BD_ICV_2022"
"2022","Enero","2022-01-30","CUNDINAMARCA","Machetá","","","","","","","","","","","","","","","","","","","","","","","","","","","","","2","","BD_ICV_2022"
"2022","Enero","2022-01-30","CUNDINAMARCA","Sesquilé","Vereda San Jose","","","","","","","","","","Superficial","","","","","","Sin definir","","","","","","","","","","","","3.99","","BD_ICV_2022"
"2022","Enero","2022-01-30","CUNDINAMARCA","Soacha","Casco Urbano - Comuna 02-Quintas De La Laguna (Humedal Neuta)","","","","","","","","","","Superficial","","","","","","Quemas fuera de control","","","","","","","","","","","","2.9","","BD_ICV_2022"
"2022","Enero","2022-01-30","CUNDINAMARCA","Ubalá","","","","","","","","","","","","","","","","","","","","","","","","","","","","","6","","BD_ICV_2022"
"2022","Enero","2022-01-30","HUILA","Gigante","Vereda San Isidro","","","","","","","","","","Superficial","","","","","","Intencional","","","","","","","","","","","","1","","BD_ICV_2022"
"2022","Enero","2022-01-30","HUILA","Pitalito","Agua Dulce Via Regueros","","","","","","","","","","Superficial","","","","","","Quemas fuera de control","","","","","","","","","","","","1","","BD_ICV_2022"
"2022","Enero","2022-01-30","META","Acacías","","","","","","","","","","","","","","","","","","","","","","","","","","","","","70","","BD_ICV_2022"
"2022","Enero","2022-01-30","META","Fuente de Oro","","","","","","","","","","","","","","","","","","","","","","","","","","","","","40","","BD_ICV_2022"
"2022","Enero","2022-01-30","META","La Macarena","","","","","","","","","","","","","","","","","","","","","","","","","","","","","300","","BD_ICV_2022"
"2022","Enero","2022-01-30","META","Puerto Concordia","","","","","","","","","","","","","","","","","","","","","","","","","","","","","30","","BD_ICV_2022"
"2022","Enero","2022-01-30","META","Puerto Rico","","","","","","","","","","","","","","","","","","","","","","","","","","","","","1","","BD_ICV_2022"
"2022","Enero","2022-01-30","TOLIMA","Alvarado","","","","","","","","","","","","","","","","","","","","","","","","","","","","","10","","BD_ICV_2022"
"2022","Enero","2022-01-30","VICHADA","Puerto Carreño","","","","","","","","","","","","","","","","","","","","","","","","","","","","","20","","BD_ICV_2022"
"2022","Enero","2022-01-31","BOGOTÁ D.C.","Bogotá D.C.","Quindio","","","","","","","","","","Superficial","","","","","","Sin definir","","","","","","","","","","","","1.61","","BD_ICV_2022"
"2022","Enero","2022-01-31","CASANARE","Aguazul","","","","","","","","","","","","","","","","","","","","","","","","","","","","","7","","BD_ICV_2022"
"2022","Enero","2022-01-31","CASANARE","Orocué","","","","","","","","","","","","","","","","","","","","","","","","","","","","","20","","BD_ICV_2022"
"2022","Enero","2022-01-31","CUNDINAMARCA","Cáqueza","","","","","","","","","","","","","","","","","","","","","","","","","","","","","3","","BD_ICV_2022"
"2022","Enero","2022-01-31","HUILA","Aipe","Kmt 29+700 Neiva-Bogota","","","","","","","","","","Superficial","","","","","","Intencional","","","","","","","","","","","","0.5","","BD_ICV_2022"
"2022","Enero","2022-01-31","HUILA","Gigante","Barrio Las Brisas","","","","","","","","","","Superficial","","","","","","Intencional","","","","","","","","","","","","1","","BD_ICV_2022"
"2022","Enero","2022-01-31","HUILA","Pitalito","Vereda Agua Dulce","","","","","","","","","","Copa","","","","","","Sin definir","","","","","","","","","","","","0.5","","BD_ICV_2022"
"2022","Enero","2022-01-31","META","La Macarena","","","","","","","","","","","","","","","","","","","","","","","","","","","","","1400","","BD_ICV_2022"
"2022","Enero","2022-01-31","META","Puerto Concordia","","","","","","","","","","","","","","","","","","","","","","","","","","","","","55","","BD_ICV_2022"
"2022","Enero","2022-01-31","META","San Juan de Arama","","","","","","","","","","","","","","","","","","","","","","","","","","","","","30","","BD_ICV_2022"
"2022","Enero","2022-01-31","SANTANDER","El Playón","","","","","","","","","","","","","","","","","","","","","","","","","","","","","2","","BD_ICV_2022"
"2022","Enero","2022-01-31","SANTANDER","Ocamonte","","","","","","","","","","","","","","","","","","","","","","","","","","","","","10","","BD_ICV_2022"
"2022","Enero","2022-01-31","VAUPES","Mitú","","","","","","","","","","","","","","","","","","","","","","","","","","","","","8","","BD_ICV_2022"
"2022","Enero","2022-01-31","VICHADA","Puerto Carreño","","","","","","","","","","","","","","","","","","","","","","","","","","","","","1","","BD_ICV_2022"
"2022","Febrero","2022-02-01","BOYACÁ","La Uvita","San Ignacio","","","","","","","","","","Superficial","","","","","","Quemas fuera de control","","","","","","","","","","","","0.2","","BD_ICV_2022"
"2022","Febrero","2022-02-01","BOYACÁ","Macanal","","","","","","","","","","","","","","","","","","","","","","","","","","","","","10","","BD_ICV_2022"
"2022","Febrero","2022-02-01","BOYACÁ","Sogamoso","Morca","","","","","","","","","","Superficial","","","","","","Accidental","","","","","","","","","","","","20","","BD_ICV_2022"
"2022","Febrero","2022-02-01","BOYACÁ","Sotaquirá","","","","","","","","","","","","","","","","","","","","","","","","","","","","","1","","BD_ICV_2022"
"2022","Febrero","2022-02-01","BOYACÁ","Turmequé","","","","","","","","","","","","","","","","","","","","","","","","","","","","","1","","BD_ICV_2022"
"2022","Febrero","2022-02-01","CASANARE","Aguazul","","","","","","","","","","","","","","","","","","","","","","","","","","","","","80","","BD_ICV_2022"
"2022","Febrero","2022-02-01","CESAR","El Copey","","","","","","","","","","","","","","","","","","","","","","","","","","","","","9","","BD_ICV_2022"
"2022","Febrero","2022-02-01","CUNDINAMARCA","Medina","","","","","","","","","","","","","","","","","","","","","","","","","","","","","2","","BD_ICV_2022"
"2022","Febrero","2022-02-01","CUNDINAMARCA","Paratebueno","","","","","","","","","","","","","","","","","","","","","","","","","","","","","9","","BD_ICV_2022"
"2022","Febrero","2022-02-01","CUNDINAMARCA","Sutatausa","Hato Viejo","","","","","","","","","","Superficial","","","","","","Sin definir","","","","","","","","","","","","1","","BD_ICV_2022"
"2022","Febrero","2022-02-01","META","Granada","","","","","","","","","","","","","","","","","","","","","","","","","","","","","16","","BD_ICV_2022"
"2022","Febrero","2022-02-01","META","La Macarena","","","","","","","","","","","","","","","","","","","","","","","","","","","","","3000","","BD_ICV_2022"
"2022","Febrero","2022-02-01","META","Mesetas","","","","","","","","","","","","","","","","","","","","","","","","","","","","","800","","BD_ICV_2022"
"2022","Febrero","2022-02-01","META","Puerto López","","","","","","","","","","","","","","","","","","","","","","","","","","","","","38","","BD_ICV_2022"
"2022","Febrero","2022-02-01","META","Puerto Rico","","","","","","","","","","","","","","","","","","","","","","","","","","","","","3","","BD_ICV_2022"
"2022","Febrero","2022-02-01","META","San Juan de Arama","","","","","","","","","","","","","","","","","","","","","","","","","","","","","15","","BD_ICV_2022"
"2022","Febrero","2022-02-01","NORTE DE SANTANDER","Cáchira","","","","","","","","","","","","","","","","","","","","","","","","","","","","","7","","BD_ICV_2022"
"2022","Febrero","2022-02-01","TOLIMA","Venadillo","","","","","","","","","","","","","","","","","","","","","","","","","","","","","2","","BD_ICV_2022"
"2022","Febrero","2022-02-01","VICHADA","Puerto Carreño","","","","","","","","","","","","","","","","","","","","","","","","","","","","","3","","BD_ICV_2022"
"2022","Febrero","2022-02-02","ANTIOQUIA","Guadalupe","","","","","","","","","","","","","","","","","","","","","","","","","","","","","8","","BD_ICV_2022"
"2022","Febrero","2022-02-02","BOLIVAR","Turbaco","","","","","","","","","","","","","","","","","","","","","","","","","","","","","5","","BD_ICV_2022"
"2022","Febrero","2022-02-02","BOYACÁ","Covarachía","Centro","","","","","","","","","","Superficial","","","","","","Accidental","","","","","","","","","","","","50","","BD_ICV_2022"
"2022","Febrero","2022-02-02","BOYACÁ","Santa María","","","","","","","","","","","","","","","","","","","","","","","","","","","","","8","","BD_ICV_2022"
"2022","Febrero","2022-02-02","BOYACÁ","Sutamarchán","Roa","","","","","","","","","","Superficial","","","","","","Quemas fuera de control","","","","","","","","","","","","0.51","","BD_ICV_2022"
"2022","Febrero","2022-02-02","CASANARE","Trinidad","","","","","","","","","","","","","","","","","","","","","","","","","","","","","1","","BD_ICV_2022"
"2022","Febrero","2022-02-02","CESAR","El Paso","","","","","","","","","","","","","","","","","","","","","","","","","","","","","30","","BD_ICV_2022"
"2022","Febrero","2022-02-02","CUNDINAMARCA","Gachalá","","","","","","","","","","","","","","","","","","","","","","","","","","","","","35","","BD_ICV_2022"
"2022","Febrero","2022-02-02","CUNDINAMARCA","Junín","","","","","","","","","","","","","","","","","","","","","","","","","","","","","5","","BD_ICV_2022"
"2022","Febrero","2022-02-02","CUNDINAMARCA","Paratebueno","","","","","","","","","","","","","","","","","","","","","","","","","","","","","11","","BD_ICV_2022"
"2022","Febrero","2022-02-02","META","La Macarena","","","","","","","","","","","","","","","","","","","","","","","","","","","","","1000","","BD_ICV_2022"
"2022","Febrero","2022-02-02","META","Puerto Concordia","","","","","","","","","","","","","","","","","","","","","","","","","","","","","40","","BD_ICV_2022"
"2022","Febrero","2022-02-02","META","Puerto Lleras","","","","","","","","","","","","","","","","","","","","","","","","","","","","","1200","","BD_ICV_2022"
"2022","Febrero","2022-02-02","META","Puerto López","","","","","","","","","","","","","","","","","","","","","","","","","","","","","16","","BD_ICV_2022"
"2022","Febrero","2022-02-02","META","San Juan de Arama","","","","","","","","","","","","","","","","","","","","","","","","","","","","","5","","BD_ICV_2022"
"2022","Febrero","2022-02-02","META","Villavicencio","","","","","","","","","","","","","","","","","","","","","","","","","","","","","150","","BD_ICV_2022"
"2022","Febrero","2022-02-02","SANTANDER","Concepcion","","","","","","","","","","","","","","","","","","","","","","","","","","","","","10","","BD_ICV_2022"
"2022","Febrero","2022-02-02","SANTANDER","Curití","","","","","","","","","","","","","","","","","","","","","","","","","","","","","3","","BD_ICV_2022"
"2022","Febrero","2022-02-02","SANTANDER","Palmar","","","","","","","","","","","","","","","","","","","","","","","","","","","","","2","","BD_ICV_2022"
"2022","Febrero","2022-02-02","TOLIMA","Ibagué","","","","","","","","","","","","","","","","","","","","","","","","","","","","","1.5","","BD_ICV_2022"
"2022","Febrero","2022-02-03","BOLIVAR","Turbaná","","","","","","","","","","","","","","","","","","","","","","","","","","","","","10","","BD_ICV_2022"
"2022","Febrero","2022-02-03","BOYACÁ","Chita","","","","","","","","","","","","","","","","","","","","","","","","","","","","","4","","BD_ICV_2022"
"2022","Febrero","2022-02-03","BOYACÁ","Mongua","","","","","","","","","","","","","","","","","","","","","","","","","","","","","1","","BD_ICV_2022"
"2022","Febrero","2022-02-03","BOYACÁ","Pesca","Suaneme","","","","","","","","","","Superficial","","","","","","Accidental","","","","","","","","","","","","12.04","","BD_ICV_2022"
"2022","Febrero","2022-02-03","BOYACÁ","San Mateo","","","","","","","","","","","","","","","","","","","","","","","","","","","","","2","","BD_ICV_2022"
"2022","Febrero","2022-02-03","BOYACÁ","Tota","Guaquira","","","","","","","","","","Superficial","","","","","","Sin definir","","","","","","","","","","","","8.26","","BD_ICV_2022"
"2022","Febrero","2022-02-03","CAQUETA","San Vicente del Caguán","","","","","","","","","","","","","","","","","","","","","","","","","","","","","3000","","BD_ICV_2022"
"2022","Febrero","2022-02-03","CASANARE","San Luis de Palenque","","","","","","","","","","","","","","","","","","","","","","","","","","","","","3","","BD_ICV_2022"
"2022","Febrero","2022-02-03","CAUCA","Piamonte","Puerto Bello","","","","","","","","","","Mixto","","","","","","Sin definir","","","","","","","","","","","","6","","BD_ICV_2022"
"2022","Febrero","2022-02-03","CUNDINAMARCA","Fusagasugá","","","","","","","","","","","","","","","","","","","","","","","","","","","","","1","","BD_ICV_2022"
"2022","Febrero","2022-02-03","CUNDINAMARCA","Tibirita","","","","","","","","","","","","","","","","","","","","","","","","","","","","","1.5","","BD_ICV_2022"
"2022","Febrero","2022-02-03","CUNDINAMARCA","Ubalá","","","","","","","","","","","","","","","","","","","","","","","","","","","","","4","","BD_ICV_2022"
"2022","Febrero","2022-02-03","HUILA","Teruel","Sector I.E. Jaime Losada Perdomo","","","","","","","","","","Superficial","","","","","","Quemas fuera de control","","","","","","","","","","","","0.25","","BD_ICV_2022"
"2022","Febrero","2022-02-03","SANTANDER","Charala","","","","","","","","","","","","","","","","","","","","","","","","","","","","","4","","BD_ICV_2022"
"2022","Febrero","2022-02-03","SANTANDER","Zapatoca","","","","","","","","","","","","","","","","","","","","","","","","","","","","","4","","BD_ICV_2022"
"2022","Febrero","2022-02-04","CASANARE","Aguazul","","","","","","","","","","","","","","","","","","","","","","","","","","","","","1","","BD_ICV_2022"
"2022","Febrero","2022-02-04","CASANARE","Yopal","","","","","","","","","","","","","","","","","","","","","","","","","","","","","16","","BD_ICV_2022"
"2022","Febrero","2022-02-04","CUNDINAMARCA","Chocontá","","","","","","","","","","","","","","","","","","","","","","","","","","","","","2","","BD_ICV_2022"
"2022","Febrero","2022-02-04","CUNDINAMARCA","Paratebueno","","","","","","","","","","","","","","","","","","","","","","","","","","","","","19","","BD_ICV_2022"
"2022","Febrero","2022-02-04","META","Acacías","","","","","","","","","","","","","","","","","","","","","","","","","","","","","10","","BD_ICV_2022"
"2022","Febrero","2022-02-04","META","La Macarena","","","","","","","","","","","","","","","","","","","","","","","","","","","","","40","","BD_ICV_2022"
"2022","Febrero","2022-02-04","META","Vistahermosa","","","","","","","","","","","","","","","","","","","","","","","","","","","","","26","","BD_ICV_2022"
"2022","Febrero","2022-02-04","SANTANDER","Bolívar","","","","","","","","","","","","","","","","","","","","","","","","","","","","","6","","BD_ICV_2022"
"2022","Febrero","2022-02-05","ARAUCA","Arauca","","","","","","","","","","","","","","","","","","","","","","","","","","","","","5000","","BD_ICV_2022"
"2022","Febrero","2022-02-05","HUILA","Palermo","Vereda Juncal","","","","","","","","","","Superficial","","","","","","Sin definir","","","","","","","","","","","","1","","BD_ICV_2022"
"2022","Febrero","2022-02-05","META","La Macarena","","","","","","","","","","","","","","","","","","","","","","","","","","","","","50","","BD_ICV_2022"
"2022","Febrero","2022-02-06","ANTIOQUIA","Necoclí","","","","","","","","","","","","","","","","","","","","","","","","","","","","","5","","BD_ICV_2022"
"2022","Febrero","2022-02-06","CUNDINAMARCA","Cáqueza","","","","","","","","","","","","","","","","","","","","","","","","","","","","","1","","BD_ICV_2022"
"2022","Febrero","2022-02-06","CUNDINAMARCA","Ubalá","","","","","","","","","","","","","","","","","","","","","","","","","","","","","4","","BD_ICV_2022"
"2022","Febrero","2022-02-06","MAGDALENA","Sitionuevo","","","","","","","","","","","","","","","","","","","","","","","","","","","","","2","","BD_ICV_2022"
"2022","Febrero","2022-02-06","META","La Macarena","","","","","","","","","","","","","","","","","","","","","","","","","","","","","80","","BD_ICV_2022"
"2022","Febrero","2022-02-06","META","Puerto Lleras","","","","","","","","","","","","","","","","","","","","","","","","","","","","","500","","BD_ICV_2022"
"2022","Febrero","2022-02-06","META","Puerto López","","","","","","","","","","","","","","","","","","","","","","","","","","","","","20","","BD_ICV_2022"
"2022","Febrero","2022-02-06","SANTANDER","Girón","Cantalta","","","","","","","","","","Superficial","","","","","","Descuido y negligencia","","","","","","","","","","","","11.3","","BD_ICV_2022"
"2022","Febrero","2022-02-07","CASANARE","Orocué","","","","","","","","","","","","","","","","","","","","","","","","","","","","","12000","","BD_ICV_2022"
"2022","Febrero","2022-02-07","CASANARE","Támara","","","","","","","","","","","","","","","","","","","","","","","","","","","","","1","","BD_ICV_2022"
"2022","Febrero","2022-02-07","MAGDALENA","Ciénaga","","","","","","","","","","","","","","","","","","","","","","","","","","","","","2","","BD_ICV_2022"
"2022","Febrero","2022-02-07","META","Puerto Gaitán","","","","","","","","","","","","","","","","","","","","","","","","","","","","","30","","BD_ICV_2022"
"2022","Febrero","2022-02-07","TOLIMA","Alvarado","","","","","","","","","","","","","","","","","","","","","","","","","","","","","1","","BD_ICV_2022"
"2022","Febrero","2022-02-07","VICHADA","Puerto Carreño","","","","","","","","","","","","","","","","","","","","","","","","","","","","","280","","BD_ICV_2022"
"2022","Febrero","2022-02-08","VICHADA","Puerto Carreño","","","","","","","","","","","","","","","","","","","","","","","","","","","","","80","","BD_ICV_2022"
"2022","Febrero","2022-02-09","MAGDALENA","Ciénaga","Cordobita","","","","","","","","","","Superficial","","","","","","Intencional","","","","","","","","","","","","2717","","BD_ICV_2022"
"2022","Febrero","2022-02-10","CASANARE","Orocué","","","","","","","","","","","","","","","","","","","","","","","","","","","","","600","","BD_ICV_2022"
"2022","Febrero","2022-02-10","CESAR","El Copey","Las Cumbres Y La Paila","","","","","","","","","","Superficial","","","","","","Sin definir","","","","","","","","","","","","1929","","BD_ICV_2022"
"2022","Febrero","2022-02-10","CUNDINAMARCA","Choachí","","","","","","","","","","","","","","","","","","","","","","","","","","","","","1","","BD_ICV_2022"
"2022","Febrero","2022-02-10","LA GUAJIRA","Albania","","","","","","","","","","","","","","","","","","","","","","","","","","","","","30","","BD_ICV_2022"
"2022","Febrero","2022-02-10","MAGDALENA","Ciénaga","","","","","","","","","","","","","","","","","","","","","","","","","","","","","5","","BD_ICV_2022"
"2022","Febrero","2022-02-10","VICHADA","Puerto Carreño","","","","","","","","","","","","","","","","","","","","","","","","","","","","","180","","BD_ICV_2022"
"2022","Febrero","2022-02-11","BOYACÁ","Aquitania","Hato Viejo","","","","","","","","","","Superficial","","","","","","Descuido y negligencia","","","","","","","","","","","","2.5299999999999998","","BD_ICV_2022"
"2022","Febrero","2022-02-11","BOYACÁ","Tota","Romero","","","","","","","","","","Superficial","","","","","","Sin definir","","","","","","","","","","","","1.27","","BD_ICV_2022"
"2022","Febrero","2022-02-11","CASANARE","Monterrey","","","","","","","","","","","","","","","","","","","","","","","","","","","","","90","","BD_ICV_2022"
"2022","Febrero","2022-02-11","GUAVIARE","Calamar","","","","","","","","","","","","","","","","","","","","","","","","","","","","","4","","BD_ICV_2022"
"2022","Febrero","2022-02-11","LA GUAJIRA","Distracción","","","","","","","","","","","Superficial","","","","","","Reactivación de focos","","","","","","","","","","","","3","","BD_ICV_2022"
"2022","Febrero","2022-02-12","GUAVIARE","Calamar","","","","","","","","","","","","","","","","","","","","","","","","","","","","","3","","BD_ICV_2022"
"2022","Febrero","2022-02-12","MAGDALENA","Ciénaga","Julio Zawuady","","","","","","","","","","Superficial","","","","","","Intencional","","","","","","","","","","","","126","","BD_ICV_2022"
"2022","Febrero","2022-02-12","META","Puerto López","","","","","","","","","","","","","","","","","","","","","","","","","","","","","5","","BD_ICV_2022"
"2022","Febrero","2022-02-12","NARIÑO","Albán","","","","","","","","","","","Otros","","","","","","Sin definir","","","","","","","","","","","","1","","BD_ICV_2022"
"2022","Febrero","2022-02-12","SANTANDER","Los Santos","","","","","","","","","","","","","","","","","","","","","","","","","","","","","110","","BD_ICV_2022"
"2022","Febrero","2022-02-12","TOLIMA","Coello","","","","","","","","","","","","","","","","","","","","","","","","","","","","","2","","BD_ICV_2022"
"2022","Febrero","2022-02-12","VICHADA","Puerto Carreño","","","","","","","","","","","","","","","","","","","","","","","","","","","","","20","","BD_ICV_2022"
"2022","Febrero","2022-02-13","ARAUCA","Arauca","EL SOCORRO","FINCA LAS DELICIAS","","","","","","","","","","","","","","","","","","","","","","","","","","","350","","BD_ICV_2022"
"2022","Febrero","2022-02-13","ARAUCA","Cravo Norte","","","","","","","","","","","","","","","","","","","","","","","","","","","","","4","","BD_ICV_2022"
"2022","Febrero","2022-02-13","BOYACÁ","Chita","","","","","","","","","","","","","","","","","","","","","","","","","","","","","2","","BD_ICV_2022"
"2022","Febrero","2022-02-13","BOYACÁ","Nuevo Colon","","","","","","","","","","","","","","","","","","","","","","","","","","","","","3.5","","BD_ICV_2022"
"2022","Febrero","2022-02-13","HUILA","Aipe","Ciudadela Educativa","","","","","","","","","","Superficial","","","","","","Intencional","","","","","","","","","","","","0.25","","BD_ICV_2022"
"2022","Febrero","2022-02-13","MAGDALENA","Ciénaga","","","","","","","","","","","","","","","","","","","","","","","","","","","","","3","","BD_ICV_2022"
"2022","Febrero","2022-02-13","META","Acacías","","","","","","","","","","","","","","","","","","","","","","","","","","","","","5","","BD_ICV_2022"
"2022","Febrero","2022-02-14","CASANARE","Trinidad","","","","","","","","","","","","","","","","","","","","","","","","","","","","","20","","BD_ICV_2022"
"2022","Febrero","2022-02-14","META","Granada","","","","","","","","","","","","","","","","","","","","","","","","","","","","","8","","BD_ICV_2022"
"2022","Febrero","2022-02-14","META","Puerto Gaitán","","","","","","","","","","","","","","","","","","","","","","","","","","","","","30","","BD_ICV_2022"
"2022","Febrero","2022-02-15","ANTIOQUIA","Cáceres","","","","","","","","","","","","","","","","","","","","","","","","","","","","","4","","BD_ICV_2022"
"2022","Febrero","2022-02-15","BOYACÁ","Guateque","","","","","","","","","","","","","","","","","","","","","","","","","","","","","8","","BD_ICV_2022"
"2022","Febrero","2022-02-15","CUNDINAMARCA","Facatativá","","","","","","","","","","","","","","","","","","","","","","","","","","","","","1","","BD_ICV_2022"
"2022","Febrero","2022-02-15","NORTE DE SANTANDER","Chitaga","","","","","","","","","","","","","","","","","","","","","","","","","","","","","1","","BD_ICV_2022"
"2022","Febrero","2022-02-15","SANTANDER","Mogotes","","","","","","","","","","","","","","","","","","","","","","","","","","","","","4","","BD_ICV_2022"
"2022","Febrero","2022-02-16","CASANARE","Maní","","","","","","","","","","","","","","","","","","","","","","","","","","","","","500","","BD_ICV_2022"
"2022","Febrero","2022-02-16","CASANARE","Sabanalarga","","","","","","","","","","","","","","","","","","","","","","","","","","","","","3.5","","BD_ICV_2022"
"2022","Febrero","2022-02-16","CASANARE","Tauramena","","","","","","","","","","","","","","","","","","","","","","","","","","","","","70","","BD_ICV_2022"
"2022","Febrero","2022-02-16","CASANARE","Trinidad","","","","","","","","","","","","","","","","","","","","","","","","","","","","","18","","BD_ICV_2022"
"2022","Febrero","2022-02-16","MAGDALENA","Aracataca","","","","","","","","","","","","","","","","","","","","","","","","","","","","","60","","BD_ICV_2022"
"2022","Febrero","2022-02-16","META","Puerto Lleras","","","","","","","","","","","","","","","","","","","","","","","","","","","","","50","","BD_ICV_2022"
"2022","Febrero","2022-02-16","META","Puerto Rico","","","","","","","","","","","","","","","","","","","","","","","","","","","","","80","","BD_ICV_2022"
"2022","Febrero","2022-02-17","ARAUCA","Arauca","","","","","","","","","","","","","","","","","","","","","","","","","","","","","500","","BD_ICV_2022"
"2022","Febrero","2022-02-17","CASANARE","Orocué","","","","","","","","","","","","","","","","","","","","","","","","","","","","","300","","BD_ICV_2022"
"2022","Febrero","2022-02-17","CUNDINAMARCA","Chocontá","","","","","","","","","","","","","","","","","","","","","","","","","","","","","2","","BD_ICV_2022"
"2022","Febrero","2022-02-17","META","Puerto López","","","","","","","","","","","","","","","","","","","","","","","","","","","","","3","","BD_ICV_2022"
"2022","Febrero","2022-02-17","META","Puerto Rico","","","","","","","","","","","","","","","","","","","","","","","","","","","","","2","","BD_ICV_2022"
"2022","Febrero","2022-02-17","SANTANDER","Aratoca","","","","","","","","","","","","","","","","","","","","","","","","","","","","","4","","BD_ICV_2022"
"2022","Febrero","2022-02-17","SANTANDER","Barichara","","","","","","","","","","","","","","","","","","","","","","","","","","","","","4","","BD_ICV_2022"
"2022","Febrero","2022-02-18","CASANARE","Aguazul","","","","","","","","","","","","","","","","","","","","","","","","","","","","","3","","BD_ICV_2022"
"2022","Febrero","2022-02-18","CASANARE","Maní","","","","","","","","","","","","","","","","","","","","","","","","","","","","","4","","BD_ICV_2022"
"2022","Febrero","2022-02-19","HUILA","Aipe","Sector El Triunfo","","","","","","","","","","Superficial","","","","","","Descuido y negligencia","","","","","","","","","","","","0.5","","BD_ICV_2022"
"2022","Febrero","2022-02-19","HUILA","Tello","Vereda Mesa  Del Trapiche","","","","","","","","","","Superficial","","","","","","Quemas fuera de control","","","","","","","","","","","","1.5","","BD_ICV_2022"
"2022","Febrero","2022-02-19","META","Mapiripan","","","","","","","","","","","","","","","","","","","","","","","","","","","","","2.5","","BD_ICV_2022"
"2022","Febrero","2022-02-20","CASANARE","Aguazul","","","","","","","","","","","","","","","","","","","","","","","","","","","","","1.2","","BD_ICV_2022"
"2022","Febrero","2022-02-20","CASANARE","San Luis de Palenque","","","","","","","","","","","","","","","","","","","","","","","","","","","","","200","","BD_ICV_2022"
"2022","Febrero","2022-02-20","META","Cabuyaro","","","","","","","","","","","","","","","","","","","","","","","","","","","","","100","","BD_ICV_2022"
"2022","Febrero","2022-02-20","META","Puerto Lleras","","","","","","","","","","","","","","","","","","","","","","","","","","","","","30","","BD_ICV_2022"
"2022","Febrero","2022-02-20","META","Vistahermosa","","","","","","","","","","","","","","","","","","","","","","","","","","","","","11","","BD_ICV_2022"
"2022","Febrero","2022-02-20","SANTANDER","Los Santos","","","","","","","","","","","","","","","","","","","","","","","","","","","","","100","","BD_ICV_2022"
"2022","Febrero","2022-02-21","ANTIOQUIA","Sopetrán","","","","","","","","","","","","","","","","","","","","","","","","","","","","","7","","BD_ICV_2022"
"2022","Febrero","2022-02-21","CAQUETA","Milán","","","","","","","","","","","","","","","","","","","","","","","","","","","","","15","","BD_ICV_2022"
"2022","Febrero","2022-02-21","CASANARE","Aguazul","","","","","","","","","","","","","","","","","","","","","","","","","","","","","3","","BD_ICV_2022"
"2022","Febrero","2022-02-21","CESAR","Pueblo Bello","","","","","","","","","","","","","","","","","","","","","","","","","","","","","8","","BD_ICV_2022"
"2022","Febrero","2022-02-21","CUNDINAMARCA","Fómeque","","","","","","","","","","","","","","","","","","","","","","","","","","","","","1.5","","BD_ICV_2022"
"2022","Febrero","2022-02-21","META","Fuente de Oro","","","","","","","","","","","","","","","","","","","","","","","","","","","","","30","","BD_ICV_2022"
"2022","Febrero","2022-02-21","META","Mapiripan","","","","","","","","","","","","","","","","","","","","","","","","","","","","","3","","BD_ICV_2022"
"2022","Febrero","2022-02-21","SANTANDER","Barichara","","","","","","","","","","","","","","","","","","","","","","","","","","","","","3","","BD_ICV_2022"
"2022","Febrero","2022-02-22","ANTIOQUIA","Puerto Berrio","","","","","","","","","","","","","","","","","","","","","","","","","","","","","2","","BD_ICV_2022"
"2022","Febrero","2022-02-22","ANTIOQUIA","Yondó","","","","","","","","","","","","","","","","","","","","","","","","","","","","","20","","BD_ICV_2022"
"2022","Febrero","2022-02-22","ARAUCA","Cravo Norte","","","","","","","","","","","","","","","","","","","","","","","","","","","","","1300","","BD_ICV_2022"
"2022","Febrero","2022-02-22","ATLANTICO","Piojó","","","","","","","","","","","","","","","","","","","","","","","","","","","","","5","","BD_ICV_2022"
"2022","Febrero","2022-02-22","BOLIVAR","San Juan Nepomuceno","","","","","","","","","","","","","","","","","","","","","","","","","","","","","30","","BD_ICV_2022"
"2022","Febrero","2022-02-22","CAQUETA","Milán","","","","","","","","","","","","","","","","","","","","","","","","","","","","","13","","BD_ICV_2022"
"2022","Febrero","2022-02-22","CASANARE","Pore","","","","","","","","","","","","","","","","","","","","","","","","","","","","","5","","BD_ICV_2022"
"2022","Febrero","2022-02-22","CASANARE","Trinidad","","","","","","","","","","","","","","","","","","","","","","","","","","","","","10","","BD_ICV_2022"
"2022","Febrero","2022-02-22","CASANARE","Villanueva","","","","","","","","","","","","","","","","","","","","","","","","","","","","","25","","BD_ICV_2022"
"2022","Febrero","2022-02-22","CESAR","Pelaya","","","","","","","","","","","","","","","","","","","","","","","","","","","","","60","","BD_ICV_2022"
"2022","Febrero","2022-02-22","MAGDALENA","Zona Bananera","Santa Rosalia","","","","","","","","","","Superficial","","","","","","Intencional","","","","","","","","","","","","24","","BD_ICV_2022"
"2022","Febrero","2022-02-22","META","Cabuyaro","","","","","","","","","","","","","","","","","","","","","","","","","","","","","3","","BD_ICV_2022"
"2022","Febrero","2022-02-22","META","Puerto Gaitán","","","","","","","","","","","","","","","","","","","","","","","","","","","","","60","","BD_ICV_2022"
"2022","Febrero","2022-02-22","META","Villavicencio","","","","","","","","","","","","","","","","","","","","","","","","","","","","","120","","BD_ICV_2022"
"2022","Febrero","2022-02-22","NORTE DE SANTANDER","El Carmen","","","","","","","","","","","","","","","","","","","","","","","","","","","","","90","","BD_ICV_2022"
"2022","Febrero","2022-02-22","SANTANDER","San Andrés","","","","","","","","","","","","","","","","","","","","","","","","","","","","","3","","BD_ICV_2022"
"2022","Febrero","2022-02-23","ATLANTICO","Sabanalarga","","","","","","","","","","","","","","","","","","","","","","","","","","","","","14","","BD_ICV_2022"
"2022","Febrero","2022-02-23","CASANARE","Chámeza","","","","","","","","","","","","","","","","","","","","","","","","","","","","","3","","BD_ICV_2022"
"2022","Febrero","2022-02-23","CASANARE","Trinidad","","","","","","","","","","","","","","","","","","","","","","","","","","","","","3","","BD_ICV_2022"
"2022","Febrero","2022-02-23","CESAR","Valledupar","Aguas Blancas Vda La Guitarra","","","","","","","","","","Superficial","","","","","","Sin definir","","","","","","","","","","","","656.43","","BD_ICV_2022"
"2022","Febrero","2022-02-23","META","Fuente de Oro","","","","","","","","","","","","","","","","","","","","","","","","","","","","","400","","BD_ICV_2022"
"2022","Febrero","2022-02-23","META","La Macarena","","","","","","","","","","","","","","","","","","","","","","","","","","","","","500","","BD_ICV_2022"
"2022","Febrero","2022-02-23","META","Puerto Rico","","","","","","","","","","","","","","","","","","","","","","","","","","","","","2","","BD_ICV_2022"
"2022","Febrero","2022-02-23","META","Restrepo","","","","","","","","","","","","","","","","","","","","","","","","","","","","","5","","BD_ICV_2022"
"2022","Febrero","2022-02-23","META","San Martín","","","","","","","","","","","","","","","","","","","","","","","","","","","","","285","","BD_ICV_2022"
"2022","Febrero","2022-02-23","VICHADA","Puerto Carreño","","","","","","","","","","","","","","","","","","","","","","","","","","","","","4","","BD_ICV_2022"
"2022","Febrero","2022-02-24","BOLIVAR","Turbaná","","","","","","","","","","","","","","","","","","","","","","","","","","","","","1","","BD_ICV_2022"
"2022","Febrero","2022-02-24","BOYACÁ","Chíquiza","","","","","","","","","","","","","","","","","","","","","","","","","","","","","150","","BD_ICV_2022"
"2022","Febrero","2022-02-24","BOYACÁ","Villa de Leyva","","","","","","","","","","","","","","","","","","","","","","","","","","","","","30","","BD_ICV_2022"
"2022","Febrero","2022-02-24","CAQUETA","Florencia","","","","","","","","","","","","","","","","","","","","","","","","","","","","","5","","BD_ICV_2022"
"2022","Febrero","2022-02-24","CASANARE","Aguazul","","","","","","","","","","","","","","","","","","","","","","","","","","","","","4","","BD_ICV_2022"
"2022","Febrero","2022-02-24","CASANARE","Yopal","","","","","","","","","","","","","","","","","","","","","","","","","","","","","100","","BD_ICV_2022"
"2022","Febrero","2022-02-24","MAGDALENA","Sitionuevo","","","","","","","","","","","","","","","","","","","","","","","","","","","","","10","","BD_ICV_2022"
"2022","Febrero","2022-02-25","BOYACÁ","Santa María","Ceiba Chiquita","","","","","","","","","","Mixto","","","","","","Intencional","","","","","","","","","","","","6.97","","BD_ICV_2022"
"2022","Febrero","2022-02-26","BOYACÁ","Santa María","","","","","","","","","","","","","","","","","","","","","","","","","","","","","8","","BD_ICV_2022"
"2022","Febrero","2022-02-26","LA GUAJIRA","Barrancas","","","","","","","","","","","","","","","","","","","","","","","","","","","","","12","","BD_ICV_2022"
"2022","Febrero","2022-02-26","LA GUAJIRA","Fonseca","","","","","","","","","","","","","","","","","","","","","","","","","","","","","300","","BD_ICV_2022"
"2022","Febrero","2022-02-26","NORTE DE SANTANDER","Ábrego","","","","","","","","","","","","","","","","","","","","","","","","","","","","","10","","BD_ICV_2022"
"2022","Febrero","2022-02-27","CESAR","Agustín Codazzi","Milagro Bajo - Caño Frio","","","","","","","","","","Superficial","","","","","","Sin definir","","","","","","","","","","","","22.68","","BD_ICV_2022"
"2022","Febrero","2022-02-28","MAGDALENA","Ciénaga","","","","","","","","","","","","","","","","","","","","","","","","","","","","","200","","BD_ICV_2022"
"2022","Marzo","2022-03-02","CASANARE","Pore","","","","","","","","","","","","","","","","","","","","","","","","","","","","","8","","BD_ICV_2022"
"2022","Marzo","2022-03-02","HUILA","Palermo","Vereda Juncal","","","","","","","","","","Superficial","","","","","","Sin definir","","","","","","","","","","","","1","","BD_ICV_2022"
"2022","Marzo","2022-03-02","HUILA","Saladoblanco","Vereda San Rafael","","","","","","","","","","Superficial","","","","","","Intencional","","","","","","","","","","","","0.25","","BD_ICV_2022"
"2022","Marzo","2022-03-02","HUILA","Tello","Vereda Cucharito","","","","","","","","","","Superficial","","","","","","Quemas fuera de control","","","","","","","","","","","","0.01","","BD_ICV_2022"
"2022","Marzo","2022-03-02","SAN ANDRES","Providencia","","","","","","","","","","","","","","","","","","","","","","","","","","","","","3","","BD_ICV_2022"
"2022","Marzo","2022-03-03","MAGDALENA","Ciénaga","","","","","","","","","","","","","","","","","","","","","","","","","","","","","500","","BD_ICV_2022"
"2022","Marzo","2022-03-05","CAQUETA","Florencia","","","","","","","","","","","","","","","","","","","","","","","","","","","","","7","","BD_ICV_2022"
"2022","Marzo","2022-03-05","HUILA","Palermo","Vereda Cuisinde","","","","","","","","","","Superficial","","","","","","Sin definir","","","","","","","","","","","","1","","BD_ICV_2022"
"2022","Marzo","2022-03-07","ARAUCA","Cravo Norte","","","","","","","","","","","","","","","","","","","","","","","","","","","","","4500","","BD_ICV_2022"
"2022","Marzo","2022-03-08","ARAUCA","Arauca","","","","","","","","","","","","","","","","","","","","","","","","","","","","","4","","BD_ICV_2022"
"2022","Marzo","2022-03-08","CASANARE","San Luis de Palenque","","","","","","","","","","","","","","","","","","","","","","","","","","","","","15","","BD_ICV_2022"
"2022","Marzo","2022-03-09","BOYACÁ","Tibaná","","","","","","","","","","","","","","","","","","","","","","","","","","","","","10","","BD_ICV_2022"
"2022","Marzo","2022-03-09","CASANARE","Pore","","","","","","","","","","","","","","","","","","","","","","","","","","","","","70","","BD_ICV_2022"
"2022","Marzo","2022-03-09","CASANARE","San Luis de Palenque","","","","","","","","","","","","","","","","","","","","","","","","","","","","","1","","BD_ICV_2022"
"2022","Marzo","2022-03-09","CUNDINAMARCA","Tibirita","Vereda Teguavita","","","","","","","","","","Mixto","","","","","","Quemas fuera de control","","","","","","","","","","","","1.07","","BD_ICV_2022"
"2022","Marzo","2022-03-09","TOLIMA","Carmen de Apicalá","","","","","","","","","","","","","","","","","","","","","","","","","","","","","70","","BD_ICV_2022"
"2022","Marzo","2022-03-10","META","San Martín","","","","","","","","","","","","","","","","","","","","","","","","","","","","","5","","BD_ICV_2022"
"2022","Marzo","2022-03-10","QUINDÍO","Calarcá","Travesías","","","","","","","","","","Superficial","","","","","","Intencional","","","","","","","","","","","","0.3","","BD_ICV_2022"
"2022","Marzo","2022-03-10","QUINDÍO","La Tebaida","Casco Urbano","","","","","","","","","","Superficial","","","","","","Intencional","","","","","","","","","","","","1","","BD_ICV_2022"
"2022","Marzo","2022-03-11","ANTIOQUIA","Nechí","","","","","","","","","","","","","","","","","","","","","","","","","","","","","4","","BD_ICV_2022"
"2022","Marzo","2022-03-11","BOYACÁ","Macanal","Muceño","","","","","","","","","","Mixto","","","","","","Intencional","","","","","","","","","","","","13.7","","BD_ICV_2022"
"2022","Marzo","2022-03-11","MAGDALENA","Ciénaga","","","","","","","","","","","","","","","","","","","","","","","","","","","","","40","","BD_ICV_2022"
"2022","Marzo","2022-03-12","CASANARE","Nunchía","","","","","","","","","","","","","","","","","","","","","","","","","","","","","15","","BD_ICV_2022"
"2022","Marzo","2022-03-12","HUILA","Baraya","Inmediaciones Entre Los Municipios De Baraya Y Tello","","","","","","","","","","Superficial","","","","","","Intencional","","","","","","","","","","","","1","","BD_ICV_2022"
"2022","Marzo","2022-03-12","MAGDALENA","Zona Bananera","","","","","","","","","","","","","","","","","","","","","","","","","","","","","2","","BD_ICV_2022"
"2022","Marzo","2022-03-12","META","Granada","","","","","","","","","","","","","","","","","","","","","","","","","","","","","2","","BD_ICV_2022"
"2022","Marzo","2022-03-14","BOYACÁ","Pauna","","","","","","","","","","","","","","","","","","","","","","","","","","","","","17","","BD_ICV_2022"
"2022","Marzo","2022-03-14","CASANARE","Pore","","","","","","","","","","","","","","","","","","","","","","","","","","","","","3","","BD_ICV_2022"
"2022","Marzo","2022-03-15","BOYACÁ","Pisba","","","","","","","","","","","","","","","","","","","","","","","","","","","","","180","","BD_ICV_2022"
"2022","Marzo","2022-03-15","CASANARE","Aguazul","","","","","","","","","","","","","","","","","","","","","","","","","","","","","700","","BD_ICV_2022"
"2022","Marzo","2022-03-15","CASANARE","Pore","","","","","","","","","","","","","","","","","","","","","","","","","","","","","8","","BD_ICV_2022"
"2022","Marzo","2022-03-15","CASANARE","Sabanalarga","","","","","","","","","","","","","","","","","","","","","","","","","","","","","40","","BD_ICV_2022"
"2022","Marzo","2022-03-16","ARAUCA","Tame","VEREDA MAPOI","","","","","","","","","","","","","","","","","","","","","","","","","","","","120","","BD_ICV_2022"
"2022","Marzo","2022-03-16","CASANARE","Hato Corozal","","","","","","","","","","","","","","","","","","","","","","","","","","","","","10","","BD_ICV_2022"
"2022","Marzo","2022-03-16","CASANARE","Paz de Ariporo","","","","","","","","","","","","","","","","","","","","","","","","","","","","","12","","BD_ICV_2022"
"2022","Marzo","2022-03-16","CASANARE","Pore","","","","","","","","","","","","","","","","","","","","","","","","","","","","","3","","BD_ICV_2022"
"2022","Marzo","2022-03-16","CASANARE","Yopal","","","","","","","","","","","","","","","","","","","","","","","","","","","","","52","","BD_ICV_2022"
"2022","Marzo","2022-03-16","NORTE DE SANTANDER","El Carmen","","","","","","","","","","","","","","","","","","","","","","","","","","","","","10","","BD_ICV_2022"
"2022","Marzo","2022-03-17","ANTIOQUIA","Amalfi","","","","","","","","","","","","","","","","","","","","","","","","","","","","","1","","BD_ICV_2022"
"2022","Marzo","2022-03-17","CASANARE","Aguazul","","","","","","","","","","","","","","","","","","","","","","","","","","","","","90","","BD_ICV_2022"
"2022","Marzo","2022-03-17","CASANARE","Nunchía","","","","","","","","","","","","","","","","","","","","","","","","","","","","","1","","BD_ICV_2022"
"2022","Marzo","2022-03-17","CASANARE","Pore","","","","","","","","","","","","","","","","","","","","","","","","","","","","","3","","BD_ICV_2022"
"2022","Marzo","2022-03-17","CUNDINAMARCA","Une","","","","","","","","","","","","","","","","","","","","","","","","","","","","","1","","BD_ICV_2022"
"2022","Marzo","2022-03-18","CASANARE","Nunchía","","","","","","","","","","","","","","","","","","","","","","","","","","","","","4","","BD_ICV_2022"
"2022","Marzo","2022-03-18","CASANARE","Orocué","","","","","","","","","","","","","","","","","","","","","","","","","","","","","17","","BD_ICV_2022"
"2022","Marzo","2022-03-18","CESAR","Pueblo Bello","","","","","","","","","","","","","","","","","","","","","","","","","","","","","6","","BD_ICV_2022"
"2022","Marzo","2022-03-19","NORTE DE SANTANDER","Ragonvalia","","","","","","","","","","","","","","","","","","","","","","","","","","","","","1","","BD_ICV_2022"
"2022","Marzo","2022-03-19","SUCRE","Ovejas","Flor Del Monte","","","","","","","","","","Superficial","","","","","","Quemas fuera de control","","","","","","","","","","","","6.38","","BD_ICV_2022"
"2022","Marzo","2022-03-21","CUNDINAMARCA","Tibirita","","","","","","","","","","","","","","","","","","","","","","","","","","","","","1","","BD_ICV_2022"
"2022","Marzo","2022-03-21","NORTE DE SANTANDER","Chitaga","","","","","","","","","","","","","","","","","","","","","","","","","","","","","20","","BD_ICV_2022"
"2022","Marzo","2022-03-22","LA GUAJIRA","Riohacha","","","","","","","","","","","","","","","","","","","","","","","","","","","","","60","","BD_ICV_2022"
"2022","Marzo","2022-03-22","NORTE DE SANTANDER","El Carmen","","","","","","","","","","","","","","","","","","","","","","","","","","","","","1","","BD_ICV_2022"
"2022","Marzo","2022-03-23","HUILA","Baraya","Inmediaciones Entre Los Municipios De Baraya Y Tello, Hacienda Manila","","","","","","","","","","Superficial","","","","","","Intencional","","","","","","","","","","","","1","","BD_ICV_2022"
"2022","Marzo","2022-03-23","HUILA","Rivera","Vereda Bajo Pedregal","","","","","","","","","","Superficial","","","","","","Descuido y negligencia","","","","","","","","","","","","0.25","","BD_ICV_2022"
"2022","Marzo","2022-03-23","MAGDALENA","Santa Marta","","","","","","","","","","","","","","","","","","","","","","","","","","","","","5","","BD_ICV_2022"
"2022","Marzo","2022-03-23","NORTE DE SANTANDER","Ábrego","","","","","","","","","","","","","","","","","","","","","","","","","","","","","1","","BD_ICV_2022"
"2022","Marzo","2022-03-23","NORTE DE SANTANDER","Arboledas","","","","","","","","","","","","","","","","","","","","","","","","","","","","","7","","BD_ICV_2022"
"2022","Marzo","2022-03-23","SANTANDER","Rionegro","La Reforma","","","","","","","","","","Superficial","","","","","","Descuido y negligencia","","","","","","","","","","","","0.54","","BD_ICV_2022"
"2022","Marzo","2022-03-23","SANTANDER","Suratá","La Violeta","","","","","","","","","","Superficial","","","","","","Sin definir","","","","","","","","","","","","4.26","","BD_ICV_2022"
"2022","Marzo","2022-03-23","TOLIMA","San Luis","","","","","","","","","","","","","","","","","","","","","","","","","","","","","4","","BD_ICV_2022"
"2022","Marzo","2022-03-24","CASANARE","Paz de Ariporo","","","","","","","","","","","","","","","","","","","","","","","","","","","","","265","","BD_ICV_2022"
"2022","Marzo","2022-03-24","CUNDINAMARCA","Sasaima","","","","","","","","","","","","","","","","","","","","","","","","","","","","","1","","BD_ICV_2022"
"2022","Marzo","2022-03-24","HUILA","San Agustín","Vereda San Jose","","","","","","","","","","Superficial","","","","","","Descuido y negligencia","","","","","","","","","","","","0.5","","BD_ICV_2022"
"2022","Marzo","2022-03-24","LA GUAJIRA","Riohacha","","","","","","","","","","","","","","","","","","","","","","","","","","","","","30","","BD_ICV_2022"
"2022","Marzo","2022-03-24","META","Puerto López","","","","","","","","","","","","","","","","","","","","","","","","","","","","","30","","BD_ICV_2022"
"2022","Marzo","2022-03-24","NORTE DE SANTANDER","Cucutilla","","","","","","","","","","","","","","","","","","","","","","","","","","","","","2","","BD_ICV_2022"
"2022","Marzo","2022-03-25","CASANARE","Orocué","","","","","","","","","","","","","","","","","","","","","","","","","","","","","4200","","BD_ICV_2022"
"2022","Marzo","2022-03-25","CASANARE","Paz de Ariporo","","","","","","","","","","","","","","","","","","","","","","","","","","","","","35","","BD_ICV_2022"
"2022","Marzo","2022-03-25","CASANARE","Pore","","","","","","","","","","","","","","","","","","","","","","","","","","","","","4","","BD_ICV_2022"
"2022","Marzo","2022-03-26","CESAR","Valledupar","Zona Urbana Valledupar","","","","","","","","","","Superficial","","","","","","Sin definir","","","","","","","","","","","","2.69","","BD_ICV_2022"
"2022","Marzo","2022-03-28","SANTANDER","Rionegro","","","","","","","","","","","","","","","","","","","","","","","","","","","","","2","","BD_ICV_2022"
"2022","Marzo","2022-03-29","CASANARE","Paz de Ariporo","","","","","","","","","","","","","","","","","","","","","","","","","","","","","7000","","BD_ICV_2022"
"2022","Marzo","2022-03-30","CUNDINAMARCA","Choachí","","","","","","","","","","","","","","","","","","","","","","","","","","","","","1","","BD_ICV_2022"
"2022","Marzo","2022-03-31","CASANARE","Orocué","","","","","","","","","","","","","","","","","","","","","","","","","","","","","40","","BD_ICV_2022"
"2022","Marzo","2022-03-31","VICHADA","Puerto Carreño","","","","","","","","","","","","","","","","","","","","","","","","","","","","","15","","BD_ICV_2022"
"2022","Abril","2022-04-02","BOYACÁ","Tópaga","San Judas Tadeo","","","","","","","","","","Superficial","","","","","","Quemas fuera de control","","","","","","","","","","","","3.06","","BD_ICV_2022"
"2022","Abril","2022-04-02","CASANARE","Paz de Ariporo","","","","","","","","","","","","","","","","","","","","","","","","","","","","","1","","BD_ICV_2022"
"2022","Abril","2022-04-02","HUILA","Neiva","Area Urbana","","","","","","","","","","Superficial","","","","","","Sin definir","","","","","","","","","","","","0.03","","BD_ICV_2022"
"2022","Abril","2022-04-02","HUILA","Palermo","Barrio Santo Domingo","","","","","","","","","","Superficial","","","","","","Sin definir","","","","","","","","","","","","1","","BD_ICV_2022"
"2022","Abril","2022-04-03","HUILA","Garzón","Vereda Alto Sartenejo","","","","","","","","","","Superficial","","","","","","Quemas fuera de control","","","","","","","","","","","","0.01","","BD_ICV_2022"
"2022","Abril","2022-04-05","HUILA","Acevedo","Vereda Bolivar","","","","","","","","","","Mixto","","","","","","Intencional","","","","","","","","","","","","0.02","","BD_ICV_2022"
"2022","Abril","2022-04-06","BOYACÁ","Chita","","","","","","","","","","","","","","","","","","","","","","","","","","","","","50","","BD_ICV_2022"
"2022","Abril","2022-04-06","HUILA","Baraya","Inmediaciones Entre Los Municipios De Baraya Y Tello, Hacienda Manila","","","","","","","","","","Superficial","","","","","","Intencional","","","","","","","","","","","","1","","BD_ICV_2022"
"2022","Abril","2022-04-06","MAGDALENA","Sitionuevo","","","","","","","","","","","","","","","","","","","","","","","","","","","","","6","","BD_ICV_2022"
"2022","Abril","2022-04-07","HUILA","Garzón","Barrio Alto De Garzón","","","","","","","","","","Superficial","","","","","","Quemas fuera de control","","","","","","","","","","","","0.01","","BD_ICV_2022"
"2022","Abril","2022-04-07","HUILA","Isnos","Vereda Granada","","","","","","","","","","Superficial","","","","","","Descuido y negligencia","","","","","","","","","","","","1","","BD_ICV_2022"
"2022","Abril","2022-04-10","CUNDINAMARCA","Cáqueza","","","","","","","","","","","","","","","","","","","","","","","","","","","","","1","","BD_ICV_2022"
"2022","Abril","2022-04-10","NORTE DE SANTANDER","Ocaña","","","","","","","","","","","","","","","","","","","","","","","","","","","","","2","","BD_ICV_2022"
"2022","Abril","2022-04-10","QUINDÍO","Génova","Rio Gris","","","","","","","","","","Superficial","","","","","","Intencional","","","","","","","","","","","","0.6","","BD_ICV_2022"
"2022","Abril","2022-04-11","MAGDALENA","Santa Marta","","","","","","","","","","","","","","","","","","","","","","","","","","","","","12","","BD_ICV_2022"
"2022","Abril","2022-04-11","NORTE DE SANTANDER","Pamplonita","","","","","","","","","","","","","","","","","","","","","","","","","","","","","4","","BD_ICV_2022"
"2022","Abril","2022-04-12","META","Puerto López","","","","","","","","","","","","","","","","","","","","","","","","","","","","","20","","BD_ICV_2022"
"2022","Abril","2022-04-13","HUILA","Neiva","Area Urbana","","","","","","","","","","Superficial","","","","","","Sin definir","","","","","","","","","","","","0.02","","BD_ICV_2022"
"2022","Abril","2022-04-13","HUILA","Palermo","Vereda Buenos Aires","","","","","","","","","","Superficial","","","","","","Sin definir","","","","","","","","","","","","1","","BD_ICV_2022"
"2022","Abril","2022-04-14","CASANARE","Pore","","","","","","","","","","","","","","","","","","","","","","","","","","","","","40","","BD_ICV_2022"
"2022","Abril","2022-04-15","VALLE DEL CAUCA","Cali","","","","","","","","","","","","","","","","","","","","","","","","","","","","","5","","BD_ICV_2022"
"2022","Abril","2022-04-16","HUILA","Aipe","Barrio San Isidro","","","","","","","","","","Superficial","","","","","","Intencional","","","","","","","","","","","","0.25","","BD_ICV_2022"
"2022","Abril","2022-04-17","CASANARE","Orocué","","","","","","","","","","","","","","","","","","","","","","","","","","","","","300","","BD_ICV_2022"
"2022","Abril","2022-04-18","HUILA","Nátaga","Vereda El Socorro","","","","","","","","","","Superficial","","","","","","Quemas fuera de control","","","","","","","","","","","","1","","BD_ICV_2022"
"2022","Abril","2022-04-23","HUILA","Tello","Vereda Cucharito","","","","","","","","","","Superficial","","","","","","Quemas fuera de control","","","","","","","","","","","","0.08","","BD_ICV_2022"
"2022","Abril","2022-04-29","HUILA","Teruel","Sector Ginebra","","","","","","","","","","Superficial","","","","","","Quemas fuera de control","","","","","","","","","","","","2","","BD_ICV_2022"
"2022","Abril","2022-04-30","CESAR","Aguachica","","","","","","","","","","","Superficial","","","","","","Intencional","","","","","","","","","","","","45.65","","BD_ICV_2022"
"2022","Mayo","2022-05-02","HUILA","Garzón","Vereda Alto La Primavera","","","","","","","","","","Superficial","","","","","","Quemas fuera de control","","","","","","","","","","","","0.01","","BD_ICV_2022"
"2022","Mayo","2022-05-02","QUINDÍO","Génova","El Dorado","","","","","","","","","","Superficial","","","","","","Intencional","","","","","","","","","","","","3.42","","BD_ICV_2022"
"2022","Mayo","2022-05-03","HUILA","Suaza","Vereda Mantagua","","","","","","","","","","Superficial","","","","","","Accidental","","","","","","","","","","","","1","","BD_ICV_2022"
"2022","Mayo","2022-05-03","NARIÑO","Sandoná","San Bernardoo Guitara","","","","","","","","","","Otros","","","","","","Otros","","","","","","","","","","","","1","","BD_ICV_2022"
"2022","Mayo","2022-05-03","VALLE DEL CAUCA","Cali","","","","","","","","","","","","","","","","","","","","","","","","","","","","","3","","BD_ICV_2022"
"2022","Mayo","2022-05-04","NARIÑO","Leiva","La Vereda La Garganta","","","","","","","","","","Otros","","","","","","Otros","","","","","","","","","","","","5","","BD_ICV_2022"
"2022","Mayo","2022-05-09","ATLANTICO","Barranquilla","","","","","","","","","","","","","","","","","","","","","","","","","","","","","3","","BD_ICV_2022"
"2022","Mayo","2022-05-09","HUILA","Agrado","Vereda La Yaguilga","","","","","","","","","","Superficial","","","","","","Sin definir","","","","","","","","","","","","0.03","","BD_ICV_2022"
"2022","Mayo","2022-05-09","HUILA","Isnos","Vreda Guacas","","","","","","","","","","Subterráneo","","","","","","Descuido y negligencia","","","","","","","","","","","","1","","BD_ICV_2022"
"2022","Mayo","2022-05-11","HUILA","Guadalupe","Barrio San Carlos","","","","","","","","","","Superficial","","","","","","Quemas fuera de control","","","","","","","","","","","","1.5","","BD_ICV_2022"
"2022","Mayo","2022-05-15","MAGDALENA","Sitionuevo","","","","","","","","","","","","","","","","","","","","","","","","","","","","","6.3","","BD_ICV_2022"
"2022","Mayo","2022-05-15","RISARALDA","Belén de Umbría","","","","","","","","","","","","","","","","","","","","","","","","","","","","","1","","BD_ICV_2022"
"2022","Mayo","2022-05-20","QUINDÍO","Salento","Palestina","","","","","","","","","","Superficial","","","","","","Sin definir","","","","","","","","","","","","0.43","","BD_ICV_2022"
"2022","Mayo","2022-05-21","HUILA","Garzón","Sector Del C.D.A Centro De Diagnóstico Automotriz","","","","","","","","","","Superficial","","","","","","Quemas fuera de control","","","","","","","","","","","","0.01","","BD_ICV_2022"
"2022","Mayo","2022-05-21","SANTANDER","Piedecuesta","San Pio","","","","","","","","","","Superficial","","","","","","Sin definir","","","","","","","","","","","","6.45","","BD_ICV_2022"
"2022","Mayo","2022-05-23","SANTANDER","Rionegro","La Reforma","","","","","","","","","","Superficial","","","","","","Accidental","","","","","","","","","","","","0.54","","BD_ICV_2022"
"2022","Mayo","2022-05-27","CASANARE","Hato Corozal","","","","","","","","","","","","","","","","","","","","","","","","","","","","","20","","BD_ICV_2022"
"2022","Mayo","2022-05-31","HUILA","Aipe","Kmt 16 Via- Neiva- Bogota","","","","","","","","","","Superficial","","","","","","Quemas fuera de control","","","","","","","","","","","","0.5","","BD_ICV_2022"
"2022","Junio","2022-06-01","HUILA","Palermo","Vereda Guamito","","","","","","","","","","Superficial","","","","","","Sin definir","","","","","","","","","","","","1","","BD_ICV_2022"
"2022","Junio","2022-06-02","NORTE DE SANTANDER","Chinácota","","","","","","","","","","","","","","","","","","","","","","","","","","","","","4","","BD_ICV_2022"
"2022","Junio","2022-06-06","HUILA","Campoalegre","Llano Sur","","","","","","","","","","Superficial","","","","","","Intencional","","","","","","","","","","","","1","","BD_ICV_2022"
"2022","Junio","2022-06-06","META","Puerto Gaitán","","","","","","","","","","","","","","","","","","","","","","","","","","","","","2","","BD_ICV_2022"
"2022","Junio","2022-06-07","SANTANDER","Piedecuesta","Menzuly Bajo","","","","","","","","","","Superficial","","","","","","Sin definir","","","","","","","","","","","","0.9","","BD_ICV_2022"
"2022","Junio","2022-06-10","SANTANDER","Girón","Meseta","","","","","","","","","","Superficial","","","","","","Sin definir","","","","","","","","","","","","1.3","","BD_ICV_2022"
"2022","Junio","2022-06-15","HUILA","Rivera","Vereda Bajo Pedregal","","","","","","","","","","Superficial","","","","","","Descuido y negligencia","","","","","","","","","","","","20","","BD_ICV_2022"
"2022","Junio","2022-06-15","HUILA","San Agustín","Vereda Florida","","","","","","","","","","Superficial","","","","","","Quemas fuera de control","","","","","","","","","","","","0.2","","BD_ICV_2022"
"2022","Junio","2022-06-15","NORTE DE SANTANDER","Pamplona","","","","","","","","","","","","","","","","","","","","","","","","","","","","","2","","BD_ICV_2022"
"2022","Junio","2022-06-16","CAQUETA","Florencia","","","","","","","","","","","","","","","","","","","","","","","","","","","","","12","","BD_ICV_2022"
"2022","Junio","2022-06-16","HUILA","Garzón","Sector De La Milagrosa","","","","","","","","","","Superficial","","","","","","Quemas fuera de control","","","","","","","","","","","","1","","BD_ICV_2022"
"2022","Junio","2022-06-16","PUTUMAYO","Puerto Leguizamo","","","","","","","","","","","","","","","","","","","","","","","","","","","","","1","","BD_ICV_2022"
"2022","Junio","2022-06-17","HUILA","Garzón","Barrio Villa Laura Campestre","","","","","","","","","","Superficial","","","","","","Quemas fuera de control","","","","","","","","","","","","0.03","","BD_ICV_2022"
"2022","Junio","2022-06-17","HUILA","San Agustín","Vereda Florida","","","","","","","","","","Superficial","","","","","","Quemas fuera de control","","","","","","","","","","","","1.5","","BD_ICV_2022"
"2022","Junio","2022-06-20","SANTANDER","Zapatoca","","","","","","","","","","","","","","","","","","","","","","","","","","","","","2","","BD_ICV_2022"
"2022","Junio","2022-06-29","HUILA","Aipe","Parque Tematico ¨Huellitas¨","","","","","","","","","","Superficial","","","","","","Intencional","","","","","","","","","","","","0.25","","BD_ICV_2022"
"2022","Julio","2022-07-01","CUNDINAMARCA","Caparrapí","","","","","","","","","","","","","","","","","","","","","","","","","","","","","1","","BD_ICV_2022"
"2022","Julio","2022-07-07","CAUCA","Santander de Quilichao","","","","","","","","","","","","","","","","","","","","","","","","","","","","","6","","BD_ICV_2022"
"2022","Julio","2022-07-07","HUILA","Tello","Vereda San Isidro Bajo","","","","","","","","","","Superficial","","","","","","Descuido y negligencia","","","","","","","","","","","","1","","BD_ICV_2022"
"2022","Julio","2022-07-07","NORTE DE SANTANDER","San Cayetano","","","","","","","","","","","","","","","","","","","","","","","","","","","","","1","","BD_ICV_2022"
"2022","Julio","2022-07-08","HUILA","Neiva","Vereda Triunfo","","","","","","","","","","Copa","","","","","","Sin definir","","","","","","","","","","","","1.1100000000000001","","BD_ICV_2022"
"2022","Julio","2022-07-08","HUILA","Paicol","Vereda El Diamante","","","","","","","","","","Copa","","","","","","Sin definir","","","","","","","","","","","","0.5","","BD_ICV_2022"
"2022","Julio","2022-07-09","ANTIOQUIA","Bello","","","","","","","","","","","","","","","","","","","","","","","","","","","","","55","","BD_ICV_2022"
"2022","Julio","2022-07-09","CUNDINAMARCA","Anolaima","","","","","","","","","","","","","","","","","","","","","","","","","","","","","1","","BD_ICV_2022"
"2022","Julio","2022-07-10","ANTIOQUIA","Amagá","","","","","","","","","","","","","","","","","","","","","","","","","","","","","2","","BD_ICV_2022"
"2022","Julio","2022-07-10","TOLIMA","Líbano","","","","","","","","","","","","","","","","","","","","","","","","","","","","","1.5","","BD_ICV_2022"
"2022","Julio","2022-07-14","SANTANDER","Sabana de Torres","","","","","","","","","","","","","","","","","","","","","","","","","","","","","15","","BD_ICV_2022"
"2022","Julio","2022-07-18","RISARALDA","Apía","","","","","","","","","","","","","","","","","","","","","","","","","","","","","1","","BD_ICV_2022"
"2022","Julio","2022-07-19","ATLANTICO","Sabanagrande","","","","","","","","","","","","","","","","","","","","","","","","","","","","","1","","BD_ICV_2022"
"2022","Julio","2022-07-19","NARIÑO","Santacruz","","","","","","","","","","","","","","","","","","","","","","","","","","","","","10","","BD_ICV_2022"
"2022","Julio","2022-07-21","TOLIMA","Guamo","","","","","","","","","","","","","","","","","","","","","","","","","","","","","2","","BD_ICV_2022"
"2022","Julio","2022-07-22","CAUCA","Patía","","","","","","","","","","","","","","","","","","","","","","","","","","","","","1","","BD_ICV_2022"
"2022","Julio","2022-07-22","HUILA","Tello","","","","","","","","","","","","","","","","","","","","","","","","","","","","","8","","BD_ICV_2022"
"2022","Julio","2022-07-29","LA GUAJIRA","Riohacha","","","","","","","","","","","","","","","","","","","","","","","","","","","","","2","","BD_ICV_2022"
"2022","Julio","2022-07-30","HUILA","Rivera","","","","","","","","","","","","","","","","","","","","","","","","","","","","","2","","BD_ICV_2022"
"2022","Julio","2022-07-30","HUILA","Yaguará","","","","","","","","","","","","","","","","","","","","","","","","","","","","","20","","BD_ICV_2022"
"2022","Julio","2022-07-30","LA GUAJIRA","Riohacha","","","","","","","","","","","","","","","","","","","","","","","","","","","","","1","","BD_ICV_2022"
"2022","Julio","2022-07-30","META","Granada","","","","","","","","","","","","","","","","","","","","","","","","","","","","","1","","BD_ICV_2022"
"2022","Julio","2022-07-31","HUILA","Oporapa","","","","","","","","","","","","","","","","","","","","","","","","","","","","","1","","BD_ICV_2022"
"2022","Julio","2022-07-31","HUILA","Saladoblanco","","","","","","","","","","","","","","","","","","","","","","","","","","","","","15","","BD_ICV_2022"
"2022","Agosto","2022-08-02","RISARALDA","Santuario","","","","","","","","","","","","","","","","","","","","","","","","","","","","","5","","BD_ICV_2022"
"2022","Agosto","2022-08-07","TOLIMA","Natagaima","","","","","","","","","","","","","","","","","","","","","","","","","","","","","1","","BD_ICV_2022"
"2022","Agosto","2022-08-08","NARIÑO","La Cruz","","","","","","","","","","","","","","","","","","","","","","","","","","","","","2","","BD_ICV_2022"
"2022","Agosto","2022-08-09","TOLIMA","Melgar","","","","","","","","","","","","","","","","","","","","","","","","","","","","","200","","BD_ICV_2022"
"2022","Agosto","2022-08-11","CAUCA","Santander de Quilichao","","","","","","","","","","","","","","","","","","","","","","","","","","","","","3","","BD_ICV_2022"
"2022","Agosto","2022-08-11","HUILA","Tesalia","","","","","","","","","","","","","","","","","","","","","","","","","","","","","10","","BD_ICV_2022"
"2022","Agosto","2022-08-15","BOYACÁ","Susacón","","","","","","","","","","","","","","","","","","","","","","","","","","","","","3","","BD_ICV_2022"
"2022","Agosto","2022-08-15","NARIÑO","Cumbal","Vereda El Tambillosector Maracanda","","","","","","","","","","Otros","","","","","","Otros","","","","","","","","","","","","1","","BD_ICV_2022"
"2022","Agosto","2022-08-15","NARIÑO","Imués","Santa Rosa Sector Boqueron","","","","","","","","","","Otros","","","","","","Otros","","","","","","","","","","","","7","","BD_ICV_2022"
"2022","Agosto","2022-08-17","HUILA","Palermo","","","","","","","","","","","","","","","","","","","","","","","","","","","","","8","","BD_ICV_2022"
"2022","Agosto","2022-08-18","CUNDINAMARCA","La Mesa","","","","","","","","","","","","","","","","","","","","","","","","","","","","","1","","BD_ICV_2022"
"2022","Agosto","2022-08-18","TOLIMA","Natagaima","","","","","","","","","","","","","","","","","","","","","","","","","","","","","10","","BD_ICV_2022"
"2022","Agosto","2022-08-19","BOYACÁ","Tibasosa","","","","","","","","","","","","","","","","","","","","","","","","","","","","","1","","BD_ICV_2022"
"2022","Agosto","2022-08-19","CUNDINAMARCA","Nilo","Sector Recebera La Floresta","","","","","","","","","","Superficial","","","","","","Sin definir","","","","","","","","","","","","2","","BD_ICV_2022"
"2022","Agosto","2022-08-22","CUNDINAMARCA","Quebradanegra","","","","","","","","","","","","","","","","","","","","","","","","","","","","","3","","BD_ICV_2022"
"2022","Agosto","2022-08-23","CAUCA","Popayán","","","","","","","","","","","","","","","","","","","","","","","","","","","","","2","","BD_ICV_2022"
"2022","Agosto","2022-08-23","CUNDINAMARCA","Sasaima","","","","","","","","","","","","","","","","","","","","","","","","","","","","","1","","BD_ICV_2022"
"2022","Agosto","2022-08-23","CUNDINAMARCA","Villeta","","","","","","","","","","","","","","","","","","","","","","","","","","","","","2","","BD_ICV_2022"
"2022","Agosto","2022-08-23","HUILA","Tesalia","","","","","","","","","","","","","","","","","","","","","","","","","","","","","60","","BD_ICV_2022"
"2022","Agosto","2022-08-23","PUTUMAYO","Puerto Asís","","","","","","","","","","","","","","","","","","","","","","","","","","","","","7","","BD_ICV_2022"
"2022","Agosto","2022-08-24","CAUCA","Santander de Quilichao","","","","","","","","","","","","","","","","","","","","","","","","","","","","","12","","BD_ICV_2022"
"2022","Agosto","2022-08-24","CUNDINAMARCA","Caparrapí","","","","","","","","","","","","","","","","","","","","","","","","","","","","","2","","BD_ICV_2022"
"2022","Agosto","2022-08-24","CUNDINAMARCA","Tocaima","Club Oficial  De La Fuerza Aerea","","","","","","","","","","Superficial","","","","","","Sin definir","","","","","","","","","","","","2","","BD_ICV_2022"
"2022","Agosto","2022-08-24","HUILA","Neiva","","","","","","","","","","","","","","","","","","","","","","","","","","","","","120","","BD_ICV_2022"
"2022","Agosto","2022-08-24","HUILA","Rivera","","","","","","","","","","","","","","","","","","","","","","","","","","","","","5","","BD_ICV_2022"
"2022","Agosto","2022-08-24","NORTE DE SANTANDER","Los Patios","","","","","","","","","","","","","","","","","","","","","","","","","","","","","1","","BD_ICV_2022"
"2022","Agosto","2022-08-24","TOLIMA","Coello","","","","","","","","","","","","","","","","","","","","","","","","","","","","","5","","BD_ICV_2022"
"2022","Agosto","2022-08-24","TOLIMA","Natagaima","","","","","","","","","","","","","","","","","","","","","","","","","","","","","20","","BD_ICV_2022"
"2022","Agosto","2022-08-24","TOLIMA","Prado","","","","","","","","","","","","","","","","","","","","","","","","","","","","","450","","BD_ICV_2022"
"2022","Agosto","2022-08-24","TOLIMA","Venadillo","","","","","","","","","","","","","","","","","","","","","","","","","","","","","1.5","","BD_ICV_2022"
"2022","Agosto","2022-08-25","CUNDINAMARCA","Arbeláez","Vereda San Roque Sector La Recebera","","","","","","","","","","Superficial","","","","","","Sin definir","","","","","","","","","","","","1.35","","BD_ICV_2022"
"2022","Agosto","2022-08-25","HUILA","Yaguará","","","","","","","","","","","","","","","","","","","","","","","","","","","","","5","","BD_ICV_2022"
"2022","Agosto","2022-08-26","CAUCA","Páez","Vereda Taravira","","","","","","","","","","Superficial","","","","","","Sin definir","","","","","","","","","","","","3","","BD_ICV_2022"
"2022","Agosto","2022-08-26","HUILA","Guadalupe","","","","","","","","","","","","","","","","","","","","","","","","","","","","","2","","BD_ICV_2022"
"2022","Agosto","2022-08-26","HUILA","La Argentina","","","","","","","","","","","","","","","","","","","","","","","","","","","","","1.5","","BD_ICV_2022"
"2022","Agosto","2022-08-26","TOLIMA","Ataco","","","","","","","","","","","","","","","","","","","","","","","","","","","","","40","","BD_ICV_2022"
"2022","Agosto","2022-08-27","HUILA","Paicol","","","","","","","","","","","","","","","","","","","","","","","","","","","","","6","","BD_ICV_2022"
"2022","Agosto","2022-08-27","HUILA","Santa María","","","","","","","","","","","","","","","","","","","","","","","","","","","","","1","","BD_ICV_2022"
"2022","Agosto","2022-08-27","HUILA","Tello","","","","","","","","","","","","","","","","","","","","","","","","","","","","","5","","BD_ICV_2022"
"2022","Agosto","2022-08-27","HUILA","Yaguará","","","","","","","","","","","","","","","","","","","","","","","","","","","","","10","","BD_ICV_2022"
"2022","Agosto","2022-08-27","NARIÑO","Cuaspud","Vereda Yapulquer","","","","","","","","","","Otros","","","","","","Sin definir","","","","","","","","","","","","3","","BD_ICV_2022"
"2022","Agosto","2022-08-27","NARIÑO","Tangua","Vereda L Cebadal Sector Magdalena","","","","","","","","","","Otros","","","","","","Sin definir","","","","","","","","","","","","3","","BD_ICV_2022"
"2022","Agosto","2022-08-28","CUNDINAMARCA","Cogua","","","","","","","","","","","","","","","","","","","","","","","","","","","","","1.5","","BD_ICV_2022"
"2022","Agosto","2022-08-28","CUNDINAMARCA","Sutatausa","Vereda Palacio","","","","","","","","","","Superficial","","","","","","Sin definir","","","","","","","","","","","","1.1000000000000001","","BD_ICV_2022"
"2022","Agosto","2022-08-28","HUILA","Tello","","","","","","","","","","","","","","","","","","","","","","","","","","","","","6","","BD_ICV_2022"
"2022","Agosto","2022-08-29","HUILA","Campoalegre","","","","","","","","","","","","","","","","","","","","","","","","","","","","","4","","BD_ICV_2022"
"2022","Agosto","2022-08-29","TOLIMA","Ataco","","","","","","","","","","","","","","","","","","","","","","","","","","","","","4","","BD_ICV_2022"
"2022","Agosto","2022-08-30","CUNDINAMARCA","Nilo","Vereda Circasia, Los Curos, San Bartolo","","","","","","","","","","Superficial","","","","","","Sin definir","","","","","","","","","","","","108.6","","BD_ICV_2022"
"2022","Agosto","2022-08-30","HUILA","Neiva","","","","","","","","","","","","","","","","","","","","","","","","","","","","","1","","BD_ICV_2022"
"2022","Agosto","2022-08-30","TOLIMA","Guamo","","","","","","","","","","","","","","","","","","","","","","","","","","","","","3","","BD_ICV_2022"
"2022","Agosto","2022-08-30","TOLIMA","Ortega","","","","","","","","","","","","","","","","","","","","","","","","","","","","","120","","BD_ICV_2022"
"2022","Agosto","2022-08-31","BOYACÁ","Ráquira","","","","","","","","","","","","","","","","","","","","","","","","","","","","","1","","BD_ICV_2022"
"2022","Agosto","2022-08-31","HUILA","Yaguará","","","","","","","","","","","","","","","","","","","","","","","","","","","","","3","","BD_ICV_2022"
"2022","Agosto","2022-08-31","TOLIMA","Carmen de Apicalá","","","","","","","","","","","","","","","","","","","","","","","","","","","","","30","","BD_ICV_2022"
"2022","Agosto","2022-08-31","TOLIMA","Suárez","","","","","","","","","","","","","","","","","","","","","","","","","","","","","700","","BD_ICV_2022"
"2022","Agosto","2022-08-31","VALLE DEL CAUCA","Florida","","","","","","","","","","","","","","","","","","","","","","","","","","","","","5.93","","BD_ICV_2022"
"2022","Septiembre","2022-09-01","CAUCA","Bolívar","","","","","","","","","","","","","","","","","","","","","","","","","","","","","12","","BD_ICV_2022"
"2022","Septiembre","2022-09-01","CUNDINAMARCA","Nilo","","","","","","","","","","","","","","","","","","","","","","","","","","","","","90","","BD_ICV_2022"
"2022","Septiembre","2022-09-01","HUILA","Baraya","","","","","","","","","","","","","","","","","","","","","","","","","","","","","15","","BD_ICV_2022"
"2022","Septiembre","2022-09-01","HUILA","Tello","","","","","","","","","","","","","","","","","","","","","","","","","","","","","11.5","","BD_ICV_2022"
"2022","Septiembre","2022-09-01","NARIÑO","Arboleda","Vereda La Cocha","","","","","","","","","","Otros","","","","","","Sin definir","","","","","","","","","","","","1","","BD_ICV_2022"
"2022","Septiembre","2022-09-01","TOLIMA","Carmen de Apicalá","","","","","","","","","","","","","","","","","","","","","","","","","","","","","100","","BD_ICV_2022"
"2022","Septiembre","2022-09-01","TOLIMA","Chaparral","","","","","","","","","","","","","","","","","","","","","","","","","","","","","6","","BD_ICV_2022"
"2022","Septiembre","2022-09-02","HUILA","Tello","","","","","","","","","","","","","","","","","","","","","","","","","","","","","14","","BD_ICV_2022"
"2022","Septiembre","2022-09-02","NARIÑO","Pasto","","","","","","","","","","","","","","","","","","","","","","","","","","","","","30","","BD_ICV_2022"
"2022","Septiembre","2022-09-02","TOLIMA","Ortega","","","","","","","","","","","","","","","","","","","","","","","","","","","","","120","","BD_ICV_2022"
"2022","Septiembre","2022-09-04","TOLIMA","Venadillo","","","","","","","","","","","","","","","","","","","","","","","","","","","","","1","","BD_ICV_2022"
"2022","Septiembre","2022-09-05","NARIÑO","El Tambo","Vereda Las Palmas","","","","","","","","","","Otros","","","","","","Sin definir","","","","","","","","","","","","0.3","","BD_ICV_2022"
"2022","Septiembre","2022-09-05","NARIÑO","Sapuyes","","","","","","","","","","","Otros","","","","","","Sin definir","","","","","","","","","","","","2","","BD_ICV_2022"
"2022","Septiembre","2022-09-06","CAUCA","Morales","","","","","","","","","","","","","","","","","","","","","","","","","","","","","5","","BD_ICV_2022"
"2022","Septiembre","2022-09-06","CAUCA","Santander de Quilichao","","","","","","","","","","","","","","","","","","","","","","","","","","","","","4","","BD_ICV_2022"
"2022","Septiembre","2022-09-06","HUILA","Yaguará","","","","","","","","","","","","","","","","","","","","","","","","","","","","","11","","BD_ICV_2022"
"2022","Septiembre","2022-09-06","NARIÑO","El Tambo","Vereda De Derrumbes","","","","","","","","","","Otros","","","","","","Sin definir","","","","","","","","","","","","4","","BD_ICV_2022"
"2022","Septiembre","2022-09-06","NARIÑO","San Pablo","Vereda De Derrumbes","","","","","","","","","","Otros","","","","","","Sin definir","","","","","","","","","","","","2","","BD_ICV_2022"
"2022","Septiembre","2022-09-07","HUILA","Garzón","","","","","","","","","","","","","","","","","","","","","","","","","","","","","2","","BD_ICV_2022"
"2022","Septiembre","2022-09-07","HUILA","Villavieja","","","","","","","","","","","","","","","","","","","","","","","","","","","","","20","","BD_ICV_2022"
"2022","Septiembre","2022-09-07","HUILA","Yaguará","","","","","","","","","","","","","","","","","","","","","","","","","","","","","3","","BD_ICV_2022"
"2022","Septiembre","2022-09-07","TOLIMA","Venadillo","","","","","","","","","","","","","","","","","","","","","","","","","","","","","8","","BD_ICV_2022"
"2022","Septiembre","2022-09-08","CAUCA","Piendamo","","","","","","","","","","","","","","","","","","","","","","","","","","","","","2","","BD_ICV_2022"
"2022","Septiembre","2022-09-08","CUNDINAMARCA","Venecia","Verada El Trebol Sector Via Guatimbol Rio Sumapaz","","","","","","","","","","Superficial","","","","","","Sin definir","","","","","","","","","","","","5.44","","BD_ICV_2022"
"2022","Septiembre","2022-09-08","HUILA","Aipe","","","","","","","","","","","","","","","","","","","","","","","","","","","","","9","","BD_ICV_2022"
"2022","Septiembre","2022-09-08","HUILA","Campoalegre","","","","","","","","","","","","","","","","","","","","","","","","","","","","","1","","BD_ICV_2022"
"2022","Septiembre","2022-09-08","HUILA","Hobo","","","","","","","","","","","","","","","","","","","","","","","","","","","","","4","","BD_ICV_2022"
"2022","Septiembre","2022-09-08","HUILA","Nátaga","","","","","","","","","","","","","","","","","","","","","","","","","","","","","427","","BD_ICV_2022"
"2022","Septiembre","2022-09-08","HUILA","Paicol","","","","","","","","","","","","","","","","","","","","","","","","","","","","","3","","BD_ICV_2022"
"2022","Septiembre","2022-09-08","HUILA","San Agustín","","","","","","","","","","","","","","","","","","","","","","","","","","","","","3.5","","BD_ICV_2022"
"2022","Septiembre","2022-09-08","HUILA","Teruel","","","","","","","","","","","","","","","","","","","","","","","","","","","","","5","","BD_ICV_2022"
"2022","Septiembre","2022-09-08","HUILA","Villavieja","","","","","","","","","","","","","","","","","","","","","","","","","","","","","7","","BD_ICV_2022"
"2022","Septiembre","2022-09-08","NARIÑO","Belén","Vereda Peña Negra","","","","","","","","","","Otros","","","","","","Sin definir","","","","","","","","","","","","3","","BD_ICV_2022"
"2022","Septiembre","2022-09-08","NARIÑO","El Tambo","","","","","","","","","","","","","","","","","","","","","","","","","","","","","2","","BD_ICV_2022"
"2022","Septiembre","2022-09-08","NARIÑO","Sapuyes","","","","","","","","","","","Otros","","","","","","Sin definir","","","","","","","","","","","","1","","BD_ICV_2022"
"2022","Septiembre","2022-09-08","TOLIMA","Chaparral","","","","","","","","","","","","","","","","","","","","","","","","","","","","","1","","BD_ICV_2022"
"2022","Septiembre","2022-09-09","CAUCA","El Tambo","","","","","","","","","","","","","","","","","","","","","","","","","","","","","2","","BD_ICV_2022"
"2022","Septiembre","2022-09-09","HUILA","Campoalegre","","","","","","","","","","","","","","","","","","","","","","","","","","","","","9","","BD_ICV_2022"
"2022","Septiembre","2022-09-09","HUILA","Isnos","","","","","","","","","","","","","","","","","","","","","","","","","","","","","3","","BD_ICV_2022"
"2022","Septiembre","2022-09-09","HUILA","Teruel","","","","","","","","","","","","","","","","","","","","","","","","","","","","","15","","BD_ICV_2022"
"2022","Septiembre","2022-09-09","HUILA","Timaná","","","","","","","","","","","","","","","","","","","","","","","","","","","","","2","","BD_ICV_2022"
"2022","Septiembre","2022-09-09","HUILA","Yaguará","","","","","","","","","","","","","","","","","","","","","","","","","","","","","15","","BD_ICV_2022"
"2022","Septiembre","2022-09-09","NARIÑO","Consacá","Zona Reserva Y Potreros","","","","","","","","","","Otros","","","","","","Sin definir","","","","","","","","","","","","5","","BD_ICV_2022"
"2022","Septiembre","2022-09-09","NARIÑO","Leiva","Cabecera Municipal","","","","","","","","","","Otros","","","","","","Sin definir","","","","","","","","","","","","2","","BD_ICV_2022"
"2022","Septiembre","2022-09-09","NARIÑO","Sapuyes","","","","","","","","","","","Otros","","","","","","Sin definir","","","","","","","","","","","","3","","BD_ICV_2022"
"2022","Septiembre","2022-09-09","TOLIMA","Anzoátegui","","","","","","","","","","","","","","","","","","","","","","","","","","","","","3","","BD_ICV_2022"
"2022","Septiembre","2022-09-10","HUILA","Hobo","","","","","","","","","","","","","","","","","","","","","","","","","","","","","1","","BD_ICV_2022"
"2022","Septiembre","2022-09-10","HUILA","Yaguará","","","","","","","","","","","","","","","","","","","","","","","","","","","","","30","","BD_ICV_2022"
"2022","Septiembre","2022-09-10","TOLIMA","Ibagué","","","","","","","","","","","","","","","","","","","","","","","","","","","","","40","","BD_ICV_2022"
"2022","Septiembre","2022-09-10","TOLIMA","Venadillo","","","","","","","","","","","","","","","","","","","","","","","","","","","","","40","","BD_ICV_2022"
"2022","Septiembre","2022-09-11","CUNDINAMARCA","Silvania","","","","","","","","","","","","","","","","","","","","","","","","","","","","","3","","BD_ICV_2022"
"2022","Septiembre","2022-09-11","HUILA","Garzón","","","","","","","","","","","","","","","","","","","","","","","","","","","","","1","","BD_ICV_2022"
"2022","Septiembre","2022-09-11","HUILA","Hobo","","","","","","","","","","","","","","","","","","","","","","","","","","","","","4","","BD_ICV_2022"
"2022","Septiembre","2022-09-11","HUILA","Neiva","","","","","","","","","","","","","","","","","","","","","","","","","","","","","3","","BD_ICV_2022"
"2022","Septiembre","2022-09-11","HUILA","Yaguará","","","","","","","","","","","","","","","","","","","","","","","","","","","","","25","","BD_ICV_2022"
"2022","Septiembre","2022-09-11","NARIÑO","El Rosario","El Rincon","","","","","","","","","","Otros","","","","","","Sin definir","","","","","","","","","","","","1","","BD_ICV_2022"
"2022","Septiembre","2022-09-11","NARIÑO","Policarpa","Corregimiento De Sanchez Sector Paso","","","","","","","","","","Otros","","","","","","Sin definir","","","","","","","","","","","","1","","BD_ICV_2022"
"2022","Septiembre","2022-09-11","NARIÑO","San Bernardo","Vereda La Florida","","","","","","","","","","Otros","","","","","","Sin definir","","","","","","","","","","","","4","","BD_ICV_2022"
"2022","Septiembre","2022-09-11","PUTUMAYO","San Miguel","","","","","","","","","","","","","","","","","","","","","","","","","","","","","2","","BD_ICV_2022"
"2022","Septiembre","2022-09-11","SANTANDER","Gámbita","","","","","","","","","","","","","","","","","","","","","","","","","","","","","10","","BD_ICV_2022"
"2022","Septiembre","2022-09-11","TOLIMA","Ibagué","","","","","","","","","","","","","","","","","","","","","","","","","","","","","2","","BD_ICV_2022"
"2022","Septiembre","2022-09-11","VALLE DEL CAUCA","El Cerrito","","","","","","","","","","","","","","","","","","","","","","","","","","","","","1","","BD_ICV_2022"
"2022","Septiembre","2022-09-12","CUNDINAMARCA","Arbeláez","","","","","","","","","","","","","","","","","","","","","","","","","","","","","2","","BD_ICV_2022"
"2022","Septiembre","2022-09-12","CUNDINAMARCA","Sasaima","","","","","","","","","","","","","","","","","","","","","","","","","","","","","5","","BD_ICV_2022"
"2022","Septiembre","2022-09-12","CUNDINAMARCA","Tocaima","","","","","","","","","","","","","","","","","","","","","","","","","","","","","1","","BD_ICV_2022"
"2022","Septiembre","2022-09-12","HUILA","Garzón","","","","","","","","","","","","","","","","","","","","","","","","","","","","","2","","BD_ICV_2022"
"2022","Septiembre","2022-09-12","HUILA","Gigante","","","","","","","","","","","","","","","","","","","","","","","","","","","","","30","","BD_ICV_2022"
"2022","Septiembre","2022-09-12","HUILA","Palermo","","","","","","","","","","","","","","","","","","","","","","","","","","","","","35","","BD_ICV_2022"
"2022","Septiembre","2022-09-12","HUILA","Rivera","","","","","","","","","","","","","","","","","","","","","","","","","","","","","5","","BD_ICV_2022"
"2022","Septiembre","2022-09-12","NARIÑO","Cumbal","Vereda Boyera","","","","","","","","","","Otros","","","","","","Sin definir","","","","","","","","","","","","5","","BD_ICV_2022"
"2022","Septiembre","2022-09-12","NARIÑO","Pasto","Rio Bobo","","","","","","","","","","Otros","","","","","","Sin definir","","","","","","","","","","","","2","","BD_ICV_2022"
"2022","Septiembre","2022-09-12","NARIÑO","Puerres","Vereda La Hacienda","","","","","","","","","","Otros","","","","","","Sin definir","","","","","","","","","","","","0.3","","BD_ICV_2022"
"2022","Septiembre","2022-09-12","TOLIMA","Coello","","","","","","","","","","","","","","","","","","","","","","","","","","","","","1.5","","BD_ICV_2022"
"2022","Septiembre","2022-09-13","NARIÑO","Aldana","Cienega Larga","","","","","","","","","","Otros","","","","","","Sin definir","","","","","","","","","","","","1","","BD_ICV_2022"
"2022","Septiembre","2022-09-13","NARIÑO","Iles","Vereda San Javier","","","","","","","","","","Otros","","","","","","Sin definir","","","","","","","","","","","","2","","BD_ICV_2022"
"2022","Septiembre","2022-09-13","NARIÑO","Potosí","","","","","","","","","","","","","","","","","","","","","","","","","","","","","1","","BD_ICV_2022"
"2022","Septiembre","2022-09-13","QUINDÍO","Calarcá","San Rafael","","","","","","","","","","Superficial","","","","","","Intencional","","","","","","","","","","","","0.18","","BD_ICV_2022"
"2022","Septiembre","2022-09-14","PUTUMAYO","San Miguel","","","","","","","","","","","","","","","","","","","","","","","","","","","","","1","","BD_ICV_2022"
"2022","Septiembre","2022-09-14","SANTANDER","Sabana de Torres","","","","","","","","","","","","","","","","","","","","","","","","","","","","","2","","BD_ICV_2022"
"2022","Septiembre","2022-09-15","CASANARE","Hato Corozal","","","","","","","","","","","","","","","","","","","","","","","","","","","","","300","","BD_ICV_2022"
"2022","Septiembre","2022-09-15","CAUCA","Silvia","","","","","","","","","","","","","","","","","","","","","","","","","","","","","6","","BD_ICV_2022"
"2022","Septiembre","2022-09-15","CUNDINAMARCA","Viotá","","","","","","","","","","","","","","","","","","","","","","","","","","","","","1","","BD_ICV_2022"
"2022","Septiembre","2022-09-15","NARIÑO","Cumbal","","","","","","","","","","","","","","","","","","","","","","","","","","","","","180","","BD_ICV_2022"
"2022","Septiembre","2022-09-15","NARIÑO","El Táblon de Gomez","Cabecera Municipal","","","","","","","","","","Otros","","","","","","Sin definir","","","","","","","","","","","","1","","BD_ICV_2022"
"2022","Septiembre","2022-09-15","QUINDÍO","Génova","San Juan Alto","","","","","","","","","","Superficial","","","","","","Intencional","","","","","","","","","","","","0.31","","BD_ICV_2022"
"2022","Septiembre","2022-09-15","VALLE DEL CAUCA","Cali","","","","","","","","","","","","","","","","","","","","","","","","","","","","","15","","BD_ICV_2022"
"2022","Septiembre","2022-09-16","NARIÑO","Chachaguí","San Lorenzo Km 42","","","","","","","","","","Otros","","","","","","Sin definir","","","","","","","","","","","","2","","BD_ICV_2022"
"2022","Septiembre","2022-09-16","NARIÑO","El Táblon de Gomez","","","","","","","","","","","","","","","","","","","","","","","","","","","","","5","","BD_ICV_2022"
"2022","Septiembre","2022-09-17","VALLE DEL CAUCA","Yumbo","","","","","","","","","","","","","","","","","","","","","","","","","","","","","7","","BD_ICV_2022"
"2022","Septiembre","2022-09-18","BOGOTÁ D.C.","Bogotá D.C.","","","","","","","","","","","","","","","","","","","","","","","","","","","","","1.5","","BD_ICV_2022"
"2022","Septiembre","2022-09-19","CUNDINAMARCA","Fusagasugá","","","","","","","","","","","","","","","","","","","","","","","","","","","","","5","","BD_ICV_2022"
"2022","Septiembre","2022-09-19","HUILA","Campoalegre","","","","","","","","","","","","","","","","","","","","","","","","","","","","","8","","BD_ICV_2022"
"2022","Septiembre","2022-09-20","QUINDÍO","Armenia","Cedral","","","","","","","","","","Superficial","","","","","","Sin definir","","","","","","","","","","","","3","","BD_ICV_2022"
"2022","Septiembre","2022-09-20","QUINDÍO","Génova","Cedral","","","","","","","","","","Superficial","","","","","","Sin definir","","","","","","","","","","","","3","","BD_ICV_2022"
"2022","Septiembre","2022-09-21","PUTUMAYO","Puerto Leguizamo","","","","","","","","","","","","","","","","","","","","","","","","","","","","","40","","BD_ICV_2022"
"2022","Septiembre","2022-09-21","TOLIMA","Purificación","","","","","","","","","","","","","","","","","","","","","","","","","","","","","300","","BD_ICV_2022"
"2022","Septiembre","2022-09-22","NARIÑO","Ipiales","","","","","","","","","","","","","","","","","","","","","","","","","","","","","5","","BD_ICV_2022"
"2022","Septiembre","2022-09-23","NARIÑO","Taminango","Vereda Manzano","","","","","","","","","","Otros","","","","","","Sin definir","","","","","","","","","","","","3","","BD_ICV_2022"
"2022","Septiembre","2022-09-24","QUINDÍO","Armenia","Cedral","","","","","","","","","","Superficial","","","","","","Sin definir","","","","","","","","","","","","1.9","","BD_ICV_2022"
"2022","Septiembre","2022-09-24","TOLIMA","Venadillo","","","","","","","","","","","","","","","","","","","","","","","","","","","","","20","","BD_ICV_2022"
"2022","Septiembre","2022-09-24","VALLE DEL CAUCA","Caicedonia","","","","","","","","","","","","","","","","","","","","","","","","","","","","","3","","BD_ICV_2022"
"2022","Septiembre","2022-09-26","CUNDINAMARCA","Tocaima","","","","","","","","","","","","","","","","","","","","","","","","","","","","","5","","BD_ICV_2022"
"2022","Septiembre","2022-09-26","NARIÑO","Albán","Vereda Campobello","","","","","","","","","","Otros","","","","","","Sin definir","","","","","","","","","","","","5","","BD_ICV_2022"
"2022","Septiembre","2022-09-26","NARIÑO","Gualmatán","Cuatis Centro","","","","","","","","","","Otros","","","","","","Otros","","","","","","","","","","","","3","","BD_ICV_2022"
"2022","Septiembre","2022-09-26","NARIÑO","Samaniego","Vereda Llano","","","","","","","","","","Otros","","","","","","Otros","","","","","","","","","","","","3","","BD_ICV_2022"
"2022","Septiembre","2022-09-26","TOLIMA","Venadillo","","","","","","","","","","","","","","","","","","","","","","","","","","","","","1","","BD_ICV_2022"
"2022","Septiembre","2022-09-27","CUNDINAMARCA","Cachipay","","","","","","","","","","","","","","","","","","","","","","","","","","","","","5","","BD_ICV_2022"
"2022","Septiembre","2022-09-27","CUNDINAMARCA","Guasca","","","","","","","","","","","","","","","","","","","","","","","","","","","","","1.2","","BD_ICV_2022"
"2022","Septiembre","2022-09-27","CUNDINAMARCA","Guatavita","","","","","","","","","","","","","","","","","","","","","","","","","","","","","1.2","","BD_ICV_2022"
"2022","Septiembre","2022-09-27","NARIÑO","Gualmatán","Vereda Cofradia","","","","","","","","","","Otros","","","","","","Sin definir","","","","","","","","","","","","4","","BD_ICV_2022"
"2022","Septiembre","2022-09-27","NARIÑO","Iles","Sector Humeadora","","","","","","","","","","Otros","","","","","","Sin definir","","","","","","","","","","","","2","","BD_ICV_2022"
"2022","Septiembre","2022-09-27","NARIÑO","Imués","Vereda Santa Clara","","","","","","","","","","Otros","","","","","","Sin definir","","","","","","","","","","","","1","","BD_ICV_2022"
"2022","Septiembre","2022-09-27","NARIÑO","Taminango","Corregimiento La Granada","","","","","","","","","","Otros","","","","","","Sin definir","","","","","","","","","","","","2","","BD_ICV_2022"
"2022","Septiembre","2022-09-28","NARIÑO","Pasto","Chapal","","","","","","","","","","Otros","","","","","","Sin definir","","","","","","","","","","","","3","","BD_ICV_2022"
"2022","Septiembre","2022-09-30","CUNDINAMARCA","San Juan de Rio Seco","","","","","","","","","","","","","","","","","","","","","","","","","","","","","1","","BD_ICV_2022"
"2022","Octubre","2022-10-03","CUNDINAMARCA","Viotá","","","","","","","","","","","","","","","","","","","","","","","","","","","","","1","","BD_ICV_2022"
"2022","Octubre","2022-10-03","NARIÑO","Samaniego","Samaniego","","","","","","","","","","No selecionado","","","","","","Sin definir","","","","","","","","","","","","5","","BD_ICV_2022"
"2022","Octubre","2022-10-04","NARIÑO","Contadero","La Humeadora","","","","","","","","","","No selecionado","","","","","","Sin definir","","","","","","","","","","","","1","","BD_ICV_2022"
"2022","Octubre","2022-10-05","CUNDINAMARCA","Cáqueza","","","","","","","","","","","","","","","","","","","","","","","","","","","","","1","","BD_ICV_2022"
"2022","Octubre","2022-10-09","NARIÑO","Iles","Vereda Tablon Alto","","","","","","","","","","No selecionado","","","","","","Sin definir","","","","","","","","","","","","15","","BD_ICV_2022"
"2022","Octubre","2022-10-12","BOYACÁ","Pesca","Tobaca","","","","","","","","","","Superficial","","","","","","Sin definir","","","","","","","","","","","","0.97","","BD_ICV_2022"
"2022","Octubre","2022-10-13","NARIÑO","Aldana","Vereda San Luis","","","","","","","","","","Otros","","","","","","Sin definir","","","","","","","","","","","","1","","BD_ICV_2022"
"2022","Octubre","2022-10-13","NARIÑO","Gualmatán","Vereda San Antonio","","","","","","","","","","Otros","","","","","","Sin definir","","","","","","","","","","","","1","","BD_ICV_2022"
"2022","Noviembre","2022-11-16","BOYACÁ","Tota","Daysi","","","","","","","","","","Superficial","","","","","","Quemas fuera de control","","","","","","","","","","","","0.5","","BD_ICV_2022"
"2022","Noviembre","2022-11-16","QUINDÍO","Armenia","La Concha","","","","","","","","","","Superficial","","","","","","Sin definir","","","","","","","","","","","","0.4","","BD_ICV_2022"
"2022","Noviembre","2022-11-16","QUINDÍO","Córdoba","La Concha","","","","","","","","","","Superficial","","","","","","Sin definir","","","","","","","","","","","","0.49","","BD_ICV_2022"
"2022","Noviembre","2022-11-23","SANTANDER","Piedecuesta","","","","","","","","","","","Superficial","","","","","","Sin definir","","","","","","","","","","","","65.900000000000006","","BD_ICV_2022"
"2022","Diciembre","2022-12-02","TOLIMA","San Luis","","","","","","","","","","","","","","","","","","","","","","","","","","","","","60","","BD_ICV_2022"
"2022","Diciembre","2022-12-08","CUNDINAMARCA","Manta","","","","","","","","","","","","","","","","","","","","","","","","","","","","","1","","BD_ICV_2022"
"2022","Diciembre","2022-12-14","ANTIOQUIA","Bello","","","","","","","","","","","","","","","","","","","","","","","","","","","","","2","","BD_ICV_2022"
"2022","Diciembre","2022-12-16","CAQUETA","Florencia","","","","","","","","","","","","","","","","","","","","","","","","","","","","","5","","BD_ICV_2022"
"2022","Diciembre","2022-12-16","NARIÑO","Potosí","","","","","","","","","","","","","","","","","","","","","","","","","","","","","5","","BD_ICV_2022"
"2022","Diciembre","2022-12-16","SANTANDER","Sabana de Torres","","","","","","","","","","","","","","","","","","","","","","","","","","","","","2","","BD_ICV_2022"
"2022","Diciembre","2022-12-16","SANTANDER","Zapatoca","","","","","","","","","","","","","","","","","","","","","","","","","","","","","1","","BD_ICV_2022"
"2022","Diciembre","2022-12-16","VALLE DEL CAUCA","Roldanillo","","","","","","","","","","","","","","","","","","","","","","","","","","","","","1","","BD_ICV_2022"
"2022","Diciembre","2022-12-17","LA GUAJIRA","Fonseca","","","","","","","","","","","","","","","","","","","","","","","","","","","","","1","","BD_ICV_2022"
"2022","Diciembre","2022-12-17","SANTANDER","Sabana de Torres","","","","","","","","","","","","","","","","","","","","","","","","","","","","","1","","BD_ICV_2022"
"2022","Diciembre","2022-12-17","SANTANDER","San Vicente de Chucurí","","","","","","","","","","","","","","","","","","","","","","","","","","","","","1","","BD_ICV_2022"
"2022","Diciembre","2022-12-17","TOLIMA","Suárez","","","","","","","","","","","","","","","","","","","","","","","","","","","","","1","","BD_ICV_2022"
"2022","Diciembre","2022-12-17","VALLE DEL CAUCA","Jamundí","","","","","","","","","","","","","","","","","","","","","","","","","","","","","1","","BD_ICV_2022"
"2022","Diciembre","2022-12-18","CUNDINAMARCA","Choachí","","","","","","","","","","","","","","","","","","","","","","","","","","","","","1","","BD_ICV_2022"
"2022","Diciembre","2022-12-18","META","Puerto Gaitán","","","","","","","","","","","","","","","","","","","","","","","","","","","","","250","","BD_ICV_2022"
"2022","Diciembre","2022-12-18","META","San Martín","","","","","","","","","","","","","","","","","","","","","","","","","","","","","3","","BD_ICV_2022"
"2022","Diciembre","2022-12-18","TOLIMA","Coello","","","","","","","","","","","","","","","","","","","","","","","","","","","","","160","","BD_ICV_2022"
"2022","Diciembre","2022-12-19","BOYACÁ","Nuevo Colon","","","","","","","","","","","","","","","","","","","","","","","","","","","","","12","","BD_ICV_2022"
"2022","Diciembre","2022-12-19","CUNDINAMARCA","Choachí","","","","","","","","","","","","","","","","","","","","","","","","","","","","","1","","BD_ICV_2022"
"2022","Diciembre","2022-12-19","GUAVIARE","Miraflores","","","","","","","","","","","","","","","","","","","","","","","","","","","","","11","","BD_ICV_2022"
"2022","Diciembre","2022-12-19","META","Granada","","","","","","","","","","","","","","","","","","","","","","","","","","","","","1","","BD_ICV_2022"
"2022","Diciembre","2022-12-19","META","Puerto Gaitán","","","","","","","","","","","","","","","","","","","","","","","","","","","","","1","","BD_ICV_2022"
"2022","Diciembre","2022-12-19","VALLE DEL CAUCA","Florida","","","","","","","","","","","","","","","","","","","","","","","","","","","","","1","","BD_ICV_2022"
"2022","Diciembre","2022-12-20","BOYACÁ","Guateque","","","","","","","","","","","","","","","","","","","","","","","","","","","","","1","","BD_ICV_2022"
"2022","Diciembre","2022-12-20","CAQUETA","Belén de los Andaquíes","","","","","","","","","","","","","","","","","","","","","","","","","","","","","1","","BD_ICV_2022"
"2022","Diciembre","2022-12-20","CAUCA","Santander de Quilichao","","","","","","","","","","","","","","","","","","","","","","","","","","","","","1","","BD_ICV_2022"
"2022","Diciembre","2022-12-20","META","Granada","","","","","","","","","","","","","","","","","","","","","","","","","","","","","1","","BD_ICV_2022"
"2022","Diciembre","2022-12-20","VALLE DEL CAUCA","Jamundí","","","","","","","","","","","","","","","","","","","","","","","","","","","","","2","","BD_ICV_2022"
"2022","Diciembre","2022-12-20","VICHADA","Cumaribo","","","","","","","","","","","","","","","","","","","","","","","","","","","","","4000","","BD_ICV_2022"
"2022","Diciembre","2022-12-21","CAQUETA","Florencia","","","","","","","","","","","","","","","","","","","","","","","","","","","","","1","","BD_ICV_2022"
"2022","Diciembre","2022-12-21","CAUCA","Padilla","","","","","","","","","","","","","","","","","","","","","","","","","","","","","1","","BD_ICV_2022"
"2022","Diciembre","2022-12-21","HUILA","Gigante","","","","","","","","","","","","","","","","","","","","","","","","","","","","","2","","BD_ICV_2022"
"2022","Diciembre","2022-12-21","META","Granada","","","","","","","","","","","","","","","","","","","","","","","","","","","","","1","","BD_ICV_2022"
"2022","Diciembre","2022-12-21","META","Puerto Gaitán","","","","","","","","","","","","","","","","","","","","","","","","","","","","","1","","BD_ICV_2022"
"2022","Diciembre","2022-12-21","PUTUMAYO","Valle del Guamuéz","","","","","","","","","","","","","","","","","","","","","","","","","","","","","1","","BD_ICV_2022"
"2022","Diciembre","2022-12-21","RISARALDA","La Virginia","","","","","","","","","","","","","","","","","","","","","","","","","","","","","1","","BD_ICV_2022"
"2022","Diciembre","2022-12-22","CAQUETA","Florencia","","","","","","","","","","","","","","","","","","","","","","","","","","","","","2","","BD_ICV_2022"
"2022","Diciembre","2022-12-22","CUNDINAMARCA","Fómeque","","","","","","","","","","","","","","","","","","","","","","","","","","","","","4","","BD_ICV_2022"
"2022","Diciembre","2022-12-22","LA GUAJIRA","San Juan del Cesar","","","","","","","","","","","","","","","","","","","","","","","","","","","","","3","","BD_ICV_2022"
"2022","Diciembre","2022-12-22","META","Puerto López","","","","","","","","","","","","","","","","","","","","","","","","","","","","","200","","BD_ICV_2022"
"2022","Diciembre","2022-12-22","NARIÑO","Pasto","","","","","","","","","","","","","","","","","","","","","","","","","","","","","2","","BD_ICV_2022"
"2022","Diciembre","2022-12-23","CESAR","Valledupar","","","","","","","","","","","","","","","","","","","","","","","","","","","","","1","","BD_ICV_2022"
"2022","Diciembre","2022-12-23","CUNDINAMARCA","Cáqueza","","","","","","","","","","","","","","","","","","","","","","","","","","","","","60","","BD_ICV_2022"
"2022","Diciembre","2022-12-23","CUNDINAMARCA","Gutiérrez","","","","","","","","","","","","","","","","","","","","","","","","","","","","","4","","BD_ICV_2022"
"2022","Diciembre","2022-12-23","CUNDINAMARCA","Zipaquirá","","","","","","","","","","","","","","","","","","","","","","","","","","","","","1","","BD_ICV_2022"
"2022","Diciembre","2022-12-23","GUAVIARE","Miraflores","","","","","","","","","","","","","","","","","","","","","","","","","","","","","15","","BD_ICV_2022"
"2022","Diciembre","2022-12-23","MAGDALENA","El Banco","","","","","","","","","","","","","","","","","","","","","","","","","","","","","3","","BD_ICV_2022"
"2022","Diciembre","2022-12-23","NARIÑO","Ipiales","","","","","","","","","","","","","","","","","","","","","","","","","","","","","3","","BD_ICV_2022"
"2022","Diciembre","2022-12-23","NARIÑO","Túquerres","","","","","","","","","","","","","","","","","","","","","","","","","","","","","1","","BD_ICV_2022"
"2022","Diciembre","2022-12-24","ANTIOQUIA","Bello","","","","","","","","","","","","","","","","","","","","","","","","","","","","","4","","BD_ICV_2022"
"2022","Diciembre","2022-12-24","CASANARE","Yopal","","","","","","","","","","","","","","","","","","","","","","","","","","","","","2","","BD_ICV_2022"
"2022","Diciembre","2022-12-24","CUNDINAMARCA","Cota","","","","","","","","","","","","","","","","","","","","","","","","","","","","","2.5","","BD_ICV_2022"
"2022","Diciembre","2022-12-24","META","Puerto Gaitán","","","","","","","","","","","","","","","","","","","","","","","","","","","","","80","","BD_ICV_2022"
"2022","Diciembre","2022-12-24","PUTUMAYO","Puerto Caicedo","","","","","","","","","","","","","","","","","","","","","","","","","","","","","5","","BD_ICV_2022"
"2022","Diciembre","2022-12-24","SANTANDER","Puerto Wilches","","","","","","","","","","","","","","","","","","","","","","","","","","","","","1","","BD_ICV_2022"
"2022","Diciembre","2022-12-25","ANTIOQUIA","Marinilla","","","","","","","","","","","","","","","","","","","","","","","","","","","","","1","","BD_ICV_2022"
"2022","Diciembre","2022-12-25","CUNDINAMARCA","La Mesa","","","","","","","","","","","","","","","","","","","","","","","","","","","","","1","","BD_ICV_2022"
"2022","Diciembre","2022-12-25","META","Puerto Gaitán","","","","","","","","","","","","","","","","","","","","","","","","","","","","","1","","BD_ICV_2022"
"2022","Diciembre","2022-12-25","META","San Juan de Arama","","","","","","","","","","","","","","","","","","","","","","","","","","","","","350","","BD_ICV_2022"
"2022","Diciembre","2022-12-26","BOYACÁ","Gámeza","","","","","","","","","","","","","","","","","","","","","","","","","","","","","1.5","","BD_ICV_2022"
"2022","Diciembre","2022-12-26","CESAR","La Paz","","","","","","","","","","","","","","","","","","","","","","","","","","","","","1","","BD_ICV_2022"
"2022","Diciembre","2022-12-26","CUNDINAMARCA","Cáqueza","","","","","","","","","","","","","","","","","","","","","","","","","","","","","2.5","","BD_ICV_2022"
"2022","Diciembre","2022-12-26","CUNDINAMARCA","Cogua","","","","","","","","","","","","","","","","","","","","","","","","","","","","","1","","BD_ICV_2022"
"2022","Diciembre","2022-12-26","CUNDINAMARCA","Tenjo","","","","","","","","","","","","","","","","","","","","","","","","","","","","","1","","BD_ICV_2022"
"2022","Diciembre","2022-12-26","META","Puerto Rico","","","","","","","","","","","","","","","","","","","","","","","","","","","","","1","","BD_ICV_2022"
"2022","Diciembre","2022-12-26","NARIÑO","Córdoba","","","","","","","","","","","","","","","","","","","","","","","","","","","","","2","","BD_ICV_2022"
"2022","Diciembre","2022-12-26","SANTANDER","Sabana de Torres","","","","","","","","","","","","","","","","","","","","","","","","","","","","","1","","BD_ICV_2022"
"2022","Diciembre","2022-12-26","TOLIMA","Carmen de Apicalá","","","","","","","","","","","","","","","","","","","","","","","","","","","","","1","","BD_ICV_2022"
"2022","Diciembre","2022-12-26","TOLIMA","Ibagué","","","","","","","","","","","","","","","","","","","","","","","","","","","","","2","","BD_ICV_2022"
"2022","Diciembre","2022-12-27","ANTIOQUIA","La Pintada","","","","","","","","","","","","","","","","","","","","","","","","","","","","","1","","BD_ICV_2022"
"2022","Diciembre","2022-12-27","CUNDINAMARCA","Cáqueza","","","","","","","","","","","","","","","","","","","","","","","","","","","","","2","","BD_ICV_2022"
"2022","Diciembre","2022-12-27","GUAVIARE","Miraflores","","","","","","","","","","","","","","","","","","","","","","","","","","","","","6","","BD_ICV_2022"
"2022","Diciembre","2022-12-27","HUILA","Hobo","","","","","","","","","","","","","","","","","","","","","","","","","","","","","5","","BD_ICV_2022"
"2022","Diciembre","2022-12-27","META","Puerto López","","","","","","","","","","","","","","","","","","","","","","","","","","","","","5.5","","BD_ICV_2022"
"2022","Diciembre","2022-12-27","PUTUMAYO","Puerto Caicedo","","","","","","","","","","","","","","","","","","","","","","","","","","","","","5","","BD_ICV_2022"
"2022","Diciembre","2022-12-27","SANTANDER","Sabana de Torres","","","","","","","","","","","","","","","","","","","","","","","","","","","","","2","","BD_ICV_2022"
"2022","Diciembre","2022-12-27","TOLIMA","Ibagué","","","","","","","","","","","","","","","","","","","","","","","","","","","","","1","","BD_ICV_2022"
"2022","Diciembre","2022-12-28","ANTIOQUIA","La Pintada","","","","","","","","","","","","","","","","","","","","","","","","","","","","","1","","BD_ICV_2022"
"2022","Diciembre","2022-12-28","CAQUETA","Florencia","","","","","","","","","","","","","","","","","","","","","","","","","","","","","1","","BD_ICV_2022"
"2022","Diciembre","2022-12-28","CASANARE","Aguazul","","","","","","","","","","","","","","","","","","","","","","","","","","","","","7","","BD_ICV_2022"
"2022","Diciembre","2022-12-28","CESAR","Valledupar","","","","","","","","","","","","","","","","","","","","","","","","","","","","","1","","BD_ICV_2022"
"2022","Diciembre","2022-12-28","CUNDINAMARCA","Quetame","","","","","","","","","","","","","","","","","","","","","","","","","","","","","40","","BD_ICV_2022"
"2022","Diciembre","2022-12-28","GUAVIARE","Miraflores","","","","","","","","","","","","","","","","","","","","","","","","","","","","","20","","BD_ICV_2022"
"2022","Diciembre","2022-12-28","HUILA","Hobo","","","","","","","","","","","","","","","","","","","","","","","","","","","","","5","","BD_ICV_2022"
"2022","Diciembre","2022-12-28","NARIÑO","Aldana","Vereda San Luis","","","","","","","","","","Otros","","","","","","Sin definir","","","","","","","","","","","","3.5","","BD_ICV_2022"
"2022","Diciembre","2022-12-28","NARIÑO","Ipiales","","","","","","","","","","","","","","","","","","","","","","","","","","","","","1","","BD_ICV_2022"
"2022","Diciembre","2022-12-28","NARIÑO","Pasto","","","","","","","","","","","","","","","","","","","","","","","","","","","","","1","","BD_ICV_2022"
"2022","Diciembre","2022-12-28","PUTUMAYO","Puerto Asís","","","","","","","","","","","","","","","","","","","","","","","","","","","","","3","","BD_ICV_2022"
"2022","Diciembre","2022-12-28","SANTANDER","Ocamonte","","","","","","","","","","","","","","","","","","","","","","","","","","","","","1","","BD_ICV_2022"
"2022","Diciembre","2022-12-28","SANTANDER","Oiba","","","","","","","","","","","","","","","","","","","","","","","","","","","","","1","","BD_ICV_2022"
"2022","Diciembre","2022-12-28","TOLIMA","Carmen de Apicalá","","","","","","","","","","","","","","","","","","","","","","","","","","","","","1","","BD_ICV_2022"
"2022","Diciembre","2022-12-29","BOYACÁ","Campohermoso","","","","","","","","","","","","","","","","","","","","","","","","","","","","","1.8","","BD_ICV_2022"
"2022","Diciembre","2022-12-29","CALDAS","Viterbo","","","","","","","","","","","","","","","","","","","","","","","","","","","","","4","","BD_ICV_2022"
"2022","Diciembre","2022-12-29","CESAR","Bosconia","","","","","","","","","","","","","","","","","","","","","","","","","","","","","4","","BD_ICV_2022"
"2022","Diciembre","2022-12-29","CUNDINAMARCA","Ricaurte","","","","","","","","","","","","","","","","","","","","","","","","","","","","","4","","BD_ICV_2022"
"2022","Diciembre","2022-12-29","CUNDINAMARCA","Ubaque","","","","","","","","","","","","","","","","","","","","","","","","","","","","","40","","BD_ICV_2022"
"2022","Diciembre","2022-12-29","GUAVIARE","Miraflores","","","","","","","","","","","","","","","","","","","","","","","","","","","","","12","","BD_ICV_2022"
"2022","Diciembre","2022-12-29","HUILA","Tesalia","","","","","","","","","","","","","","","","","","","","","","","","","","","","","3","","BD_ICV_2022"
"2022","Diciembre","2022-12-29","MAGDALENA","Salamina","","","","","","","","","","","","","","","","","","","","","","","","","","","","","2.5","","BD_ICV_2022"
"2022","Diciembre","2022-12-29","NARIÑO","Cuaspud","","","","","","","","","","","","","","","","","","","","","","","","","","","","","3","","BD_ICV_2022"
"2022","Diciembre","2022-12-29","NARIÑO","Ipiales","","","","","","","","","","","","","","","","","","","","","","","","","","","","","1","","BD_ICV_2022"
"2022","Diciembre","2022-12-29","TOLIMA","Alvarado","","","","","","","","","","","","","","","","","","","","","","","","","","","","","10","","BD_ICV_2022"
"2022","Diciembre","2022-12-30","BOYACÁ","Tenza","","","","","","","","","","","","","","","","","","","","","","","","","","","","","1","","BD_ICV_2022"
"2022","Diciembre","2022-12-30","META","Puerto Rico","","","","","","","","","","","","","","","","","","","","","","","","","","","","","1","","BD_ICV_2022"
"2022","Diciembre","2022-12-30","NARIÑO","Potosí","","","","","","","","","","","","","","","","","","","","","","","","","","","","","1","","BD_ICV_2022"
"2022","Diciembre","2022-12-30","SANTANDER","Sabana de Torres","","","","","","","","","","","","","","","","","","","","","","","","","","","","","3","","BD_ICV_2022"
"2022","Diciembre","2022-12-30","TOLIMA","Carmen de Apicalá","","","","","","","","","","","","","","","","","","","","","","","","","","","","","1","","BD_ICV_2022"
"2022","Diciembre","2022-12-30","TOLIMA","Rioblanco","","","","","","","","","","","","","","","","","","","","","","","","","","","","","3","","BD_ICV_2022"
"2022","Diciembre","2022-12-31","ANTIOQUIA","Bello","","","","","","","","","","","","","","","","","","","","","","","","","","","","","1","","BD_ICV_2022"
"2022","Diciembre","2022-12-31","CUNDINAMARCA","Choachí","","","","","","","","","","","","","","","","","","","","","","","","","","","","","2","","BD_ICV_2022"
"","","","","","","","","","","","","","","","","","","","","","","","","","","","","","","","","","","","BD_ICV_2022"
"","","","","","","","","","","","","","","","","","","","","","","","","","","","","","","","","","","","BD_ICV_2022"
"","","","","","","","","","","","","","","","","","","","","","","","","","","","","","","","","","","","BD_ICV_2022"
"","","","","","","","","","","","","","","","","","","","","","","","","","","","","","","","","","","","BD_ICV_2022"
"","","","","","","","","","","","","","","","","","","","","","","","","","","","","","","","","","","","BD_ICV_2022"
"","","","","","","","","","","","","","","","","","","","","","","","","","","","","","","","","","","","BD_ICV_2022"
"","","","","","","","","","","","","","","","","","","","","","","","","","","","","","","","","","","","BD_ICV_2022"
"","","","","","","","","","","","","","","","","","","","","","","","","","","","","","","","","","","","BD_ICV_2022"
"","","","","","","","","","","","","","","","","","","","","","","","","","","","","","","","","","","","BD_ICV_2022"
"","","","","","","","","","","","","","","","","","","","","","","","","","","","","","","","","","","","BD_ICV_2022"
"","","","","","","","","","","","","","","","","","","","","","","","","","","","","","","","","","","","BD_ICV_2022"
"","","","","","","","","","","","","","","","","","","","","","","","","","","","","","","","","","","","BD_ICV_2022"
"","","","","","","","","","","","","","","","","","","","","","","","","","","","","","","","","","","","BD_ICV_2022"
"","","","","","","","","","","","","","","","","","","","","","","","","","","","","","","","","","","","BD_ICV_2022"
"","","","","","","","","","","","","","","","","","","","","","","","","","","","","","","","","","","","BD_ICV_2022"
"","","","","","","","","","","","","","","","","","","","","","","","","","","","","","","","","","","","BD_ICV_2022"
"","","","","","","","","","","","","","","","","","","","","","","","","","","","","","","","","","","","BD_ICV_2022"
"","","","","","","","","","","","","","","","","","","","","","","","","","","","","","","","","","","","BD_ICV_2022"
"","","","","","","","","","","","","","","","","","","","","","","","","","","","","","","","","","","","BD_ICV_2022"
"","","","","","","","","","","","","","","","","","","","","","","","","","","","","","","","","","","","BD_ICV_2022"
"","","","","","","","","","","","","","","","","","","","","","","","","","","","","","","","","","","","BD_ICV_2022"
"","","","","","","","","","","","","","","","","","","","","","","","","","","","","","","","","","","","BD_ICV_2022"
"","","","","","","","","","","","","","","","","","","","","","","","","","","","","","","","","","","","BD_ICV_2022"
"","","","","","","","","","","","","","","","","","","","","","","","","","","","","","","","","","","","BD_ICV_2022"
"","","","","","","","","","","","","","","","","","","","","","","","","","","","","","","","","","","","BD_ICV_2022"
"","","","","","","","","","","","","","","","","","","","","","","","","","","","","","","","","","","","BD_ICV_2022"
"","","","","","","","","","","","","","","","","","","","","","","","","","","","","","","","","","","","BD_ICV_2022"
"","","","","","","","","","","","","","","","","","","","","","","","","","","","","","","","","","","","BD_ICV_2022"
"","","","","","","","","","","","","","","","","","","","","","","","","","","","","","","","","","","","BD_ICV_2022"
"","","","","","","","","","","","","","","","","","","","","","","","","","","","","","","","","","","","BD_ICV_2022"
"","","","","","","","","","","","","","","","","","","","","","","","","","","","","","","","","","","","BD_ICV_2022"
"","","","","","","","","","","","","","","","","","","","","","","","","","","","","","","","","","","","BD_ICV_2022"
"","","","","","","","","","","","","","","","","","","","","","","","","","","","","","","","","","","","BD_ICV_2022"
"","","","","","","","","","","","","","","","","","","","","","","","","","","","","","","","","","","","BD_ICV_2022"
"","","","","","","","","","","","","","","","","","","","","","","","","","","","","","","","","","","","BD_ICV_2022"
"","","","","","","","","","","","","","","","","","","","","","","","","","","","","","","","","","","","BD_ICV_2022"
"","","","","","","","","","","","","","","","","","","","","","","","","","","","","","","","","","","","BD_ICV_2022"
"","","","","","","","","","","","","","","","","","","","","","","","","","","","","","","","","","","","BD_ICV_2022"
"","","","","","","","","","","","","","","","","","","","","","","","","","","","","","","","","","","","BD_ICV_2022"
"","","","","","","","","","","","","","","","","","","","","","","","","","","","","","","","","","","","BD_ICV_2022"
"","","","","","","","","","","","","","","","","","","","","","","","","","","","","","","","","","","","BD_ICV_2022"
"","","","","","","","","","","","","","","","","","","","","","","","","","","","","","","","","","","","BD_ICV_2022"
"","","","","","","","","","","","","","","","","","","","","","","","","","","","","","","","","","","","BD_ICV_2022"
"","","","","","","","","","","","","","","","","","","","","","","","","","","","","","","","","","","","BD_ICV_2022"
"","","","","","","","","","","","","","","","","","","","","","","","","","","","","","","","","","","","BD_ICV_2022"
"","","","","","","","","","","","","","","","","","","","","","","","","","","","","","","","","","","","BD_ICV_2022"
"","","","","","","","","","","","","","","","","","","","","","","","","","","","","","","","","","","","BD_ICV_2022"
"","","","","","","","","","","","","","","","","","","","","","","","","","","","","","","","","","","","BD_ICV_2022"
"","","","","","","","","","","","","","","","","","","","","","","","","","","","","","","","","","","","BD_ICV_2022"
"","","","","","","","","","","","","","","","","","","","","","","","","","","","","","","","","","","","BD_ICV_2022"
"","","","","","","","","","","","","","","","","","","","","","","","","","","","","","","","","","","","BD_ICV_2022"
"","","","","","","","","","","","","","","","","","","","","","","","","","","","","","","","","","","","BD_ICV_2022"
"","","","","","","","","","","","","","","","","","","","","","","","","","","","","","","","","","","","BD_ICV_2022"
"","","","","","","","","","","","","","","","","","","","","","","","","","","","","","","","","","","","BD_ICV_2022"
"","","","","","","","","","","","","","","","","","","","","","","","","","","","","","","","","","","","BD_ICV_2022"
"","","","","","","","","","","","","","","","","","","","","","","","","","","","","","","","","","","","BD_ICV_2022"
"","","","","","","","","","","","","","","","","","","","","","","","","","","","","","","","","","","","BD_ICV_2022"
"","","","","","","","","","","","","","","","","","","","","","","","","","","","","","","","","","","","BD_ICV_2022"
"","","","","","","","","","","","","","","","","","","","","","","","","","","","","","","","","","","","BD_ICV_2022"
"","","","","","","","","","","","","","","","","","","","","","","","","","","","","","","","","","","","BD_ICV_2022"
"","","","","","","","","","","","","","","","","","","","","","","","","","","","","","","","","","","","BD_ICV_2022"
"","","","","","","","","","","","","","","","","","","","","","","","","","","","","","","","","","","","BD_ICV_2022"
"","","","","","","","","","","","","","","","","","","","","","","","","","","","","","","","","","","","BD_ICV_2022"
"","","","","","","","","","","","","","","","","","","","","","","","","","","","","","","","","","","","BD_ICV_2022"
"","","","","","","","","","","","","","","","","","","","","","","","","","","","","","","","","","","","BD_ICV_2022"
"","","","","","","","","","","","","","","","","","","","","","","","","","","","","","","","","","","","BD_ICV_2022"
"","","","","","","","","","","","","","","","","","","","","","","","","","","","","","","","","","","","BD_ICV_2022"
"","","","","","","","","","","","","","","","","","","","","","","","","","","","","","","","","","","","BD_ICV_2022"
"","","","","","","","","","","","","","","","","","","","","","","","","","","","","","","","","","","","BD_ICV_2022"
"","","","","","","","","","","","","","","","","","","","","","","","","","","","","","","","","","","","BD_ICV_2022"
"","","","","","","","","","","","","","","","","","","","","","","","","","","","","","","","","","","","BD_ICV_2022"
"","","","","","","","","","","","","","","","","","","","","","","","","","","","","","","","","","","","BD_ICV_2022"
"","","","","","","","","","","","","","","","","","","","","","","","","","","","","","","","","","","","BD_ICV_2022"
"","","","","","","","","","","","","","","","","","","","","","","","","","","","","","","","","","","","BD_ICV_2022"
"","","","","","","","","","","","","","","","","","","","","","","","","","","","","","","","","","","","BD_ICV_2022"
"","","","","","","","","","","","","","","","","","","","","","","","","","","","","","","","","","","","BD_ICV_2022"
"","","","","","","","","","","","","","","","","","","","","","","","","","","","","","","","","","","","BD_ICV_2022"
"","","","","","","","","","","","","","","","","","","","","","","","","","","","","","","","","","","","BD_ICV_2022"
"","","","","","","","","","","","","","","","","","","","","","","","","","","","","","","","","","","","BD_ICV_2022"
"","","","","","","","","","","","","","","","","","","","","","","","","","","","","","","","","","","","BD_ICV_2022"
"","","","","","","","","","","","","","","","","","","","","","","","","","","","","","","","","","","","BD_ICV_2022"
"","","","","","","","","","","","","","","","","","","","","","","","","","","","","","","","","","","","BD_ICV_2022"
"","","","","","","","","","","","","","","","","","","","","","","","","","","","","","","","","","","","BD_ICV_2022"
"","","","","","","","","","","","","","","","","","","","","","","","","","","","","","","","","","","","BD_ICV_2022"
"","","","","","","","","","","","","","","","","","","","","","","","","","","","","","","","","","","","BD_ICV_2022"
"","","","","","","","","","","","","","","","","","","","","","","","","","","","","","","","","","","","BD_ICV_2022"
"","","","","","","","","","","","","","","","","","","","","","","","","","","","","","","","","","","","BD_ICV_2022"
"","","","","","","","","","","","","","","","","","","","","","","","","","","","","","","","","","","","BD_ICV_2022"
"","","","","","","","","","","","","","","","","","","","","","","","","","","","","","","","","","","","BD_ICV_2022"
"","","","","","","","","","","","","","","","","","","","","","","","","","","","","","","","","","","","BD_ICV_2022"
"","","","","","","","","","","","","","","","","","","","","","","","","","","","","","","","","","","","BD_ICV_2022"
"","","","","","","","","","","","","","","","","","","","","","","","","","","","","","","","","","","","BD_ICV_2022"
"","","","","","","","","","","","","","","","","","","","","","","","","","","","","","","","","","","","BD_ICV_2022"
"","","","","","","","","","","","","","","","","","","","","","","","","","","","","","","","","","","","BD_ICV_2022"
"","","","","","","","","","","","","","","","","","","","","","","","","","","","","","","","","","","","BD_ICV_2022"
"","","","","","","","","","","","","","","","","","","","","","","","","","","","","","","","","","","","BD_ICV_2022"
"","","","","","","","","","","","","","","","","","","","","","","","","","","","","","","","","","","","BD_ICV_2022"
"","","","","","","","","","","","","","","","","","","","","","","","","","","","","","","","","","","","BD_ICV_2022"
"","","","","","","","","","","","","","","","","","","","","","","","","","","","","","","","","","","","BD_ICV_2022"
"","","","","","","","","","","","","","","","","","","","","","","","","","","","","","","","","","","","BD_ICV_2022"
"","","","","","","","","","","","","","","","","","","","","","","","","","","","","","","","","","","","BD_ICV_2022"
"","","","","","","","","","","","","","","","","","","","","","","","","","","","","","","","","","","","BD_ICV_2022"
"","","","","","","","","","","","","","","","","","","","","","","","","","","","","","","","","","","","BD_ICV_2022"
"","","","","","","","","","","","","","","","","","","","","","","","","","","","","","","","","","","","BD_ICV_2022"
"","","","","","","","","","","","","","","","","","","","","","","","","","","","","","","","","","","","BD_ICV_2022"
"","","","","","","","","","","","","","","","","","","","","","","","","","","","","","","","","","","","BD_ICV_2022"
"","","","","","","","","","","","","","","","","","","","","","","","","","","","","","","","","","","","BD_ICV_2022"
"","","","","","","","","","","","","","","","","","","","","","","","","","","","","","","","","","","","BD_ICV_2022"
"","","","","","","","","","","","","","","","","","","","","","","","","","","","","","","","","","","","BD_ICV_2022"
"","","","","","","","","","","","","","","","","","","","","","","","","","","","","","","","","","","","BD_ICV_2022"
"","","","","","","","","","","","","","","","","","","","","","","","","","","","","","","","","","","","BD_ICV_2022"
"","","","","","","","","","","","","","","","","","","","","","","","","","","","","","","","","","","","BD_ICV_2022"
"","","","","","","","","","","","","","","","","","","","","","","","","","","","","","","","","","","","BD_ICV_2022"
"","","","","","","","","","","","","","","","","","","","","","","","","","","","","","","","","","","","BD_ICV_2022"
"","","","","","","","","","","","","","","","","","","","","","","","","","","","","","","","","","","","BD_ICV_2022"
"","","","","","","","","","","","","","","","","","","","","","","","","","","","","","","","","","","","BD_ICV_2022"
"","","","","","","","","","","","","","","","","","","","","","","","","","","","","","","","","","","","BD_ICV_2022"
"","","","","","","","","","","","","","","","","","","","","","","","","","","","","","","","","","","","BD_ICV_2022"
"","","","","","","","","","","","","","","","","","","","","","","","","","","","","","","","","","","","BD_ICV_2022"
"","","","","","","","","","","","","","","","","","","","","","","","","","","","","","","","","","","","BD_ICV_2022"
"","","","","","","","","","","","","","","","","","","","","","","","","","","","","","","","","","","","BD_ICV_2022"
"","","","","","","","","","","","","","","","","","","","","","","","","","","","","","","","","","","","BD_ICV_2022"
"","","","","","","","","","","","","","","","","","","","","","","","","","","","","","","","","","","","BD_ICV_2022"
"","","","","","","","","","","","","","","","","","","","","","","","","","","","","","","","","","","","BD_ICV_2022"
"","","","","","","","","","","","","","","","","","","","","","","","","","","","","","","","","","","","BD_ICV_2022"
"","","","","","","","","","","","","","","","","","","","","","","","","","","","","","","","","","","","BD_ICV_2022"
"","","","","","","","","","","","","","","","","","","","","","","","","","","","","","","","","","","","BD_ICV_2022"
"","","","","","","","","","","","","","","","","","","","","","","","","","","","","","","","","","","","BD_ICV_2022"
"","","","","","","","","","","","","","","","","","","","","","","","","","","","","","","","","","","","BD_ICV_2022"
"","","","","","","","","","","","","","","","","","","","","","","","","","","","","","","","","","","","BD_ICV_2022"
"","","","","","","","","","","","","","","","","","","","","","","","","","","","","","","","","","","","BD_ICV_2022"
"","","","","","","","","","","","","","","","","","","","","","","","","","","","","","","","","","","","BD_ICV_2022"
"","","","","","","","","","","","","","","","","","","","","","","","","","","","","","","","","","","","BD_ICV_2022"
"","","","","","","","","","","","","","","","","","","","","","","","","","","","","","","","","","","","BD_ICV_2022"
"","","","","","","","","","","","","","","","","","","","","","","","","","","","","","","","","","","","BD_ICV_2022"
"","","","","","","","","","","","","","","","","","","","","","","","","","","","","","","","","","","","BD_ICV_2022"
"","","","","","","","","","","","","","","","","","","","","","","","","","","","","","","","","","","","BD_ICV_2022"
"","","","","","","","","","","","","","","","","","","","","","","","","","","","","","","","","","","","BD_ICV_2022"
"","","","","","","","","","","","","","","","","","","","","","","","","","","","","","","","","","","","BD_ICV_2022"
"","","","","","","","","","","","","","","","","","","","","","","","","","","","","","","","","","","","BD_ICV_2022"
"","","","","","","","","","","","","","","","","","","","","","","","","","","","","","","","","","","","BD_ICV_2022"
"","","","","","","","","","","","","","","","","","","","","","","","","","","","","","","","","","","","BD_ICV_2022"
"","","","","","","","","","","","","","","","","","","","","","","","","","","","","","","","","","","","BD_ICV_2022"
"","","","","","","","","","","","","","","","","","","","","","","","","","","","","","","","","","","","BD_ICV_2022"
"","","","","","","","","","","","","","","","","","","","","","","","","","","","","","","","","","","","BD_ICV_2022"
"","","","","","","","","","","","","","","","","","","","","","","","","","","","","","","","","","","","BD_ICV_2022"
"","","","","","","","","","","","","","","","","","","","","","","","","","","","","","","","","","","","BD_ICV_2022"
"","","","","","","","","","","","","","","","","","","","","","","","","","","","","","","","","","","","BD_ICV_2022"
"","","","","","","","","","","","","","","","","","","","","","","","","","","","","","","","","","","","BD_ICV_2022"
"","","","","","","","","","","","","","","","","","","","","","","","","","","","","","","","","","","","BD_ICV_2022"
"","","","","","","","","","","","","","","","","","","","","","","","","","","","","","","","","","","","BD_ICV_2022"
"","","","","","","","","","","","","","","","","","","","","","","","","","","","","","","","","","","","BD_ICV_2022"
"","","","","","","","","","","","","","","","","","","","","","","","","","","","","","","","","","","","BD_ICV_2022"
"","","","","","","","","","","","","","","","","","","","","","","","","","","","","","","","","","","","BD_ICV_2022"
"","","","","","","","","","","","","","","","","","","","","","","","","","","","","","","","","","","","BD_ICV_2022"
"","","","","","","","","","","","","","","","","","","","","","","","","","","","","","","","","","","","BD_ICV_2022"
"","","","","","","","","","","","","","","","","","","","","","","","","","","","","","","","","","","","BD_ICV_2022"
"","","","","","","","","","","","","","","","","","","","","","","","","","","","","","","","","","","","BD_ICV_2022"
"","","","","","","","","","","","","","","","","","","","","","","","","","","","","","","","","","","","BD_ICV_2022"
"","","","","","","","","","","","","","","","","","","","","","","","","","","","","","","","","","","","BD_ICV_2022"
"","","","","","","","","","","","","","","","","","","","","","","","","","","","","","","","","","","","BD_ICV_2022"
"","","","","","","","","","","","","","","","","","","","","","","","","","","","","","","","","","","","BD_ICV_2022"
"","","","","","","","","","","","","","","","","","","","","","","","","","","","","","","","","","","","BD_ICV_2022"
"","","","","","","","","","","","","","","","","","","","","","","","","","","","","","","","","","","","BD_ICV_2022"
"","","","","","","","","","","","","","","","","","","","","","","","","","","","","","","","","","","","BD_ICV_2022"
"","","","","","","","","","","","","","","","","","","","","","","","","","","","","","","","","","","","BD_ICV_2022"
"","","","","","","","","","","","","","","","","","","","","","","","","","","","","","","","","","","","BD_ICV_2022"
"","","","","","","","","","","","","","","","","","","","","","","","","","","","","","","","","","","","BD_ICV_2022"
"","","","","","","","","","","","","","","","","","","","","","","","","","","","","","","","","","","","BD_ICV_2022"
"","","","","","","","","","","","","","","","","","","","","","","","","","","","","","","","","","","","BD_ICV_2022"
"","","","","","","","","","","","","","","","","","","","","","","","","","","","","","","","","","","","BD_ICV_2022"
"","","","","","","","","","","","","","","","","","","","","","","","","","","","","","","","","","","","BD_ICV_2022"
"","","","","","","","","","","","","","","","","","","","","","","","","","","","","","","","","","","","BD_ICV_2022"
"","","","","","","","","","","","","","","","","","","","","","","","","","","","","","","","","","","","BD_ICV_2022"
"","","","","","","","","","","","","","","","","","","","","","","","","","","","","","","","","","","","BD_ICV_2022"
"","","","","","","","","","","","","","","","","","","","","","","","","","","","","","","","","","","","BD_ICV_2022"
"","","","","","","","","","","","","","","","","","","","","","","","","","","","","","","","","","","","BD_ICV_2022"
"","","","","","","","","","","","","","","","","","","","","","","","","","","","","","","","","","","","BD_ICV_2022"
"","","","","","","","","","","","","","","","","","","","","","","","","","","","","","","","","","","","BD_ICV_2022"
"","","","","","","","","","","","","","","","","","","","","","","","","","","","","","","","","","","","BD_ICV_2022"
"","","","","","","","","","","","","","","","","","","","","","","","","","","","","","","","","","","","BD_ICV_2022"
"","","","","","","","","","","","","","","","","","","","","","","","","","","","","","","","","","","","BD_ICV_2022"
"","","","","","","","","","","","","","","","","","","","","","","","","","","","","","","","","","","","BD_ICV_2022"
"","","","","","","","","","","","","","","","","","","","","","","","","","","","","","","","","","","","BD_ICV_2022"
"","","","","","","","","","","","","","","","","","","","","","","","","","","","","","","","","","","","BD_ICV_2022"
"","","","","","","","","","","","","","","","","","","","","","","","","","","","","","","","","","","","BD_ICV_2022"
"","","","","","","","","","","","","","","","","","","","","","","","","","","","","","","","","","","","BD_ICV_2022"
"","","","","","","","","","","","","","","","","","","","","","","","","","","","","","","","","","","","BD_ICV_2022"
"","","","","","","","","","","","","","","","","","","","","","","","","","","","","","","","","","","","BD_ICV_2022"
"","","","","","","","","","","","","","","","","","","","","","","","","","","","","","","","","","","","BD_ICV_2022"
"","","","","","","","","","","","","","","","","","","","","","","","","","","","","","","","","","","","BD_ICV_2022"
"","","","","","","","","","","","","","","","","","","","","","","","","","","","","","","","","","","","BD_ICV_2022"
"","","","","","","","","","","","","","","","","","","","","","","","","","","","","","","","","","","","BD_ICV_2022"
"","","","","","","","","","","","","","","","","","","","","","","","","","","","","","","","","","","","BD_ICV_2022"
"","","","","","","","","","","","","","","","","","","","","","","","","","","","","","","","","","","","BD_ICV_2022"
"","","","","","","","","","","","","","","","","","","","","","","","","","","","","","","","","","","","BD_ICV_2022"
"","","","","","","","","","","","","","","","","","","","","","","","","","","","","","","","","","","","BD_ICV_2022"
"","","","","","","","","","","","","","","","","","","","","","","","","","","","","","","","","","","","BD_ICV_2022"
"","","","","","","","","","","","","","","","","","","","","","","","","","","","","","","","","","","","BD_ICV_2022"
"","","","","","","","","","","","","","","","","","","","","","","","","","","","","","","","","","","","BD_ICV_2022"
"","","","","","","","","","","","","","","","","","","","","","","","","","","","","","","","","","","","BD_ICV_2022"
"","","","","","","","","","","","","","","","","","","","","","","","","","","","","","","","","","","","BD_ICV_2022"
"","","","","","","","","","","","","","","","","","","","","","","","","","","","","","","","","","","","BD_ICV_2022"
"","","","","","","","","","","","","","","","","","","","","","","","","","","","","","","","","","","","BD_ICV_2022"
"","","","","","","","","","","","","","","","","","","","","","","","","","","","","","","","","","","","BD_ICV_2022"
"","","","","","","","","","","","","","","","","","","","","","","","","","","","","","","","","","","","BD_ICV_2022"
"","","","","","","","","","","","","","","","","","","","","","","","","","","","","","","","","","","","BD_ICV_2022"
"","","","","","","","","","","","","","","","","","","","","","","","","","","","","","","","","","","","BD_ICV_2022"
"","","","","","","","","","","","","","","","","","","","","","","","","","","","","","","","","","","","BD_ICV_2022"
"","","","","","","","","","","","","","","","","","","","","","","","","","","","","","","","","","","","BD_ICV_2022"
"","","","","","","","","","","","","","","","","","","","","","","","","","","","","","","","","","","","BD_ICV_2022"
"","","","","","","","","","","","","","","","","","","","","","","","","","","","","","","","","","","","BD_ICV_2022"
"","","","","","","","","","","","","","","","","","","","","","","","","","","","","","","","","","","","BD_ICV_2022"
"","","","","","","","","","","","","","","","","","","","","","","","","","","","","","","","","","","","BD_ICV_2022"
"","","","","","","","","","","","","","","","","","","","","","","","","","","","","","","","","","","","BD_ICV_2022"
"","","","","","","","","","","","","","","","","","","","","","","","","","","","","","","","","","","","BD_ICV_2022"
"","","","","","","","","","","","","","","","","","","","","","","","","","","","","","","","","","","","BD_ICV_2022"
"","","","","","","","","","","","","","","","","","","","","","","","","","","","","","","","","","","","BD_ICV_2022"
"","","","","","","","","","","","","","","","","","","","","","","","","","","","","","","","","","","","BD_ICV_2022"
"","","","","","","","","","","","","","","","","","","","","","","","","","","","","","","","","","","","BD_ICV_2022"
"","","","","","","","","","","","","","","","","","","","","","","","","","","","","","","","","","","","BD_ICV_2022"
"","","","","","","","","","","","","","","","","","","","","","","","","","","","","","","","","","","","BD_ICV_2022"
"","","","","","","","","","","","","","","","","","","","","","","","","","","","","","","","","","","","BD_ICV_2022"
"","","","","","","","","","","","","","","","","","","","","","","","","","","","","","","","","","","","BD_ICV_2022"
"","","","","","","","","","","","","","","","","","","","","","","","","","","","","","","","","","","","BD_ICV_2022"
"","","","","","","","","","","","","","","","","","","","","","","","","","","","","","","","","","","","BD_ICV_2022"
"","","","","","","","","","","","","","","","","","","","","","","","","","","","","","","","","","","","BD_ICV_2022"
"","","","","","","","","","","","","","","","","","","","","","","","","","","","","","","","","","","","BD_ICV_2022"
"","","","","","","","","","","","","","","","","","","","","","","","","","","","","","","","","","","","BD_ICV_2022"
"","","","","","","","","","","","","","","","","","","","","","","","","","","","","","","","","","","","BD_ICV_2022"
"","","","","","","","","","","","","","","","","","","","","","","","","","","","","","","","","","","","BD_ICV_2022"
"","","","","","","","","","","","","","","","","","","","","","","","","","","","","","","","","","","","BD_ICV_2022"
"","","","","","","","","","","","","","","","","","","","","","","","","","","","","","","","","","","","BD_ICV_2022"
"","","","","","","","","","","","","","","","","","","","","","","","","","","","","","","","","","","","BD_ICV_2022"
"","","","","","","","","","","","","","","","","","","","","","","","","","","","","","","","","","","","BD_ICV_2022"
"","","","","","","","","","","","","","","","","","","","","","","","","","","","","","","","","","","","BD_ICV_2022"
"","","","","","","","","","","","","","","","","","","","","","","","","","","","","","","","","","","","BD_ICV_2022"
"","","","","","","","","","","","","","","","","","","","","","","","","","","","","","","","","","","","BD_ICV_2022"
"","","","","","","","","","","","","","","","","","","","","","","","","","","","","","","","","","","","BD_ICV_2022"
"","","","","","","","","","","","","","","","","","","","","","","","","","","","","","","","","","","","BD_ICV_2022"
"","","","","","","","","","","","","","","","","","","","","","","","","","","","","","","","","","","","BD_ICV_2022"
"","","","","","","","","","","","","","","","","","","","","","","","","","","","","","","","","","","","BD_ICV_2022"
"","","","","","","","","","","","","","","","","","","","","","","","","","","","","","","","","","","","BD_ICV_2022"
"","","","","","","","","","","","","","","","","","","","","","","","","","","","","","","","","","","","BD_ICV_2022"
"","","","","","","","","","","","","","","","","","","","","","","","","","","","","","","","","","","","BD_ICV_2022"
"","","","","","","","","","","","","","","","","","","","","","","","","","","","","","","","","","","","BD_ICV_2022"
"","","","","","","","","","","","","","","","","","","","","","","","","","","","","","","","","","","","BD_ICV_2022"
"","","","","","","","","","","","","","","","","","","","","","","","","","","","","","","","","","","","BD_ICV_2022"
"","","","","","","","","","","","","","","","","","","","","","","","","","","","","","","","","","","","BD_ICV_2022"
"","","","","","","","","","","","","","","","","","","","","","","","","","","","","","","","","","","","BD_ICV_2022"
"","","","","","","","","","","","","","","","","","","","","","","","","","","","","","","","","","","","BD_ICV_2022"
"","","","","","","","","","","","","","","","","","","","","","","","","","","","","","","","","","","","BD_ICV_2022"
"","","","","","","","","","","","","","","","","","","","","","","","","","","","","","","","","","","","BD_ICV_2022"
"","","","","","","","","","","","","","","","","","","","","","","","","","","","","","","","","","","","BD_ICV_2022"
"","","","","","","","","","","","","","","","","","","","","","","","","","","","","","","","","","","","BD_ICV_2022"
"","","","","","","","","","","","","","","","","","","","","","","","","","","","","","","","","","","","BD_ICV_2022"
"","","","","","","","","","","","","","","","","","","","","","","","","","","","","","","","","","","","BD_ICV_2022"
"","","","","","","","","","","","","","","","","","","","","","","","","","","","","","","","","","","","BD_ICV_2022"
"","","","","","","","","","","","","","","","","","","","","","","","","","","","","","","","","","","","BD_ICV_2022"
"","","","","","","","","","","","","","","","","","","","","","","","","","","","","","","","","","","","BD_ICV_2022"
"","","","","","","","","","","","","","","","","","","","","","","","","","","","","","","","","","","","BD_ICV_2022"
"","","","","","","","","","","","","","","","","","","","","","","","","","","","","","","","","","","","BD_ICV_2022"
"","","","","","","","","","","","","","","","","","","","","","","","","","","","","","","","","","","","BD_ICV_2022"
"","","","","","","","","","","","","","","","","","","","","","","","","","","","","","","","","","","","BD_ICV_2022"
"","","","","","","","","","","","","","","","","","","","","","","","","","","","","","","","","","","","BD_ICV_2022"
"","","","","","","","","","","","","","","","","","","","","","","","","","","","","","","","","","","","BD_ICV_2022"
"","","","","","","","","","","","","","","","","","","","","","","","","","","","","","","","","","","","BD_ICV_2022"
"","","","","","","","","","","","","","","","","","","","","","","","","","","","","","","","","","","","BD_ICV_2022"
"","","","","","","","","","","","","","","","","","","","","","","","","","","","","","","","","","","","BD_ICV_2022"
"","","","","","","","","","","","","","","","","","","","","","","","","","","","","","","","","","","","BD_ICV_2022"
"","","","","","","","","","","","","","","","","","","","","","","","","","","","","","","","","","","","BD_ICV_2022"
"","","","","","","","","","","","","","","","","","","","","","","","","","","","","","","","","","","","BD_ICV_2022"
"","","","","","","","","","","","","","","","","","","","","","","","","","","","","","","","","","","","BD_ICV_2022"
"","","","","","","","","","","","","","","","","","","","","","","","","","","","","","","","","","","","BD_ICV_2022"
"","","","","","","","","","","","","","","","","","","","","","","","","","","","","","","","","","","","BD_ICV_2022"
"","","","","","","","","","","","","","","","","","","","","","","","","","","","","","","","","","","","BD_ICV_2022"
"","","","","","","","","","","","","","","","","","","","","","","","","","","","","","","","","","","","BD_ICV_2022"
"","","","","","","","","","","","","","","","","","","","","","","","","","","","","","","","","","","","BD_ICV_2022"
"","","","","","","","","","","","","","","","","","","","","","","","","","","","","","","","","","","","BD_ICV_2022"
"","","","","","","","","","","","","","","","","","","","","","","","","","","","","","","","","","","","BD_ICV_2022"
"","","","","","","","","","","","","","","","","","","","","","","","","","","","","","","","","","","","BD_ICV_2022"
"","","","","","","","","","","","","","","","","","","","","","","","","","","","","","","","","","","","BD_ICV_2022"
"","","","","","","","","","","","","","","","","","","","","","","","","","","","","","","","","","","","BD_ICV_2022"
"","","","","","","","","","","","","","","","","","","","","","","","","","","","","","","","","","","","BD_ICV_2022"
"","","","","","","","","","","","","","","","","","","","","","","","","","","","","","","","","","","","BD_ICV_2022"
"","","","","","","","","","","","","","","","","","","","","","","","","","","","","","","","","","","","BD_ICV_2022"
"","","","","","","","","","","","","","","","","","","","","","","","","","","","","","","","","","","","BD_ICV_2022"
"","","","","","","","","","","","","","","","","","","","","","","","","","","","","","","","","","","","BD_ICV_2022"
"","","","","","","","","","","","","","","","","","","","","","","","","","","","","","","","","","","","BD_ICV_2022"
"","","","","","","","","","","","","","","","","","","","","","","","","","","","","","","","","","","","BD_ICV_2022"
"","","","","","","","","","","","","","","","","","","","","","","","","","","","","","","","","","","","BD_ICV_2022"
"","","","","","","","","","","","","","","","","","","","","","","","","","","","","","","","","","","","BD_ICV_2022"
"","","","","","","","","","","","","","","","","","","","","","","","","","","","","","","","","","","","BD_ICV_2022"
"","","","","","","","","","","","","","","","","","","","","","","","","","","","","","","","","","","","BD_ICV_2022"
"","","","","","","","","","","","","","","","","","","","","","","","","","","","","","","","","","","","BD_ICV_2022"
"","","","","","","","","","","","","","","","","","","","","","","","","","","","","","","","","","","","BD_ICV_2022"
"","","","","","","","","","","","","","","","","","","","","","","","","","","","","","","","","","","","BD_ICV_2022"
"","","","","","","","","","","","","","","","","","","","","","","","","","","","","","","","","","","","BD_ICV_2022"
"","","","","","","","","","","","","","","","","","","","","","","","","","","","","","","","","","","","BD_ICV_2022"
"","","","","","","","","","","","","","","","","","","","","","","","","","","","","","","","","","","","BD_ICV_2022"
"","","","","","","","","","","","","","","","","","","","","","","","","","","","","","","","","","","","BD_ICV_2022"
"","","","","","","","","","","","","","","","","","","","","","","","","","","","","","","","","","","","BD_ICV_2022"
"","","","","","","","","","","","","","","","","","","","","","","","","","","","","","","","","","","","BD_ICV_2022"
"","","","","","","","","","","","","","","","","","","","","","","","","","","","","","","","","","","","BD_ICV_2022"
"","","","","","","","","","","","","","","","","","","","","","","","","","","","","","","","","","","","BD_ICV_2022"
"","","","","","","","","","","","","","","","","","","","","","","","","","","","","","","","","","","","BD_ICV_2022"
"","","","","","","","","","","","","","","","","","","","","","","","","","","","","","","","","","","","BD_ICV_2022"
"","","","","","","","","","","","","","","","","","","","","","","","","","","","","","","","","","","","BD_ICV_2022"
"","","","","","","","","","","","","","","","","","","","","","","","","","","","","","","","","","","","BD_ICV_2022"
"","","","","","","","","","","","","","","","","","","","","","","","","","","","","","","","","","","","BD_ICV_2022"
"","","","","","","","","","","","","","","","","","","","","","","","","","","","","","","","","","","","BD_ICV_2022"
"","","","","","","","","","","","","","","","","","","","","","","","","","","","","","","","","","","","BD_ICV_2022"
"","","","","","","","","","","","","","","","","","","","","","","","","","","","","","","","","","","","BD_ICV_2022"
"","","","","","","","","","","","","","","","","","","","","","","","","","","","","","","","","","","","BD_ICV_2022"
"","","","","","","","","","","","","","","","","","","","","","","","","","","","","","","","","","","","BD_ICV_2022"
"","","","","","","","","","","","","","","","","","","","","","","","","","","","","","","","","","","","BD_ICV_2022"
"","","","","","","","","","","","","","","","","","","","","","","","","","","","","","","","","","","","BD_ICV_2022"
"","","","","","","","","","","","","","","","","","","","","","","","","","","","","","","","","","","","BD_ICV_2022"
"","","","","","","","","","","","","","","","","","","","","","","","","","","","","","","","","","","","BD_ICV_2022"
"","","","","","","","","","","","","","","","","","","","","","","","","","","","","","","","","","","","BD_ICV_2022"
"","","","","","","","","","","","","","","","","","","","","","","","","","","","","","","","","","","","BD_ICV_2022"
"","","","","","","","","","","","","","","","","","","","","","","","","","","","","","","","","","","","BD_ICV_2022"
"","","","","","","","","","","","","","","","","","","","","","","","","","","","","","","","","","","","BD_ICV_2022"
"","","","","","","","","","","","","","","","","","","","","","","","","","","","","","","","","","","","BD_ICV_2022"
"","","","","","","","","","","","","","","","","","","","","","","","","","","","","","","","","","","","BD_ICV_2022"
"","","","","","","","","","","","","","","","","","","","","","","","","","","","","","","","","","","","BD_ICV_2022"
"","","","","","","","","","","","","","","","","","","","","","","","","","","","","","","","","","","","BD_ICV_2022"
"","","","","","","","","","","","","","","","","","","","","","","","","","","","","","","","","","","","BD_ICV_2022"
"","","","","","","","","","","","","","","","","","","","","","","","","","","","","","","","","","","","BD_ICV_2022"
"","","","","","","","","","","","","","","","","","","","","","","","","","","","","","","","","","","","BD_ICV_2022"
"","","","","","","","","","","","","","","","","","","","","","","","","","","","","","","","","","","","BD_ICV_2022"
"","","","","","","","","","","","","","","","","","","","","","","","","","","","","","","","","","","","BD_ICV_2022"
"","","","","","","","","","","","","","","","","","","","","","","","","","","","","","","","","","","","BD_ICV_2022"
"","","","","","","","","","","","","","","","","","","","","","","","","","","","","","","","","","","","BD_ICV_2022"
"","","","","","","","","","","","","","","","","","","","","","","","","","","","","","","","","","","","BD_ICV_2022"
"","","","","","","","","","","","","","","","","","","","","","","","","","","","","","","","","","","","BD_ICV_2022"
"","","","","","","","","","","","","","","","","","","","","","","","","","","","","","","","","","","","BD_ICV_2022"
"","","","","","","","","","","","","","","","","","","","","","","","","","","","","","","","","","","","BD_ICV_2022"
"","","","","","","","","","","","","","","","","","","","","","","","","","","","","","","","","","","","BD_ICV_2022"
"","","","","","","","","","","","","","","","","","","","","","","","","","","","","","","","","","","","BD_ICV_2022"
"","","","","","","","","","","","","","","","","","","","","","","","","","","","","","","","","","","","BD_ICV_2022"
"","","","","","","","","","","","","","","","","","","","","","","","","","","","","","","","","","","","BD_ICV_2022"
"","","","","","","","","","","","","","","","","","","","","","","","","","","","","","","","","","","","BD_ICV_2022"
"","","","","","","","","","","","","","","","","","","","","","","","","","","","","","","","","","","","BD_ICV_2022"
"","","","","","","","","","","","","","","","","","","","","","","","","","","","","","","","","","","","BD_ICV_2022"
"","","","","","","","","","","","","","","","","","","","","","","","","","","","","","","","","","","","BD_ICV_2022"
"","","","","","","","","","","","","","","","","","","","","","","","","","","","","","","","","","","","BD_ICV_2022"
"","","","","","","","","","","","","","","","","","","","","","","","","","","","","","","","","","","","BD_ICV_2022"
"","","","","","","","","","","","","","","","","","","","","","","","","","","","","","","","","","","","BD_ICV_2022"
"","","","","","","","","","","","","","","","","","","","","","","","","","","","","","","","","","","","BD_ICV_2022"
"","","","","","","","","","","","","","","","","","","","","","","","","","","","","","","","","","","","BD_ICV_2022"
"","","","","","","","","","","","","","","","","","","","","","","","","","","","","","","","","","","","BD_ICV_2022"
"","","","","","","","","","","","","","","","","","","","","","","","","","","","","","","","","","","","BD_ICV_2022"
"","","","","","","","","","","","","","","","","","","","","","","","","","","","","","","","","","","","BD_ICV_2022"
"","","","","","","","","","","","","","","","","","","","","","","","","","","","","","","","","","","","BD_ICV_2022"
"","","","","","","","","","","","","","","","","","","","","","","","","","","","","","","","","","","","BD_ICV_2022"
"","","","","","","","","","","","","","","","","","","","","","","","","","","","","","","","","","","","BD_ICV_2022"
"","","","","","","","","","","","","","","","","","","","","","","","","","","","","","","","","","","","BD_ICV_2022"
"","","","","","","","","","","","","","","","","","","","","","","","","","","","","","","","","","","","BD_ICV_2022"
"","","","","","","","","","","","","","","","","","","","","","","","","","","","","","","","","","","","BD_ICV_2022"
"","","","","","","","","","","","","","","","","","","","","","","","","","","","","","","","","","","","BD_ICV_2022"
"","","","","","","","","","","","","","","","","","","","","","","","","","","","","","","","","","","","BD_ICV_2022"
"","","","","","","","","","","","","","","","","","","","","","","","","","","","","","","","","","","","BD_ICV_2022"
"","","","","","","","","","","","","","","","","","","","","","","","","","","","","","","","","","","","BD_ICV_2022"
"","","","","","","","","","","","","","","","","","","","","","","","","","","","","","","","","","","","BD_ICV_2022"
"","","","","","","","","","","","","","","","","","","","","","","","","","","","","","","","","","","","BD_ICV_2022"
"","","","","","","","","","","","","","","","","","","","","","","","","","","","","","","","","","","","BD_ICV_2022"
"","","","","","","","","","","","","","","","","","","","","","","","","","","","","","","","","","","","BD_ICV_2022"
"","","","","","","","","","","","","","","","","","","","","","","","","","","","","","","","","","","","BD_ICV_2022"
"","","","","","","","","","","","","","","","","","","","","","","","","","","","","","","","","","","","BD_ICV_2022"
"","","","","","","","","","","","","","","","","","","","","","","","","","","","","","","","","","","","BD_ICV_2022"
"","","","","","","","","","","","","","","","","","","","","","","","","","","","","","","","","","","","BD_ICV_2022"
"","","","","","","","","","","","","","","","","","","","","","","","","","","","","","","","","","","","BD_ICV_2022"
"","","","","","","","","","","","","","","","","","","","","","","","","","","","","","","","","","","","BD_ICV_2022"
"","","","","","","","","","","","","","","","","","","","","","","","","","","","","","","","","","","","BD_ICV_2022"
"","","","","","","","","","","","","","","","","","","","","","","","","","","","","","","","","","","","BD_ICV_2022"
"","","","","","","","","","","","","","","","","","","","","","","","","","","","","","","","","","","","BD_ICV_2022"
"","","","","","","","","","","","","","","","","","","","","","","","","","","","","","","","","","","","BD_ICV_2022"
"","","","","","","","","","","","","","","","","","","","","","","","","","","","","","","","","","","","BD_ICV_2022"
"","","","","","","","","","","","","","","","","","","","","","","","","","","","","","","","","","","","BD_ICV_2022"
"","","","","","","","","","","","","","","","","","","","","","","","","","","","","","","","","","","","BD_ICV_2022"
"","","","","","","","","","","","","","","","","","","","","","","","","","","","","","","","","","","","BD_ICV_2022"
"","","","","","","","","","","","","","","","","","","","","","","","","","","","","","","","","","","","BD_ICV_2022"
"","","","","","","","","","","","","","","","","","","","","","","","","","","","","","","","","","","","BD_ICV_2022"
"","","","","","","","","","","","","","","","","","","","","","","","","","","","","","","","","","","","BD_ICV_2022"
"","","","","","","","","","","","","","","","","","","","","","","","","","","","","","","","","","","","BD_ICV_2022"
"","","","","","","","","","","","","","","","","","","","","","","","","","","","","","","","","","","","BD_ICV_2022"
"","","","","","","","","","","","","","","","","","","","","","","","","","","","","","","","","","","","BD_ICV_2022"
"","","","","","","","","","","","","","","","","","","","","","","","","","","","","","","","","","","","BD_ICV_2022"
"","","","","","","","","","","","","","","","","","","","","","","","","","","","","","","","","","","","BD_ICV_2022"
"","","","","","","","","","","","","","","","","","","","","","","","","","","","","","","","","","","","BD_ICV_2022"
"","","","","","","","","","","","","","","","","","","","","","","","","","","","","","","","","","","","BD_ICV_2022"
"","","","","","","","","","","","","","","","","","","","","","","","","","","","","","","","","","","","BD_ICV_2022"
"","","","","","","","","","","","","","","","","","","","","","","","","","","","","","","","","","","","BD_ICV_2022"
"","","","","","","","","","","","","","","","","","","","","","","","","","","","","","","","","","","","BD_ICV_2022"
"","","","","","","","","","","","","","","","","","","","","","","","","","","","","","","","","","","","BD_ICV_2022"
"","","","","","","","","","","","","","","","","","","","","","","","","","","","","","","","","","","","BD_ICV_2022"
"","","","","","","","","","","","","","","","","","","","","","","","","","","","","","","","","","","","BD_ICV_2022"
"","","","","","","","","","","","","","","","","","","","","","","","","","","","","","","","","","","","BD_ICV_2022"
"","","","","","","","","","","","","","","","","","","","","","","","","","","","","","","","","","","","BD_ICV_2022"
"","","","","","","","","","","","","","","","","","","","","","","","","","","","","","","","","","","","BD_ICV_2022"
"","","","","","","","","","","","","","","","","","","","","","","","","","","","","","","","","","","","BD_ICV_2022"
"","","","","","","","","","","","","","","","","","","","","","","","","","","","","","","","","","","","BD_ICV_2022"
"","","","","","","","","","","","","","","","","","","","","","","","","","","","","","","","","","","","BD_ICV_2022"
"","","","","","","","","","","","","","","","","","","","","","","","","","","","","","","","","","","","BD_ICV_2022"
"","","","","","","","","","","","","","","","","","","","","","","","","","","","","","","","","","","","BD_ICV_2022"
"","","","","","","","","","","","","","","","","","","","","","","","","","","","","","","","","","","","BD_ICV_2022"
"","","","","","","","","","","","","","","","","","","","","","","","","","","","","","","","","","","","BD_ICV_2022"
"","","","","","","","","","","","","","","","","","","","","","","","","","","","","","","","","","","","BD_ICV_2022"
"","","","","","","","","","","","","","","","","","","","","","","","","","","","","","","","","","","","BD_ICV_2022"
"","","","","","","","","","","","","","","","","","","","","","","","","","","","","","","","","","","","BD_ICV_2022"
"","","","","","","","","","","","","","","","","","","","","","","","","","","","","","","","","","","","BD_ICV_2022"
"","","","","","","","","","","","","","","","","","","","","","","","","","","","","","","","","","","","BD_ICV_2022"
"","","","","","","","","","","","","","","","","","","","","","","","","","","","","","","","","","","","BD_ICV_2022"
"","","","","","","","","","","","","","","","","","","","","","","","","","","","","","","","","","","","BD_ICV_2022"
"","","","","","","","","","","","","","","","","","","","","","","","","","","","","","","","","","","","BD_ICV_2022"
"","","","","","","","","","","","","","","","","","","","","","","","","","","","","","","","","","","","BD_ICV_2022"
"","","","","","","","","","","","","","","","","","","","","","","","","","","","","","","","","","","","BD_ICV_2022"
"","","","","","","","","","","","","","","","","","","","","","","","","","","","","","","","","","","","BD_ICV_2022"
"","","","","","","","","","","","","","","","","","","","","","","","","","","","","","","","","","","","BD_ICV_2022"
"","","","","","","","","","","","","","","","","","","","","","","","","","","","","","","","","","","","BD_ICV_2022"
"","","","","","","","","","","","","","","","","","","","","","","","","","","","","","","","","","","","BD_ICV_2022"
"","","","","","","","","","","","","","","","","","","","","","","","","","","","","","","","","","","","BD_ICV_2022"
"","","","","","","","","","","","","","","","","","","","","","","","","","","","","","","","","","","","BD_ICV_2022"
"","","","","","","","","","","","","","","","","","","","","","","","","","","","","","","","","","","","BD_ICV_2022"
"","","","","","","","","","","","","","","","","","","","","","","","","","","","","","","","","","","","BD_ICV_2022"
"","","","","","","","","","","","","","","","","","","","","","","","","","","","","","","","","","","","BD_ICV_2022"
"","","","","","","","","","","","","","","","","","","","","","","","","","","","","","","","","","","","BD_ICV_2022"
"","","","","","","","","","","","","","","","","","","","","","","","","","","","","","","","","","","","BD_ICV_2022"
"","","","","","","","","","","","","","","","","","","","","","","","","","","","","","","","","","","","BD_ICV_2022"
"","","","","","","","","","","","","","","","","","","","","","","","","","","","","","","","","","","","BD_ICV_2022"
"","","","","","","","","","","","","","","","","","","","","","","","","","","","","","","","","","","","BD_ICV_2022"
"","","","","","","","","","","","","","","","","","","","","","","","","","","","","","","","","","","","BD_ICV_2022"
"","","","","","","","","","","","","","","","","","","","","","","","","","","","","","","","","","","","BD_ICV_2022"
"","","","","","","","","","","","","","","","","","","","","","","","","","","","","","","","","","","","BD_ICV_2022"
"","","","","","","","","","","","","","","","","","","","","","","","","","","","","","","","","","","","BD_ICV_2022"
"","","","","","","","","","","","","","","","","","","","","","","","","","","","","","","","","","","","BD_ICV_2022"
"","","","","","","","","","","","","","","","","","","","","","","","","","","","","","","","","","","","BD_ICV_2022"
"","","","","","","","","","","","","","","","","","","","","","","","","","","","","","","","","","","","BD_ICV_2022"
"","","","","","","","","","","","","","","","","","","","","","","","","","","","","","","","","","","","BD_ICV_2022"
"","","","","","","","","","","","","","","","","","","","","","","","","","","","","","","","","","","","BD_ICV_2022"
"","","","","","","","","","","","","","","","","","","","","","","","","","","","","","","","","","","","BD_ICV_2022"
"","","","","","","","","","","","","","","","","","","","","","","","","","","","","","","","","","","","BD_ICV_2022"
"","","","","","","","","","","","","","","","","","","","","","","","","","","","","","","","","","","","BD_ICV_2022"
"","","","","","","","","","","","","","","","","","","","","","","","","","","","","","","","","","","","BD_ICV_2022"
"","","","","","","","","","","","","","","","","","","","","","","","","","","","","","","","","","","","BD_ICV_2022"
"","","","","","","","","","","","","","","","","","","","","","","","","","","","","","","","","","","","BD_ICV_2022"
"","","","","","","","","","","","","","","","","","","","","","","","","","","","","","","","","","","","BD_ICV_2022"
"","","","","","","","","","","","","","","","","","","","","","","","","","","","","","","","","","","","BD_ICV_2022"
"","","","","","","","","","","","","","","","","","","","","","","","","","","","","","","","","","","","BD_ICV_2022"
"","","","","","","","","","","","","","","","","","","","","","","","","","","","","","","","","","","","BD_ICV_2022"
"","","","","","","","","","","","","","","","","","","","","","","","","","","","","","","","","","","","BD_ICV_2022"
"","","","","","","","","","","","","","","","","","","","","","","","","","","","","","","","","","","","BD_ICV_2022"
"","","","","","","","","","","","","","","","","","","","","","","","","","","","","","","","","","","","BD_ICV_2022"
"","","","","","","","","","","","","","","","","","","","","","","","","","","","","","","","","","","","BD_ICV_2022"
"","","","","","","","","","","","","","","","","","","","","","","","","","","","","","","","","","","","BD_ICV_2022"
"","","","","","","","","","","","","","","","","","","","","","","","","","","","","","","","","","","","BD_ICV_2022"
"","","","","","","","","","","","","","","","","","","","","","","","","","","","","","","","","","","","BD_ICV_2022"
"","","","","","","","","","","","","","","","","","","","","","","","","","","","","","","","","","","","BD_ICV_2022"
"","","","","","","","","","","","","","","","","","","","","","","","","","","","","","","","","","","","BD_ICV_2022"
"","","","","","","","","","","","","","","","","","","","","","","","","","","","","","","","","","","","BD_ICV_2022"
"","","","","","","","","","","","","","","","","","","","","","","","","","","","","","","","","","","","BD_ICV_2022"
"","","","","","","","","","","","","","","","","","","","","","","","","","","","","","","","","","","","BD_ICV_2022"
"","","","","","","","","","","","","","","","","","","","","","","","","","","","","","","","","","","","BD_ICV_2022"
"","","","","","","","","","","","","","","","","","","","","","","","","","","","","","","","","","","","BD_ICV_2022"
"","","","","","","","","","","","","","","","","","","","","","","","","","","","","","","","","","","","BD_ICV_2022"
"","","","","","","","","","","","","","","","","","","","","","","","","","","","","","","","","","","","BD_ICV_2022"
"","","","","","","","","","","","","","","","","","","","","","","","","","","","","","","","","","","","BD_ICV_2022"
"","","","","","","","","","","","","","","","","","","","","","","","","","","","","","","","","","","","BD_ICV_2022"
"","","","","","","","","","","","","","","","","","","","","","","","","","","","","","","","","","","","BD_ICV_2022"
"","","","","","","","","","","","","","","","","","","","","","","","","","","","","","","","","","","","BD_ICV_2022"
"","","","","","","","","","","","","","","","","","","","","","","","","","","","","","","","","","","","BD_ICV_2022"
"","","","","","","","","","","","","","","","","","","","","","","","","","","","","","","","","","","","BD_ICV_2022"
"","","","","","","","","","","","","","","","","","","","","","","","","","","","","","","","","","","","BD_ICV_2022"
"","","","","","","","","","","","","","","","","","","","","","","","","","","","","","","","","","","","BD_ICV_2022"
"","","","","","","","","","","","","","","","","","","","","","","","","","","","","","","","","","","","BD_ICV_2022"
"","","","","","","","","","","","","","","","","","","","","","","","","","","","","","","","","","","","BD_ICV_2022"
"","","","","","","","","","","","","","","","","","","","","","","","","","","","","","","","","","","","BD_ICV_2022"
"","","","","","","","","","","","","","","","","","","","","","","","","","","","","","","","","","","","BD_ICV_2022"
"","","","","","","","","","","","","","","","","","","","","","","","","","","","","","","","","","","","BD_ICV_2022"
"","","","","","","","","","","","","","","","","","","","","","","","","","","","","","","","","","","","BD_ICV_2022"
"","","","","","","","","","","","","","","","","","","","","","","","","","","","","","","","","","","","BD_ICV_2022"
"","","","","","","","","","","","","","","","","","","","","","","","","","","","","","","","","","","","BD_ICV_2022"
"","","","","","","","","","","","","","","","","","","","","","","","","","","","","","","","","","","","BD_ICV_2022"
"","","","","","","","","","","","","","","","","","","","","","","","","","","","","","","","","","","","BD_ICV_2022"
"","","","","","","","","","","","","","","","","","","","","","","","","","","","","","","","","","","","BD_ICV_2022"
"","","","","","","","","","","","","","","","","","","","","","","","","","","","","","","","","","","","BD_ICV_2022"
"","","","","","","","","","","","","","","","","","","","","","","","","","","","","","","","","","","","BD_ICV_2022"
"","","","","","","","","","","","","","","","","","","","","","","","","","","","","","","","","","","","BD_ICV_2022"
"","","","","","","","","","","","","","","","","","","","","","","","","","","","","","","","","","","","BD_ICV_2022"
"","","","","","","","","","","","","","","","","","","","","","","","","","","","","","","","","","","","BD_ICV_2022"
"","","","","","","","","","","","","","","","","","","","","","","","","","","","","","","","","","","","BD_ICV_2022"
"","","","","","","","","","","","","","","","","","","","","","","","","","","","","","","","","","","","BD_ICV_2022"
"","","","","","","","","","","","","","","","","","","","","","","","","","","","","","","","","","","","BD_ICV_2022"
"","","","","","","","","","","","","","","","","","","","","","","","","","","","","","","","","","","","BD_ICV_2022"
"","","","","","","","","","","","","","","","","","","","","","","","","","","","","","","","","","","","BD_ICV_2022"
"","","","","","","","","","","","","","","","","","","","","","","","","","","","","","","","","","","","BD_ICV_2022"
"","","","","","","","","","","","","","","","","","","","","","","","","","","","","","","","","","","","BD_ICV_2022"
"","","","","","","","","","","","","","","","","","","","","","","","","","","","","","","","","","","","BD_ICV_2022"
"","","","","","","","","","","","","","","","","","","","","","","","","","","","","","","","","","","","BD_ICV_2022"
"","","","","","","","","","","","","","","","","","","","","","","","","","","","","","","","","","","","BD_ICV_2022"
"","","","","","","","","","","","","","","","","","","","","","","","","","","","","","","","","","","","BD_ICV_2022"
"","","","","","","","","","","","","","","","","","","","","","","","","","","","","","","","","","","","BD_ICV_2022"
"","","","","","","","","","","","","","","","","","","","","","","","","","","","","","","","","","","","BD_ICV_2022"
"","","","","","","","","","","","","","","","","","","","","","","","","","","","","","","","","","","","BD_ICV_2022"
"","","","","","","","","","","","","","","","","","","","","","","","","","","","","","","","","","","","BD_ICV_2022"
"","","","","","","","","","","","","","","","","","","","","","","","","","","","","","","","","","","","BD_ICV_2022"
"","","","","","","","","","","","","","","","","","","","","","","","","","","","","","","","","","","","BD_ICV_2022"
"","","","","","","","","","","","","","","","","","","","","","","","","","","","","","","","","","","","BD_ICV_2022"
"","","","","","","","","","","","","","","","","","","","","","","","","","","","","","","","","","","","BD_ICV_2022"
"","","","","","","","","","","","","","","","","","","","","","","","","","","","","","","","","","","","BD_ICV_2022"
"","","","","","","","","","","","","","","","","","","","","","","","","","","","","","","","","","","","BD_ICV_2022"
"","","","","","","","","","","","","","","","","","","","","","","","","","","","","","","","","","","","BD_ICV_2022"
"","","","","","","","","","","","","","","","","","","","","","","","","","","","","","","","","","","","BD_ICV_2022"
"","","","","","","","","","","","","","","","","","","","","","","","","","","","","","","","","","","","BD_ICV_2022"
"","","","","","","","","","","","","","","","","","","","","","","","","","","","","","","","","","","","BD_ICV_2022"
"","","","","","","","","","","","","","","","","","","","","","","","","","","","","","","","","","","","BD_ICV_2022"
"","","","","","","","","","","","","","","","","","","","","","","","","","","","","","","","","","","","BD_ICV_2022"
"","","","","","","","","","","","","","","","","","","","","","","","","","","","","","","","","","","","BD_ICV_2022"
"","","","","","","","","","","","","","","","","","","","","","","","","","","","","","","","","","","","BD_ICV_2022"
"","","","","","","","","","","","","","","","","","","","","","","","","","","","","","","","","","","","BD_ICV_2022"
"","","","","","","","","","","","","","","","","","","","","","","","","","","","","","","","","","","","BD_ICV_2022"
"","","","","","","","","","","","","","","","","","","","","","","","","","","","","","","","","","","","BD_ICV_2022"
"","","","","","","","","","","","","","","","","","","","","","","","","","","","","","","","","","","","BD_ICV_2022"
"","","","","","","","","","","","","","","","","","","","","","","","","","","","","","","","","","","","BD_ICV_2022"
"","","","","","","","","","","","","","","","","","","","","","","","","","","","","","","","","","","","BD_ICV_2022"
"","","","","","","","","","","","","","","","","","","","","","","","","","","","","","","","","","","","BD_ICV_2022"
"","","","","","","","","","","","","","","","","","","","","","","","","","","","","","","","","","","","BD_ICV_2022"
"","","","","","","","","","","","","","","","","","","","","","","","","","","","","","","","","","","","BD_ICV_2022"
"","","","","","","","","","","","","","","","","","","","","","","","","","","","","","","","","","","","BD_ICV_2022"
"","","","","","","","","","","","","","","","","","","","","","","","","","","","","","","","","","","","BD_ICV_2022"
"","","","","","","","","","","","","","","","","","","","","","","","","","","","","","","","","","","","BD_ICV_2022"
"","","","","","","","","","","","","","","","","","","","","","","","","","","","","","","","","","","","BD_ICV_2022"
"","","","","","","","","","","","","","","","","","","","","","","","","","","","","","","","","","","","BD_ICV_2022"
"","","","","","","","","","","","","","","","","","","","","","","","","","","","","","","","","","","","BD_ICV_2022"
"","","","","","","","","","","","","","","","","","","","","","","","","","","","","","","","","","","","BD_ICV_2022"
"","","","","","","","","","","","","","","","","","","","","","","","","","","","","","","","","","","","BD_ICV_2022"
"","","","","","","","","","","","","","","","","","","","","","","","","","","","","","","","","","","","BD_ICV_2022"
"","","","","","","","","","","","","","","","","","","","","","","","","","","","","","","","","","","","BD_ICV_2022"
"","","","","","","","","","","","","","","","","","","","","","","","","","","","","","","","","","","","BD_ICV_2022"
"","","","","","","","","","","","","","","","","","","","","","","","","","","","","","","","","","","","BD_ICV_2022"
"","","","","","","","","","","","","","","","","","","","","","","","","","","","","","","","","","","","BD_ICV_2022"
"","","","","","","","","","","","","","","","","","","","","","","","","","","","","","","","","","","","BD_ICV_2022"
"","","","","","","","","","","","","","","","","","","","","","","","","","","","","","","","","","","","BD_ICV_2022"
"","","","","","","","","","","","","","","","","","","","","","","","","","","","","","","","","","","","BD_ICV_2022"
"","","","","","","","","","","","","","","","","","","","","","","","","","","","","","","","","","","","BD_ICV_2022"
"","","","","","","","","","","","","","","","","","","","","","","","","","","","","","","","","","","","BD_ICV_2022"
"","","","","","","","","","","","","","","","","","","","","","","","","","","","","","","","","","","","BD_ICV_2022"
"","","","","","","","","","","","","","","","","","","","","","","","","","","","","","","","","","","","BD_ICV_2022"
"","","","","","","","","","","","","","","","","","","","","","","","","","","","","","","","","","","","BD_ICV_2022"
"","","","","","","","","","","","","","","","","","","","","","","","","","","","","","","","","","","","BD_ICV_2022"
"","","","","","","","","","","","","","","","","","","","","","","","","","","","","","","","","","","","BD_ICV_2022"
"","","","","","","","","","","","","","","","","","","","","","","","","","","","","","","","","","","","BD_ICV_2022"
"","","","","","","","","","","","","","","","","","","","","","","","","","","","","","","","","","","","BD_ICV_2022"
"","","","","","","","","","","","","","","","","","","","","","","","","","","","","","","","","","","","BD_ICV_2022"
"","","","","","","","","","","","","","","","","","","","","","","","","","","","","","","","","","","","BD_ICV_2022"
"","","","","","","","","","","","","","","","","","","","","","","","","","","","","","","","","","","","BD_ICV_2022"
"","","","","","","","","","","","","","","","","","","","","","","","","","","","","","","","","","","","BD_ICV_2022"
"","","","","","","","","","","","","","","","","","","","","","","","","","","","","","","","","","","","BD_ICV_2022"
"","","","","","","","","","","","","","","","","","","","","","","","","","","","","","","","","","","","BD_ICV_2022"
"","","","","","","","","","","","","","","","","","","","","","","","","","","","","","","","","","","","BD_ICV_2022"
"","","","","","","","","","","","","","","","","","","","","","","","","","","","","","","","","","","","BD_ICV_2022"
"","","","","","","","","","","","","","","","","","","","","","","","","","","","","","","","","","","","BD_ICV_2022"
"","","","","","","","","","","","","","","","","","","","","","","","","","","","","","","","","","","","BD_ICV_2022"
"","","","","","","","","","","","","","","","","","","","","","","","","","","","","","","","","","","","BD_ICV_2022"
"","","","","","","","","","","","","","","","","","","","","","","","","","","","","","","","","","","","BD_ICV_2022"
"","","","","","","","","","","","","","","","","","","","","","","","","","","","","","","","","","","","BD_ICV_2022"
"","","","","","","","","","","","","","","","","","","","","","","","","","","","","","","","","","","","BD_ICV_2022"
"","","","","","","","","","","","","","","","","","","","","","","","","","","","","","","","","","","","BD_ICV_2022"
"","","","","","","","","","","","","","","","","","","","","","","","","","","","","","","","","","","","BD_ICV_2022"
"","","","","","","","","","","","","","","","","","","","","","","","","","","","","","","","","","","","BD_ICV_2022"
"","","","","","","","","","","","","","","","","","","","","","","","","","","","","","","","","","","","BD_ICV_2022"
"","","","","","","","","","","","","","","","","","","","","","","","","","","","","","","","","","","","BD_ICV_2022"
"","","","","","","","","","","","","","","","","","","","","","","","","","","","","","","","","","","","BD_ICV_2022"
"","","","","","","","","","","","","","","","","","","","","","","","","","","","","","","","","","","","BD_ICV_2022"
"","","","","","","","","","","","","","","","","","","","","","","","","","","","","","","","","","","","BD_ICV_2022"
"","","","","","","","","","","","","","","","","","","","","","","","","","","","","","","","","","","","BD_ICV_2022"
"","","","","","","","","","","","","","","","","","","","","","","","","","","","","","","","","","","","BD_ICV_2022"
"","","","","","","","","","","","","","","","","","","","","","","","","","","","","","","","","","","","BD_ICV_2022"
"","","","","","","","","","","","","","","","","","","","","","","","","","","","","","","","","","","","BD_ICV_2022"
"","","","","","","","","","","","","","","","","","","","","","","","","","","","","","","","","","","","BD_ICV_2022"
"","","","","","","","","","","","","","","","","","","","","","","","","","","","","","","","","","","","BD_ICV_2022"
"","","","","","","","","","","","","","","","","","","","","","","","","","","","","","","","","","","","BD_ICV_2022"
"","","","","","","","","","","","","","","","","","","","","","","","","","","","","","","","","","","","BD_ICV_2022"
"","","","","","","","","","","","","","","","","","","","","","","","","","","","","","","","","","","","BD_ICV_2022"
"","","","","","","","","","","","","","","","","","","","","","","","","","","","","","","","","","","","BD_ICV_2022"
"","","","","","","","","","","","","","","","","","","","","","","","","","","","","","","","","","","","BD_ICV_2022"
"","","","","","","","","","","","","","","","","","","","","","","","","","","","","","","","","","","","BD_ICV_2022"
"","","","","","","","","","","","","","","","","","","","","","","","","","","","","","","","","","","","BD_ICV_2022"
"","","","","","","","","","","","","","","","","","","","","","","","","","","","","","","","","","","","BD_ICV_2022"
"","","","","","","","","","","","","","","","","","","","","","","","","","","","","","","","","","","","BD_ICV_2022"
"","","","","","","","","","","","","","","","","","","","","","","","","","","","","","","","","","","","BD_ICV_2022"
"","","","","","","","","","","","","","","","","","","","","","","","","","","","","","","","","","","","BD_ICV_2022"
"","","","","","","","","","","","","","","","","","","","","","","","","","","","","","","","","","","","BD_ICV_2022"
"","","","","","","","","","","","","","","","","","","","","","","","","","","","","","","","","","","","BD_ICV_2022"
"","","","","","","","","","","","","","","","","","","","","","","","","","","","","","","","","","","","BD_ICV_2022"
"","","","","","","","","","","","","","","","","","","","","","","","","","","","","","","","","","","","BD_ICV_2022"
"","","","","","","","","","","","","","","","","","","","","","","","","","","","","","","","","","","","BD_ICV_2022"
"","","","","","","","","","","","","","","","","","","","","","","","","","","","","","","","","","","","BD_ICV_2022"
"","","","","","","","","","","","","","","","","","","","","","","","","","","","","","","","","","","","BD_ICV_2022"
"","","","","","","","","","","","","","","","","","","","","","","","","","","","","","","","","","","","BD_ICV_2022"
"","","","","","","","","","","","","","","","","","","","","","","","","","","","","","","","","","","","BD_ICV_2022"
"","","","","","","","","","","","","","","","","","","","","","","","","","","","","","","","","","","","BD_ICV_2022"
"","","","","","","","","","","","","","","","","","","","","","","","","","","","","","","","","","","","BD_ICV_2022"
"","","","","","","","","","","","","","","","","","","","","","","","","","","","","","","","","","","","BD_ICV_2022"
"","","","","","","","","","","","","","","","","","","","","","","","","","","","","","","","","","","","BD_ICV_2022"
"","","","","","","","","","","","","","","","","","","","","","","","","","","","","","","","","","","","BD_ICV_2022"
"","","","","","","","","","","","","","","","","","","","","","","","","","","","","","","","","","","","BD_ICV_2022"
"","","","","","","","","","","","","","","","","","","","","","","","","","","","","","","","","","","","BD_ICV_2022"
"","","","","","","","","","","","","","","","","","","","","","","","","","","","","","","","","","","","BD_ICV_2022"
"","","","","","","","","","","","","","","","","","","","","","","","","","","","","","","","","","","","BD_ICV_2022"
"","","","","","","","","","","","","","","","","","","","","","","","","","","","","","","","","","","","BD_ICV_2022"
"","","","","","","","","","","","","","","","","","","","","","","","","","","","","","","","","","","","BD_ICV_2022"
"","","","","","","","","","","","","","","","","","","","","","","","","","","","","","","","","","","","BD_ICV_2022"
"","","","","","","","","","","","","","","","","","","","","","","","","","","","","","","","","","","","BD_ICV_2022"
"","","","","","","","","","","","","","","","","","","","","","","","","","","","","","","","","","","","BD_ICV_2022"
"","","","","","","","","","","","","","","","","","","","","","","","","","","","","","","","","","","","BD_ICV_2022"
"","","","","","","","","","","","","","","","","","","","","","","","","","","","","","","","","","","","BD_ICV_2022"
"","","","","","","","","","","","","","","","","","","","","","","","","","","","","","","","","","","","BD_ICV_2022"
"","","","","","","","","","","","","","","","","","","","","","","","","","","","","","","","","","","","BD_ICV_2022"
"","","","","","","","","","","","","","","","","","","","","","","","","","","","","","","","","","","","BD_ICV_2022"
"","","","","","","","","","","","","","","","","","","","","","","","","","","","","","","","","","","","BD_ICV_2022"
"","","","","","","","","","","","","","","","","","","","","","","","","","","","","","","","","","","","BD_ICV_2022"
"","","","","","","","","","","","","","","","","","","","","","","","","","","","","","","","","","","","BD_ICV_2022"
"","","","","","","","","","","","","","","","","","","","","","","","","","","","","","","","","","","","BD_ICV_2022"
"","","","","","","","","","","","","","","","","","","","","","","","","","","","","","","","","","","","BD_ICV_2022"
"","","","","","","","","","","","","","","","","","","","","","","","","","","","","","","","","","","","BD_ICV_2022"
"","","","","","","","","","","","","","","","","","","","","","","","","","","","","","","","","","","","BD_ICV_2022"
"","","","","","","","","","","","","","","","","","","","","","","","","","","","","","","","","","","","BD_ICV_2022"
"","","","","","","","","","","","","","","","","","","","","","","","","","","","","","","","","","","","BD_ICV_2022"
"","","","","","","","","","","","","","","","","","","","","","","","","","","","","","","","","","","","BD_ICV_2022"
"","","","","","","","","","","","","","","","","","","","","","","","","","","","","","","","","","","","BD_ICV_2022"
"","","","","","","","","","","","","","","","","","","","","","","","","","","","","","","","","","","","BD_ICV_2022"
"","","","","","","","","","","","","","","","","","","","","","","","","","","","","","","","","","","","BD_ICV_2022"
"","","","","","","","","","","","","","","","","","","","","","","","","","","","","","","","","","","","BD_ICV_2022"
"","","","","","","","","","","","","","","","","","","","","","","","","","","","","","","","","","","","BD_ICV_2022"
"","","","","","","","","","","","","","","","","","","","","","","","","","","","","","","","","","","","BD_ICV_2022"
"","","","","","","","","","","","","","","","","","","","","","","","","","","","","","","","","","","","BD_ICV_2022"
"","","","","","","","","","","","","","","","","","","","","","","","","","","","","","","","","","","","BD_ICV_2022"
"","","","","","","","","","","","","","","","","","","","","","","","","","","","","","","","","","","","BD_ICV_2022"
"","","","","","","","","","","","","","","","","","","","","","","","","","","","","","","","","","","","BD_ICV_2022"
"","","","","","","","","","","","","","","","","","","","","","","","","","","","","","","","","","","","BD_ICV_2022"
"","","","","","","","","","","","","","","","","","","","","","","","","","","","","","","","","","","","BD_ICV_2022"
"","","","","","","","","","","","","","","","","","","","","","","","","","","","","","","","","","","","BD_ICV_2022"
"","","","","","","","","","","","","","","","","","","","","","","","","","","","","","","","","","","","BD_ICV_2022"
"","","","","","","","","","","","","","","","","","","","","","","","","","","","","","","","","","","","BD_ICV_2022"
"","","","","","","","","","","","","","","","","","","","","","","","","","","","","","","","","","","","BD_ICV_2022"
"","","","","","","","","","","","","","","","","","","","","","","","","","","","","","","","","","","","BD_ICV_2022"
"","","","","","","","","","","","","","","","","","","","","","","","","","","","","","","","","","","","BD_ICV_2022"
"","","","","","","","","","","","","","","","","","","","","","","","","","","","","","","","","","","","BD_ICV_2022"
"","","","","","","","","","","","","","","","","","","","","","","","","","","","","","","","","","","","BD_ICV_2022"
"","","","","","","","","","","","","","","","","","","","","","","","","","","","","","","","","","","","BD_ICV_2022"
"","","","","","","","","","","","","","","","","","","","","","","","","","","","","","","","","","","","BD_ICV_2022"
"","","","","","","","","","","","","","","","","","","","","","","","","","","","","","","","","","","","BD_ICV_2022"
"","","","","","","","","","","","","","","","","","","","","","","","","","","","","","","","","","","","BD_ICV_2022"
"","","","","","","","","","","","","","","","","","","","","","","","","","","","","","","","","","","","BD_ICV_2022"
"","","","","","","","","","","","","","","","","","","","","","","","","","","","","","","","","","","","BD_ICV_2022"
"","","","","","","","","","","","","","","","","","","","","","","","","","","","","","","","","","","","BD_ICV_2022"
"","","","","","","","","","","","","","","","","","","","","","","","","","","","","","","","","","","","BD_ICV_2022"
"","","","","","","","","","","","","","","","","","","","","","","","","","","","","","","","","","","","BD_ICV_2022"
"","","","","","","","","","","","","","","","","","","","","","","","","","","","","","","","","","","","BD_ICV_2022"
"","","","","","","","","","","","","","","","","","","","","","","","","","","","","","","","","","","","BD_ICV_2022"
"","","","","","","","","","","","","","","","","","","","","","","","","","","","","","","","","","","","BD_ICV_2022"
"","","","","","","","","","","","","","","","","","","","","","","","","","","","","","","","","","","","BD_ICV_2022"
"","","","","","","","","","","","","","","","","","","","","","","","","","","","","","","","","","","","BD_ICV_2022"
"","","","","","","","","","","","","","","","","","","","","","","","","","","","","","","","","","","","BD_ICV_2022"
"","","","","","","","","","","","","","","","","","","","","","","","","","","","","","","","","","","","BD_ICV_2022"
"","","","","","","","","","","","","","","","","","","","","","","","","","","","","","","","","","","","BD_ICV_2022"
"","","","","","","","","","","","","","","","","","","","","","","","","","","","","","","","","","","","BD_ICV_2022"
"","","","","","","","","","","","","","","","","","","","","","","","","","","","","","","","","","","","BD_ICV_2022"
"","","","","","","","","","","","","","","","","","","","","","","","","","","","","","","","","","","","BD_ICV_2022"
"","","","","","","","","","","","","","","","","","","","","","","","","","","","","","","","","","","","BD_ICV_2022"
"","","","","","","","","","","","","","","","","","","","","","","","","","","","","","","","","","","","BD_ICV_2022"
"","","","","","","","","","","","","","","","","","","","","","","","","","","","","","","","","","","","BD_ICV_2022"
"","","","","","","","","","","","","","","","","","","","","","","","","","","","","","","","","","","","BD_ICV_2022"
"","","","","","","","","","","","","","","","","","","","","","","","","","","","","","","","","","","","BD_ICV_2022"
"","","","","","","","","","","","","","","","","","","","","","","","","","","","","","","","","","","","BD_ICV_2022"
"","","","","","","","","","","","","","","","","","","","","","","","","","","","","","","","","","","","BD_ICV_2022"
"","","","","","","","","","","","","","","","","","","","","","","","","","","","","","","","","","","","BD_ICV_2022"
"","","","","","","","","","","","","","","","","","","","","","","","","","","","","","","","","","","","BD_ICV_2022"
"","","","","","","","","","","","","","","","","","","","","","","","","","","","","","","","","","","","BD_ICV_2022"
"","","","","","","","","","","","","","","","","","","","","","","","","","","","","","","","","","","","BD_ICV_2022"
"","","","","","","","","","","","","","","","","","","","","","","","","","","","","","","","","","","","BD_ICV_2022"
"","","","","","","","","","","","","","","","","","","","","","","","","","","","","","","","","","","","BD_ICV_2022"
"","","","","","","","","","","","","","","","","","","","","","","","","","","","","","","","","","","","BD_ICV_2022"
"","","","","","","","","","","","","","","","","","","","","","","","","","","","","","","","","","","","BD_ICV_2022"
"","","","","","","","","","","","","","","","","","","","","","","","","","","","","","","","","","","","BD_ICV_2022"
"","","","","","","","","","","","","","","","","","","","","","","","","","","","","","","","","","","","BD_ICV_2022"
"","","","","","","","","","","","","","","","","","","","","","","","","","","","","","","","","","","","BD_ICV_2022"
"","","","","","","","","","","","","","","","","","","","","","","","","","","","","","","","","","","","BD_ICV_2022"
"","","","","","","","","","","","","","","","","","","","","","","","","","","","","","","","","","","","BD_ICV_2022"
"","","","","","","","","","","","","","","","","","","","","","","","","","","","","","","","","","","","BD_ICV_2022"
"","","","","","","","","","","","","","","","","","","","","","","","","","","","","","","","","","","","BD_ICV_2022"
"","","","","","","","","","","","","","","","","","","","","","","","","","","","","","","","","","","","BD_ICV_2022"
"","","","","","","","","","","","","","","","","","","","","","","","","","","","","","","","","","","","BD_ICV_2022"
"","","","","","","","","","","","","","","","","","","","","","","","","","","","","","","","","","","","BD_ICV_2022"
"","","","","","","","","","","","","","","","","","","","","","","","","","","","","","","","","","","","BD_ICV_2022"
"","","","","","","","","","","","","","","","","","","","","","","","","","","","","","","","","","","","BD_ICV_2022"
"","","","","","","","","","","","","","","","","","","","","","","","","","","","","","","","","","","","BD_ICV_2022"
"","","","","","","","","","","","","","","","","","","","","","","","","","","","","","","","","","","","BD_ICV_2022"
"","","","","","","","","","","","","","","","","","","","","","","","","","","","","","","","","","","","BD_ICV_2022"
"","","","","","","","","","","","","","","","","","","","","","","","","","","","","","","","","","","","BD_ICV_2022"
"","","","","","","","","","","","","","","","","","","","","","","","","","","","","","","","","","","","BD_ICV_2022"
"","","","","","","","","","","","","","","","","","","","","","","","","","","","","","","","","","","","BD_ICV_2022"
"","","","","","","","","","","","","","","","","","","","","","","","","","","","","","","","","","","","BD_ICV_2022"
"","","","","","","","","","","","","","","","","","","","","","","","","","","","","","","","","","","","BD_ICV_2022"
"","","","","","","","","","","","","","","","","","","","","","","","","","","","","","","","","","","","BD_ICV_2022"
"","","","","","","","","","","","","","","","","","","","","","","","","","","","","","","","","","","","BD_ICV_2022"
"","","","","","","","","","","","","","","","","","","","","","","","","","","","","","","","","","","","BD_ICV_2022"
"","","","","","","","","","","","","","","","","","","","","","","","","","","","","","","","","","","","BD_ICV_2022"
"","","","","","","","","","","","","","","","","","","","","","","","","","","","","","","","","","","","BD_ICV_2022"
"","","","","","","","","","","","","","","","","","","","","","","","","","","","","","","","","","","","BD_ICV_2022"
"","","","","","","","","","","","","","","","","","","","","","","","","","","","","","","","","","","","BD_ICV_2022"
"","","","","","","","","","","","","","","","","","","","","","","","","","","","","","","","","","","","BD_ICV_2022"
"","","","","","","","","","","","","","","","","","","","","","","","","","","","","","","","","","","","BD_ICV_2022"
"","","","","","","","","","","","","","","","","","","","","","","","","","","","","","","","","","","","BD_ICV_2022"
"","","","","","","","","","","","","","","","","","","","","","","","","","","","","","","","","","","","BD_ICV_2022"
"","","","","","","","","","","","","","","","","","","","","","","","","","","","","","","","","","","","BD_ICV_2022"
"","","","","","","","","","","","","","","","","","","","","","","","","","","","","","","","","","","","BD_ICV_2022"
"","","","","","","","","","","","","","","","","","","","","","","","","","","","","","","","","","","","BD_ICV_2022"
"","","","","","","","","","","","","","","","","","","","","","","","","","","","","","","","","","","","BD_ICV_2022"
"","","","","","","","","","","","","","","","","","","","","","","","","","","","","","","","","","","","BD_ICV_2022"
"","","","","","","","","","","","","","","","","","","","","","","","","","","","","","","","","","","","BD_ICV_2022"
"","","","","","","","","","","","","","","","","","","","","","","","","","","","","","","","","","","","BD_ICV_2022"
"","","","","","","","","","","","","","","","","","","","","","","","","","","","","","","","","","","","BD_ICV_2022"
"","","","","","","","","","","","","","","","","","","","","","","","","","","","","","","","","","","","BD_ICV_2022"
"","","","","","","","","","","","","","","","","","","","","","","","","","","","","","","","","","","","BD_ICV_2022"
"","","","","","","","","","","","","","","","","","","","","","","","","","","","","","","","","","","","BD_ICV_2022"
"","","","","","","","","","","","","","","","","","","","","","","","","","","","","","","","","","","","BD_ICV_2022"
"","","","","","","","","","","","","","","","","","","","","","","","","","","","","","","","","","","","BD_ICV_2022"
"","","","","","","","","","","","","","","","","","","","","","","","","","","","","","","","","","","","BD_ICV_2022"
"","","","","","","","","","","","","","","","","","","","","","","","","","","","","","","","","","","","BD_ICV_2022"
"","","","","","","","","","","","","","","","","","","","","","","","","","","","","","","","","","","","BD_ICV_2022"
"","","","","","","","","","","","","","","","","","","","","","","","","","","","","","","","","","","","BD_ICV_2022"
"","","","","","","","","","","","","","","","","","","","","","","","","","","","","","","","","","","","BD_ICV_2022"
"","","","","","","","","","","","","","","","","","","","","","","","","","","","","","","","","","","","BD_ICV_2022"
"","","","","","","","","","","","","","","","","","","","","","","","","","","","","","","","","","","","BD_ICV_2022"
"","","","","","","","","","","","","","","","","","","","","","","","","","","","","","","","","","","","BD_ICV_2022"
"","","","","","","","","","","","","","","","","","","","","","","","","","","","","","","","","","","","BD_ICV_2022"
"","","","","","","","","","","","","","","","","","","","","","","","","","","","","","","","","","","","BD_ICV_2022"
"","","","","","","","","","","","","","","","","","","","","","","","","","","","","","","","","","","","BD_ICV_2022"
"","","","","","","","","","","","","","","","","","","","","","","","","","","","","","","","","","","","BD_ICV_2022"
"","","","","","","","","","","","","","","","","","","","","","","","","","","","","","","","","","","","BD_ICV_2022"
"","","","","","","","","","","","","","","","","","","","","","","","","","","","","","","","","","","","BD_ICV_2022"
"","","","","","","","","","","","","","","","","","","","","","","","","","","","","","","","","","","","BD_ICV_2022"
"","","","","","","","","","","","","","","","","","","","","","","","","","","","","","","","","","","","BD_ICV_2022"
"","","","","","","","","","","","","","","","","","","","","","","","","","","","","","","","","","","","BD_ICV_2022"
"","","","","","","","","","","","","","","","","","","","","","","","","","","","","","","","","","","","BD_ICV_2022"
"","","","","","","","","","","","","","","","","","","","","","","","","","","","","","","","","","","","BD_ICV_2022"
"","","","","","","","","","","","","","","","","","","","","","","","","","","","","","","","","","","","BD_ICV_2022"
"","","","","","","","","","","","","","","","","","","","","","","","","","","","","","","","","","","","BD_ICV_2022"
"","","","","","","","","","","","","","","","","","","","","","","","","","","","","","","","","","","","BD_ICV_2022"
"","","","","","","","","","","","","","","","","","","","","","","","","","","","","","","","","","","","BD_ICV_2022"
"","","","","","","","","","","","","","","","","","","","","","","","","","","","","","","","","","","","BD_ICV_2022"
"","","","","","","","","","","","","","","","","","","","","","","","","","","","","","","","","","","","BD_ICV_2022"
"","","","","","","","","","","","","","","","","","","","","","","","","","","","","","","","","","","","BD_ICV_2022"
"","","","","","","","","","","","","","","","","","","","","","","","","","","","","","","","","","","","BD_ICV_2022"
"","","","","","","","","","","","","","","","","","","","","","","","","","","","","","","","","","","","BD_ICV_2022"
"","","","","","","","","","","","","","","","","","","","","","","","","","","","","","","","","","","","BD_ICV_2022"
"","","","","","","","","","","","","","","","","","","","","","","","","","","","","","","","","","","","BD_ICV_2022"
"","","","","","","","","","","","","","","","","","","","","","","","","","","","","","","","","","","","BD_ICV_2022"
"","","","","","","","","","","","","","","","","","","","","","","","","","","","","","","","","","","","BD_ICV_2022"
"","","","","","","","","","","","","","","","","","","","","","","","","","","","","","","","","","","","BD_ICV_2022"
"","","","","","","","","","","","","","","","","","","","","","","","","","","","","","","","","","","","BD_ICV_2022"
"","","","","","","","","","","","","","","","","","","","","","","","","","","","","","","","","","","","BD_ICV_2022"
"","","","","","","","","","","","","","","","","","","","","","","","","","","","","","","","","","","","BD_ICV_2022"
"","","","","","","","","","","","","","","","","","","","","","","","","","","","","","","","","","","","BD_ICV_2022"
"","","","","","","","","","","","","","","","","","","","","","","","","","","","","","","","","","","","BD_ICV_2022"
"","","","","","","","","","","","","","","","","","","","","","","","","","","","","","","","","","","","BD_ICV_2022"
"","","","","","","","","","","","","","","","","","","","","","","","","","","","","","","","","","","","BD_ICV_2022"
"","","","","","","","","","","","","","","","","","","","","","","","","","","","","","","","","","","","BD_ICV_2022"
"","","","","","","","","","","","","","","","","","","","","","","","","","","","","","","","","","","","BD_ICV_2022"
"","","","","","","","","","","","","","","","","","","","","","","","","","","","","","","","","","","","BD_ICV_2022"
"","","","","","","","","","","","","","","","","","","","","","","","","","","","","","","","","","","","BD_ICV_2022"
"","","","","","","","","","","","","","","","","","","","","","","","","","","","","","","","","","","","BD_ICV_2022"
"","","","","","","","","","","","","","","","","","","","","","","","","","","","","","","","","","","","BD_ICV_2022"
"","","","","","","","","","","","","","","","","","","","","","","","","","","","","","","","","","","","BD_ICV_2022"
"","","","","","","","","","","","","","","","","","","","","","","","","","","","","","","","","","","","BD_ICV_2022"
"","","","","","","","","","","","","","","","","","","","","","","","","","","","","","","","","","","","BD_ICV_2022"
"","","","","","","","","","","","","","","","","","","","","","","","","","","","","","","","","","","","BD_ICV_2022"
"","","","","","","","","","","","","","","","","","","","","","","","","","","","","","","","","","","","BD_ICV_2022"
"","","","","","","","","","","","","","","","","","","","","","","","","","","","","","","","","","","","BD_ICV_2022"
"","","","","","","","","","","","","","","","","","","","","","","","","","","","","","","","","","","","BD_ICV_2022"
"","","","","","","","","","","","","","","","","","","","","","","","","","","","","","","","","","","","BD_ICV_2022"
"","","","","","","","","","","","","","","","","","","","","","","","","","","","","","","","","","","","BD_ICV_2022"
"","","","","","","","","","","","","","","","","","","","","","","","","","","","","","","","","","","","BD_ICV_2022"
"","","","","","","","","","","","","","","","","","","","","","","","","","","","","","","","","","","","BD_ICV_2022"
"","","","","","","","","","","","","","","","","","","","","","","","","","","","","","","","","","","","BD_ICV_2022"
"","","","","","","","","","","","","","","","","","","","","","","","","","","","","","","","","","","","BD_ICV_2022"
"","","","","","","","","","","","","","","","","","","","","","","","","","","","","","","","","","","","BD_ICV_2022"
"","","","","","","","","","","","","","","","","","","","","","","","","","","","","","","","","","","","BD_ICV_2022"
"","","","","","","","","","","","","","","","","","","","","","","","","","","","","","","","","","","","BD_ICV_2022"
"","","","","","","","","","","","","","","","","","","","","","","","","","","","","","","","","","","","BD_ICV_2022"
"","","","","","","","","","","","","","","","","","","","","","","","","","","","","","","","","","","","BD_ICV_2022"
"","","","","","","","","","","","","","","","","","","","","","","","","","","","","","","","","","","","BD_ICV_2022"
"","","","","","","","","","","","","","","","","","","","","","","","","","","","","","","","","","","","BD_ICV_2022"
"","","","","","","","","","","","","","","","","","","","","","","","","","","","","","","","","","","","BD_ICV_2022"
"","","","","","","","","","","","","","","","","","","","","","","","","","","","","","","","","","","","BD_ICV_2022"
"","","","","","","","","","","","","","","","","","","","","","","","","","","","","","","","","","","","BD_ICV_2022"
"","","","","","","","","","","","","","","","","","","","","","","","","","","","","","","","","","","","BD_ICV_2022"
"","","","","","","","","","","","","","","","","","","","","","","","","","","","","","","","","","","","BD_ICV_2022"
"","","","","","","","","","","","","","","","","","","","","","","","","","","","","","","","","","","","BD_ICV_2022"
"","","","","","","","","","","","","","","","","","","","","","","","","","","","","","","","","","","","BD_ICV_2022"
"","","","","","","","","","","","","","","","","","","","","","","","","","","","","","","","","","","","BD_ICV_2022"
"","","","","","","","","","","","","","","","","","","","","","","","","","","","","","","","","","","","BD_ICV_2022"
"","","","","","","","","","","","","","","","","","","","","","","","","","","","","","","","","","","","BD_ICV_2022"
"","","","","","","","","","","","","","","","","","","","","","","","","","","","","","","","","","","","BD_ICV_2022"
"","","","","","","","","","","","","","","","","","","","","","","","","","","","","","","","","","","","BD_ICV_2022"
"","","","","","","","","","","","","","","","","","","","","","","","","","","","","","","","","","","","BD_ICV_2022"
"","","","","","","","","","","","","","","","","","","","","","","","","","","","","","","","","","","","BD_ICV_2022"
"","","","","","","","","","","","","","","","","","","","","","","","","","","","","","","","","","","","BD_ICV_2022"
"","","","","","","","","","","","","","","","","","","","","","","","","","","","","","","","","","","","BD_ICV_2022"
"","","","","","","","","","","","","","","","","","","","","","","","","","","","","","","","","","","","BD_ICV_2022"
"","","","","","","","","","","","","","","","","","","","","","","","","","","","","","","","","","","","BD_ICV_2022"
"","","","","","","","","","","","","","","","","","","","","","","","","","","","","","","","","","","","BD_ICV_2022"
"","","","","","","","","","","","","","","","","","","","","","","","","","","","","","","","","","","","BD_ICV_2022"
"","","","","","","","","","","","","","","","","","","","","","","","","","","","","","","","","","","","BD_ICV_2022"
"","","","","","","","","","","","","","","","","","","","","","","","","","","","","","","","","","","","BD_ICV_2022"
"","","","","","","","","","","","","","","","","","","","","","","","","","","","","","","","","","","","BD_ICV_2022"
"","","","","","","","","","","","","","","","","","","","","","","","","","","","","","","","","","","","BD_ICV_2022"
"","","","","","","","","","","","","","","","","","","","","","","","","","","","","","","","","","","","BD_ICV_2022"
"","","","","","","","","","","","","","","","","","","","","","","","","","","","","","","","","","","","BD_ICV_2022"
"","","","","","","","","","","","","","","","","","","","","","","","","","","","","","","","","","","","BD_ICV_2022"
"","","","","","","","","","","","","","","","","","","","","","","","","","","","","","","","","","","","BD_ICV_2022"
"","","","","","","","","","","","","","","","","","","","","","","","","","","","","","","","","","","","BD_ICV_2022"
"","","","","","","","","","","","","","","","","","","","","","","","","","","","","","","","","","","","BD_ICV_2022"
"","","","","","","","","","","","","","","","","","","","","","","","","","","","","","","","","","","","BD_ICV_2022"
"","","","","","","","","","","","","","","","","","","","","","","","","","","","","","","","","","","","BD_ICV_2022"
"","","","","","","","","","","","","","","","","","","","","","","","","","","","","","","","","","","","BD_ICV_2022"
"","","","","","","","","","","","","","","","","","","","","","","","","","","","","","","","","","","","BD_ICV_2022"
"","","","","","","","","","","","","","","","","","","","","","","","","","","","","","","","","","","","BD_ICV_2022"
"","","","","","","","","","","","","","","","","","","","","","","","","","","","","","","","","","","","BD_ICV_2022"
"","","","","","","","","","","","","","","","","","","","","","","","","","","","","","","","","","","","BD_ICV_2022"
"","","","","","","","","","","","","","","","","","","","","","","","","","","","","","","","","","","","BD_ICV_2022"
"","","","","","","","","","","","","","","","","","","","","","","","","","","","","","","","","","","","BD_ICV_2022"
"","","","","","","","","","","","","","","","","","","","","","","","","","","","","","","","","","","","BD_ICV_2022"
"","","","","","","","","","","","","","","","","","","","","","","","","","","","","","","","","","","","BD_ICV_2022"
"","","","","","","","","","","","","","","","","","","","","","","","","","","","","","","","","","","","BD_ICV_2022"
"","","","","","","","","","","","","","","","","","","","","","","","","","","","","","","","","","","","BD_ICV_2022"
"","","","","","","","","","","","","","","","","","","","","","","","","","","","","","","","","","","","BD_ICV_2022"
"","","","","","","","","","","","","","","","","","","","","","","","","","","","","","","","","","","","BD_ICV_2022"
"","","","","","","","","","","","","","","","","","","","","","","","","","","","","","","","","","","","BD_ICV_2022"
"","","","","","","","","","","","","","","","","","","","","","","","","","","","","","","","","","","","BD_ICV_2022"
"","","","","","","","","","","","","","","","","","","","","","","","","","","","","","","","","","","","BD_ICV_2022"
"","","","","","","","","","","","","","","","","","","","","","","","","","","","","","","","","","","","BD_ICV_2022"
"","","","","","","","","","","","","","","","","","","","","","","","","","","","","","","","","","","","BD_ICV_2022"
"","","","","","","","","","","","","","","","","","","","","","","","","","","","","","","","","","","","BD_ICV_2022"
"","","","","","","","","","","","","","","","","","","","","","","","","","","","","","","","","","","","BD_ICV_2022"
"","","","","","","","","","","","","","","","","","","","","","","","","","","","","","","","","","","","BD_ICV_2022"
"","","","","","","","","","","","","","","","","","","","","","","","","","","","","","","","","","","","BD_ICV_2022"
"","","","","","","","","","","","","","","","","","","","","","","","","","","","","","","","","","","","BD_ICV_2022"
"","","","","","","","","","","","","","","","","","","","","","","","","","","","","","","","","","","","BD_ICV_2022"
"","","","","","","","","","","","","","","","","","","","","","","","","","","","","","","","","","","","BD_ICV_2022"
"","","","","","","","","","","","","","","","","","","","","","","","","","","","","","","","","","","","BD_ICV_2022"
"","","","","","","","","","","","","","","","","","","","","","","","","","","","","","","","","","","","BD_ICV_2022"
"","","","","","","","","","","","","","","","","","","","","","","","","","","","","","","","","","","","BD_ICV_2022"
"","","","","","","","","","","","","","","","","","","","","","","","","","","","","","","","","","","","BD_ICV_2022"
"","","","","","","","","","","","","","","","","","","","","","","","","","","","","","","","","","","","BD_ICV_2022"
"","","","","","","","","","","","","","","","","","","","","","","","","","","","","","","","","","","","BD_ICV_2022"
"","","","","","","","","","","","","","","","","","","","","","","","","","","","","","","","","","","","BD_ICV_2022"
"","","","","","","","","","","","","","","","","","","","","","","","","","","","","","","","","","","","BD_ICV_2022"
"","","","","","","","","","","","","","","","","","","","","","","","","","","","","","","","","","","","BD_ICV_2022"
"","","","","","","","","","","","","","","","","","","","","","","","","","","","","","","","","","","","BD_ICV_2022"
"","","","","","","","","","","","","","","","","","","","","","","","","","","","","","","","","","","","BD_ICV_2022"
"","","","","","","","","","","","","","","","","","","","","","","","","","","","","","","","","","","","BD_ICV_2022"
"","","","","","","","","","","","","","","","","","","","","","","","","","","","","","","","","","","","BD_ICV_2022"
"","","","","","","","","","","","","","","","","","","","","","","","","","","","","","","","","","","","BD_ICV_2022"
"","","","","","","","","","","","","","","","","","","","","","","","","","","","","","","","","","","","BD_ICV_2022"
"","","","","","","","","","","","","","","","","","","","","","","","","","","","","","","","","","","","BD_ICV_2022"
"","","","","","","","","","","","","","","","","","","","","","","","","","","","","","","","","","","","BD_ICV_2022"
"","","","","","","","","","","","","","","","","","","","","","","","","","","","","","","","","","","","BD_ICV_2022"
"","","","","","","","","","","","","","","","","","","","","","","","","","","","","","","","","","","","BD_ICV_2022"
"","","","","","","","","","","","","","","","","","","","","","","","","","","","","","","","","","","","BD_ICV_2022"
"","","","","","","","","","","","","","","","","","","","","","","","","","","","","","","","","","","","BD_ICV_2022"
"","","","","","","","","","","","","","","","","","","","","","","","","","","","","","","","","","","","BD_ICV_2022"
"","","","","","","","","","","","","","","","","","","","","","","","","","","","","","","","","","","","BD_ICV_2022"
"","","","","","","","","","","","","","","","","","","","","","","","","","","","","","","","","","","","BD_ICV_2022"
"","","","","","","","","","","","","","","","","","","","","","","","","","","","","","","","","","","","BD_ICV_2022"
"","","","","","","","","","","","","","","","","","","","","","","","","","","","","","","","","","","","BD_ICV_2022"
"","","","","","","","","","","","","","","","","","","","","","","","","","","","","","","","","","","","BD_ICV_2022"
"","","","","","","","","","","","","","","","","","","","","","","","","","","","","","","","","","","","BD_ICV_2022"
"","","","","","","","","","","","","","","","","","","","","","","","","","","","","","","","","","","","BD_ICV_2022"
"","","","","","","","","","","","","","","","","","","","","","","","","","","","","","","","","","","","BD_ICV_2022"
"","","","","","","","","","","","","","","","","","","","","","","","","","","","","","","","","","","","BD_ICV_2022"
"","","","","","","","","","","","","","","","","","","","","","","","","","","","","","","","","","","","BD_ICV_2022"
"","","","","","","","","","","","","","","","","","","","","","","","","","","","","","","","","","","","BD_ICV_2022"
"","","","","","","","","","","","","","","","","","","","","","","","","","","","","","","","","","","","BD_ICV_2022"
"","","","","","","","","","","","","","","","","","","","","","","","","","","","","","","","","","","","BD_ICV_2022"
"","","","","","","","","","","","","","","","","","","","","","","","","","","","","","","","","","","","BD_ICV_2022"
"","","","","","","","","","","","","","","","","","","","","","","","","","","","","","","","","","","","BD_ICV_2022"
"","","","","","","","","","","","","","","","","","","","","","","","","","","","","","","","","","","","BD_ICV_2022"
"","","","","","","","","","","","","","","","","","","","","","","","","","","","","","","","","","","","BD_ICV_2022"
"","","","","","","","","","","","","","","","","","","","","","","","","","","","","","","","","","","","BD_ICV_2022"
"","","","","","","","","","","","","","","","","","","","","","","","","","","","","","","","","","","","BD_ICV_2022"
"","","","","","","","","","","","","","","","","","","","","","","","","","","","","","","","","","","","BD_ICV_2022"
"","","","","","","","","","","","","","","","","","","","","","","","","","","","","","","","","","","","BD_ICV_2022"
"","","","","","","","","","","","","","","","","","","","","","","","","","","","","","","","","","","","BD_ICV_2022"
"","","","","","","","","","","","","","","","","","","","","","","","","","","","","","","","","","","","BD_ICV_2022"
"","","","","","","","","","","","","","","","","","","","","","","","","","","","","","","","","","","","BD_ICV_2022"
"","","","","","","","","","","","","","","","","","","","","","","","","","","","","","","","","","","","BD_ICV_2022"
"","","","","","","","","","","","","","","","","","","","","","","","","","","","","","","","","","","","BD_ICV_2022"
"","","","","","","","","","","","","","","","","","","","","","","","","","","","","","","","","","","","BD_ICV_2022"
"","","","","","","","","","","","","","","","","","","","","","","","","","","","","","","","","","","","BD_ICV_2022"
"","","","","","","","","","","","","","","","","","","","","","","","","","","","","","","","","","","","BD_ICV_2022"
"","","","","","","","","","","","","","","","","","","","","","","","","","","","","","","","","","","","BD_ICV_2022"
"","","","","","","","","","","","","","","","","","","","","","","","","","","","","","","","","","","","BD_ICV_2022"
"","","","","","","","","","","","","","","","","","","","","","","","","","","","","","","","","","","","BD_ICV_2022"
"","","","","","","","","","","","","","","","","","","","","","","","","","","","","","","","","","","","BD_ICV_2022"
"","","","","","","","","","","","","","","","","","","","","","","","","","","","","","","","","","","","BD_ICV_2022"
"","","","","","","","","","","","","","","","","","","","","","","","","","","","","","","","","","","","BD_ICV_2022"
"","","","","","","","","","","","","","","","","","","","","","","","","","","","","","","","","","","","BD_ICV_2022"
"","","","","","","","","","","","","","","","","","","","","","","","","","","","","","","","","","","","BD_ICV_2022"
"","","","","","","","","","","","","","","","","","","","","","","","","","","","","","","","","","","","BD_ICV_2022"
"","","","","","","","","","","","","","","","","","","","","","","","","","","","","","","","","","","","BD_ICV_2022"
"","","","","","","","","","","","","","","","","","","","","","","","","","","","","","","","","","","","BD_ICV_2022"
"","","","","","","","","","","","","","","","","","","","","","","","","","","","","","","","","","","","BD_ICV_2022"
"","","","","","","","","","","","","","","","","","","","","","","","","","","","","","","","","","","","BD_ICV_2022"
"","","","","","","","","","","","","","","","","","","","","","","","","","","","","","","","","","","","BD_ICV_2022"
"","","","","","","","","","","","","","","","","","","","","","","","","","","","","","","","","","","","BD_ICV_2022"
"","","","","","","","","","","","","","","","","","","","","","","","","","","","","","","","","","","","BD_ICV_2022"
"","","","","","","","","","","","","","","","","","","","","","","","","","","","","","","","","","","","BD_ICV_2022"
"","","","","","","","","","","","","","","","","","","","","","","","","","","","","","","","","","","","BD_ICV_2022"
"","","","","","","","","","","","","","","","","","","","","","","","","","","","","","","","","","","","BD_ICV_2022"
"","","","","","","","","","","","","","","","","","","","","","","","","","","","","","","","","","","","BD_ICV_2022"
"","","","","","","","","","","","","","","","","","","","","","","","","","","","","","","","","","","","BD_ICV_2022"
"","","","","","","","","","","","","","","","","","","","","","","","","","","","","","","","","","","","BD_ICV_2022"
"","","","","","","","","","","","","","","","","","","","","","","","","","","","","","","","","","","","BD_ICV_2022"
"","","","","","","","","","","","","","","","","","","","","","","","","","","","","","","","","","","","BD_ICV_2022"
"","","","","","","","","","","","","","","","","","","","","","","","","","","","","","","","","","","","BD_ICV_2022"
"","","","","","","","","","","","","","","","","","","","","","","","","","","","","","","","","","","","BD_ICV_2022"
"","","","","","","","","","","","","","","","","","","","","","","","","","","","","","","","","","","","BD_ICV_2022"
"","","","","","","","","","","","","","","","","","","","","","","","","","","","","","","","","","","","BD_ICV_2022"
"","","","","","","","","","","","","","","","","","","","","","","","","","","","","","","","","","","","BD_ICV_2022"
"","","","","","","","","","","","","","","","","","","","","","","","","","","","","","","","","","","","BD_ICV_2022"
"","","","","","","","","","","","","","","","","","","","","","","","","","","","","","","","","","","","BD_ICV_2022"
"","","","","","","","","","","","","","","","","","","","","","","","","","","","","","","","","","","","BD_ICV_2022"
"","","","","","","","","","","","","","","","","","","","","","","","","","","","","","","","","","","","BD_ICV_2022"
"","","","","","","","","","","","","","","","","","","","","","","","","","","","","","","","","","","","BD_ICV_2022"
"","","","","","","","","","","","","","","","","","","","","","","","","","","","","","","","","","","","BD_ICV_2022"
"","","","","","","","","","","","","","","","","","","","","","","","","","","","","","","","","","","","BD_ICV_2022"
"","","","","","","","","","","","","","","","","","","","","","","","","","","","","","","","","","","","BD_ICV_2022"
"","","","","","","","","","","","","","","","","","","","","","","","","","","","","","","","","","","","BD_ICV_2022"
"","","","","","","","","","","","","","","","","","","","","","","","","","","","","","","","","","","","BD_ICV_2022"
"","","","","","","","","","","","","","","","","","","","","","","","","","","","","","","","","","","","BD_ICV_2022"
"","","","","","","","","","","","","","","","","","","","","","","","","","","","","","","","","","","","BD_ICV_2022"
"","","","","","","","","","","","","","","","","","","","","","","","","","","","","","","","","","","","BD_ICV_2022"
"","","","","","","","","","","","","","","","","","","","","","","","","","","","","","","","","","","","BD_ICV_2022"
"","","","","","","","","","","","","","","","","","","","","","","","","","","","","","","","","","","","BD_ICV_2022"
"","","","","","","","","","","","","","","","","","","","","","","","","","","","","","","","","","","","BD_ICV_2022"
"","","","","","","","","","","","","","","","","","","","","","","","","","","","","","","","","","","","BD_ICV_2022"
"","","","","","","","","","","","","","","","","","","","","","","","","","","","","","","","","","","","BD_ICV_2022"
"","","","","","","","","","","","","","","","","","","","","","","","","","","","","","","","","","","","BD_ICV_2022"
"","","","","","","","","","","","","","","","","","","","","","","","","","","","","","","","","","","","BD_ICV_2022"
"","","","","","","","","","","","","","","","","","","","","","","","","","","","","","","","","","","","BD_ICV_2022"
"","","","","","","","","","","","","","","","","","","","","","","","","","","","","","","","","","","","BD_ICV_2022"
"","","","","","","","","","","","","","","","","","","","","","","","","","","","","","","","","","","","BD_ICV_2022"
"","","","","","","","","","","","","","","","","","","","","","","","","","","","","","","","","","","","BD_ICV_2022"
"","","","","","","","","","","","","","","","","","","","","","","","","","","","","","","","","","","","BD_ICV_2022"
"","","","","","","","","","","","","","","","","","","","","","","","","","","","","","","","","","","","BD_ICV_2022"
"","","","","","","","","","","","","","","","","","","","","","","","","","","","","","","","","","","","BD_ICV_2022"
"","","","","","","","","","","","","","","","","","","","","","","","","","","","","","","","","","","","BD_ICV_2022"
"","","","","","","","","","","","","","","","","","","","","","","","","","","","","","","","","","","","BD_ICV_2022"
"","","","","","","","","","","","","","","","","","","","","","","","","","","","","","","","","","","","BD_ICV_2022"
"","","","","","","","","","","","","","","","","","","","","","","","","","","","","","","","","","","","BD_ICV_2022"
"","","","","","","","","","","","","","","","","","","","","","","","","","","","","","","","","","","","BD_ICV_2022"
"","","","","","","","","","","","","","","","","","","","","","","","","","","","","","","","","","","","BD_ICV_2022"
"","","","","","","","","","","","","","","","","","","","","","","","","","","","","","","","","","","","BD_ICV_2022"
"","","","","","","","","","","","","","","","","","","","","","","","","","","","","","","","","","","","BD_ICV_2022"
"","","","","","","","","","","","","","","","","","","","","","","","","","","","","","","","","","","","BD_ICV_2022"
"","","","","","","","","","","","","","","","","","","","","","","","","","","","","","","","","","","","BD_ICV_2022"
"","","","","","","","","","","","","","","","","","","","","","","","","","","","","","","","","","","","BD_ICV_2022"
"","","","","","","","","","","","","","","","","","","","","","","","","","","","","","","","","","","","BD_ICV_2022"
"","","","","","","","","","","","","","","","","","","","","","","","","","","","","","","","","","","","BD_ICV_2022"
"","","","","","","","","","","","","","","","","","","","","","","","","","","","","","","","","","","","BD_ICV_2022"
"","","","","","","","","","","","","","","","","","","","","","","","","","","","","","","","","","","","BD_ICV_2022"
"","","","","","","","","","","","","","","","","","","","","","","","","","","","","","","","","","","","BD_ICV_2022"
"","","","","","","","","","","","","","","","","","","","","","","","","","","","","","","","","","","","BD_ICV_2022"
"","","","","","","","","","","","","","","","","","","","","","","","","","","","","","","","","","","","BD_ICV_2022"
"","","","","","","","","","","","","","","","","","","","","","","","","","","","","","","","","","","","BD_ICV_2022"
"","","","","","","","","","","","","","","","","","","","","","","","","","","","","","","","","","","","BD_ICV_2022"
"","","","","","","","","","","","","","","","","","","","","","","","","","","","","","","","","","","","BD_ICV_2022"
"","","","","","","","","","","","","","","","","","","","","","","","","","","","","","","","","","","","BD_ICV_2022"
"","","","","","","","","","","","","","","","","","","","","","","","","","","","","","","","","","","","BD_ICV_2022"
"","","","","","","","","","","","","","","","","","","","","","","","","","","","","","","","","","","","BD_ICV_2022"
"","","","","","","","","","","","","","","","","","","","","","","","","","","","","","","","","","","","BD_ICV_2022"
"","","","","","","","","","","","","","","","","","","","","","","","","","","","","","","","","","","","BD_ICV_2022"
"","","","","","","","","","","","","","","","","","","","","","","","","","","","","","","","","","","","BD_ICV_2022"
"","","","","","","","","","","","","","","","","","","","","","","","","","","","","","","","","","","","BD_ICV_2022"
"","","","","","","","","","","","","","","","","","","","","","","","","","","","","","","","","","","","BD_ICV_2022"
"","","","","","","","","","","","","","","","","","","","","","","","","","","","","","","","","","","","BD_ICV_2022"
"","","","","","","","","","","","","","","","","","","","","","","","","","","","","","","","","","","","BD_ICV_2022"
"","","","","","","","","","","","","","","","","","","","","","","","","","","","","","","","","","","","BD_ICV_2022"
"","","","","","","","","","","","","","","","","","","","","","","","","","","","","","","","","","","","BD_ICV_2022"
"","","","","","","","","","","","","","","","","","","","","","","","","","","","","","","","","","","","BD_ICV_2022"
"","","","","","","","","","","","","","","","","","","","","","","","","","","","","","","","","","","","BD_ICV_2022"
"","","","","","","","","","","","","","","","","","","","","","","","","","","","","","","","","","","","BD_ICV_2022"
"","","","","","","","","","","","","","","","","","","","","","","","","","","","","","","","","","","","BD_ICV_2022"
"","","","","","","","","","","","","","","","","","","","","","","","","","","","","","","","","","","","BD_ICV_2022"
"","","","","","","","","","","","","","","","","","","","","","","","","","","","","","","","","","","","BD_ICV_2022"
"","","","","","","","","","","","","","","","","","","","","","","","","","","","","","","","","","","","BD_ICV_2022"
"","","","","","","","","","","","","","","","","","","","","","","","","","","","","","","","","","","","BD_ICV_2022"
"","","","","","","","","","","","","","","","","","","","","","","","","","","","","","","","","","","","BD_ICV_2022"
"","","","","","","","","","","","","","","","","","","","","","","","","","","","","","","","","","","","BD_ICV_2022"
"","","","","","","","","","","","","","","","","","","","","","","","","","","","","","","","","","","","BD_ICV_2022"
"","","","","","","","","","","","","","","","","","","","","","","","","","","","","","","","","","","","BD_ICV_2022"
"","","","","","","","","","","","","","","","","","","","","","","","","","","","","","","","","","","","BD_ICV_2022"
"","","","","","","","","","","","","","","","","","","","","","","","","","","","","","","","","","","","BD_ICV_2022"
"","","","","","","","","","","","","","","","","","","","","","","","","","","","","","","","","","","","BD_ICV_2022"
"","","","","","","","","","","","","","","","","","","","","","","","","","","","","","","","","","","","BD_ICV_2022"
"","","","","","","","","","","","","","","","","","","","","","","","","","","","","","","","","","","","BD_ICV_2022"
"","","","","","","","","","","","","","","","","","","","","","","","","","","","","","","","","","","","BD_ICV_2022"
"","","","","","","","","","","","","","","","","","","","","","","","","","","","","","","","","","","","BD_ICV_2022"
"","","","","","","","","","","","","","","","","","","","","","","","","","","","","","","","","","","","BD_ICV_2022"
"","","","","","","","","","","","","","","","","","","","","","","","","","","","","","","","","","","","BD_ICV_2022"
"","","","","","","","","","","","","","","","","","","","","","","","","","","","","","","","","","","","BD_ICV_2022"
"","","","","","","","","","","","","","","","","","","","","","","","","","","","","","","","","","","","BD_ICV_2022"
"","","","","","","","","","","","","","","","","","","","","","","","","","","","","","","","","","","","BD_ICV_2022"
"","","","","","","","","","","","","","","","","","","","","","","","","","","","","","","","","","","","BD_ICV_2022"
"","","","","","","","","","","","","","","","","","","","","","","","","","","","","","","","","","","","BD_ICV_2022"
"","","","","","","","","","","","","","","","","","","","","","","","","","","","","","","","","","","","BD_ICV_2022"
"","","","","","","","","","","","","","","","","","","","","","","","","","","","","","","","","","","","BD_ICV_2022"
"","","","","","","","","","","","","","","","","","","","","","","","","","","","","","","","","","","","BD_ICV_2022"
"","","","","","","","","","","","","","","","","","","","","","","","","","","","","","","","","","","","BD_ICV_2022"
"","","","","","","","","","","","","","","","","","","","","","","","","","","","","","","","","","","","BD_ICV_2022"
"","","","","","","","","","","","","","","","","","","","","","","","","","","","","","","","","","","","BD_ICV_2022"
"","","","","","","","","","","","","","","","","","","","","","","","","","","","","","","","","","","","BD_ICV_2022"
"","","","","","","","","","","","","","","","","","","","","","","","","","","","","","","","","","","","BD_ICV_2022"
"","","","","","","","","","","","","","","","","","","","","","","","","","","","","","","","","","","","BD_ICV_2022"
"","","","","","","","","","","","","","","","","","","","","","","","","","","","","","","","","","","","BD_ICV_2022"
"","","","","","","","","","","","","","","","","","","","","","","","","","","","","","","","","","","","BD_ICV_2022"
"","","","","","","","","","","","","","","","","","","","","","","","","","","","","","","","","","","","BD_ICV_2022"
"","","","","","","","","","","","","","","","","","","","","","","","","","","","","","","","","","","","BD_ICV_2022"
"","","","","","","","","","","","","","","","","","","","","","","","","","","","","","","","","","","","BD_ICV_2022"
"","","","","","","","","","","","","","","","","","","","","","","","","","","","","","","","","","","","BD_ICV_2022"
"","","","","","","","","","","","","","","","","","","","","","","","","","","","","","","","","","","","BD_ICV_2022"
"","","","","","","","","","","","","","","","","","","","","","","","","","","","","","","","","","","","BD_ICV_2022"
"","","","","","","","","","","","","","","","","","","","","","","","","","","","","","","","","","","","BD_ICV_2022"
"","","","","","","","","","","","","","","","","","","","","","","","","","","","","","","","","","","","BD_ICV_2022"
"","","","","","","","","","","","","","","","","","","","","","","","","","","","","","","","","","","","BD_ICV_2022"
"","","","","","","","","","","","","","","","","","","","","","","","","","","","","","","","","","","","BD_ICV_2022"
"","","","","","","","","","","","","","","","","","","","","","","","","","","","","","","","","","","","BD_ICV_2022"
"","","","","","","","","","","","","","","","","","","","","","","","","","","","","","","","","","","","BD_ICV_2022"
"","","","","","","","","","","","","","","","","","","","","","","","","","","","","","","","","","","","BD_ICV_2022"
"","","","","","","","","","","","","","","","","","","","","","","","","","","","","","","","","","","","BD_ICV_2022"
"","","","","","","","","","","","","","","","","","","","","","","","","","","","","","","","","","","","BD_ICV_2022"
"","","","","","","","","","","","","","","","","","","","","","","","","","","","","","","","","","","","BD_ICV_2022"
"","","","","","","","","","","","","","","","","","","","","","","","","","","","","","","","","","","","BD_ICV_2022"
"","","","","","","","","","","","","","","","","","","","","","","","","","","","","","","","","","","","BD_ICV_2022"
"","","","","","","","","","","","","","","","","","","","","","","","","","","","","","","","","","","","BD_ICV_2022"
"","","","","","","","","","","","","","","","","","","","","","","","","","","","","","","","","","","","BD_ICV_2022"
"","","","","","","","","","","","","","","","","","","","","","","","","","","","","","","","","","","","BD_ICV_2022"
"","","","","","","","","","","","","","","","","","","","","","","","","","","","","","","","","","","","BD_ICV_2022"
"","","","","","","","","","","","","","","","","","","","","","","","","","","","","","","","","","","","BD_ICV_2022"
"","","","","","","","","","","","","","","","","","","","","","","","","","","","","","","","","","","","BD_ICV_2022"
"","","","","","","","","","","","","","","","","","","","","","","","","","","","","","","","","","","","BD_ICV_2022"
"","","","","","","","","","","","","","","","","","","","","","","","","","","","","","","","","","","","BD_ICV_2022"
"","","","","","","","","","","","","","","","","","","","","","","","","","","","","","","","","","","","BD_ICV_2022"
"","","","","","","","","","","","","","","","","","","","","","","","","","","","","","","","","","","","BD_ICV_2022"
"","","","","","","","","","","","","","","","","","","","","","","","","","","","","","","","","","","","BD_ICV_2022"
"","","","","","","","","","","","","","","","","","","","","","","","","","","","","","","","","","","","BD_ICV_2022"
"","","","","","","","","","","","","","","","","","","","","","","","","","","","","","","","","","","","BD_ICV_2022"
"","","","","","","","","","","","","","","","","","","","","","","","","","","","","","","","","","","","BD_ICV_2022"
"","","","","","","","","","","","","","","","","","","","","","","","","","","","","","","","","","","","BD_ICV_2022"
"","","","","","","","","","","","","","","","","","","","","","","","","","","","","","","","","","","","BD_ICV_2022"
"","","","","","","","","","","","","","","","","","","","","","","","","","","","","","","","","","","","BD_ICV_2022"
"","","","","","","","","","","","","","","","","","","","","","","","","","","","","","","","","","","","BD_ICV_2022"
"","","","","","","","","","","","","","","","","","","","","","","","","","","","","","","","","","","","BD_ICV_2022"
"","","","","","","","","","","","","","","","","","","","","","","","","","","","","","","","","","","","BD_ICV_2022"
"","","","","","","","","","","","","","","","","","","","","","","","","","","","","","","","","","","","BD_ICV_2022"
"","","","","","","","","","","","","","","","","","","","","","","","","","","","","","","","","","","","BD_ICV_2022"
"","","","","","","","","","","","","","","","","","","","","","","","","","","","","","","","","","","","BD_ICV_2022"
"","","","","","","","","","","","","","","","","","","","","","","","","","","","","","","","","","","","BD_ICV_2022"
"","","","","","","","","","","","","","","","","","","","","","","","","","","","","","","","","","","","BD_ICV_2022"
"","","","","","","","","","","","","","","","","","","","","","","","","","","","","","","","","","","","BD_ICV_2022"
"","","","","","","","","","","","","","","","","","","","","","","","","","","","","","","","","","","","BD_ICV_2022"
"","","","","","","","","","","","","","","","","","","","","","","","","","","","","","","","","","","","BD_ICV_2022"
"","","","","","","","","","","","","","","","","","","","","","","","","","","","","","","","","","","","BD_ICV_2022"
"","","","","","","","","","","","","","","","","","","","","","","","","","","","","","","","","","","","BD_ICV_2022"
"","","","","","","","","","","","","","","","","","","","","","","","","","","","","","","","","","","","BD_ICV_2022"
"","","","","","","","","","","","","","","","","","","","","","","","","","","","","","","","","","","","BD_ICV_2022"
"","","","","","","","","","","","","","","","","","","","","","","","","","","","","","","","","","","","BD_ICV_2022"
"","","","","","","","","","","","","","","","","","","","","","","","","","","","","","","","","","","","BD_ICV_2022"
"","","","","","","","","","","","","","","","","","","","","","","","","","","","","","","","","","","","BD_ICV_2022"
"","","","","","","","","","","","","","","","","","","","","","","","","","","","","","","","","","","","BD_ICV_2022"
"","","","","","","","","","","","","","","","","","","","","","","","","","","","","","","","","","","","BD_ICV_2022"
"","","","","","","","","","","","","","","","","","","","","","","","","","","","","","","","","","","","BD_ICV_2022"
"","","","","","","","","","","","","","","","","","","","","","","","","","","","","","","","","","","","BD_ICV_2022"
"","","","","","","","","","","","","","","","","","","","","","","","","","","","","","","","","","","","BD_ICV_2022"
"","","","","","","","","","","","","","","","","","","","","","","","","","","","","","","","","","","","BD_ICV_2022"
"","","","","","","","","","","","","","","","","","","","","","","","","","","","","","","","","","","","BD_ICV_2022"
"","","","","","","","","","","","","","","","","","","","","","","","","","","","","","","","","","","","BD_ICV_2022"
"","","","","","","","","","","","","","","","","","","","","","","","","","","","","","","","","","","","BD_ICV_2022"
"","","","","","","","","","","","","","","","","","","","","","","","","","","","","","","","","","","","BD_ICV_2022"
"","","","","","","","","","","","","","","","","","","","","","","","","","","","","","","","","","","","BD_ICV_2022"
"","","","","","","","","","","","","","","","","","","","","","","","","","","","","","","","","","","","BD_ICV_2022"
"","","","","","","","","","","","","","","","","","","","","","","","","","","","","","","","","","","","BD_ICV_2022"
"","","","","","","","","","","","","","","","","","","","","","","","","","","","","","","","","","","","BD_ICV_2022"
"","","","","","","","","","","","","","","","","","","","","","","","","","","","","","","","","","","","BD_ICV_2022"
"","","","","","","","","","","","","","","","","","","","","","","","","","","","","","","","","","","","BD_ICV_2022"
"","","","","","","","","","","","","","","","","","","","","","","","","","","","","","","","","","","","BD_ICV_2022"
"","","","","","","","","","","","","","","","","","","","","","","","","","","","","","","","","","","","BD_ICV_2022"
"","","","","","","","","","","","","","","","","","","","","","","","","","","","","","","","","","","","BD_ICV_2022"
"","","","","","","","","","","","","","","","","","","","","","","","","","","","","","","","","","","","BD_ICV_2022"
"","","","","","","","","","","","","","","","","","","","","","","","","","","","","","","","","","","","BD_ICV_2022"
"","","","","","","","","","","","","","","","","","","","","","","","","","","","","","","","","","","","BD_ICV_2022"
"","","","","","","","","","","","","","","","","","","","","","","","","","","","","","","","","","","","BD_ICV_2022"
"","","","","","","","","","","","","","","","","","","","","","","","","","","","","","","","","","","","BD_ICV_2022"
"","","","","","","","","","","","","","","","","","","","","","","","","","","","","","","","","","","","BD_ICV_2022"
"","","","","","","","","","","","","","","","","","","","","","","","","","","","","","","","","","","","BD_ICV_2022"
"","","","","","","","","","","","","","","","","","","","","","","","","","","","","","","","","","","","BD_ICV_2022"
"","","","","","","","","","","","","","","","","","","","","","","","","","","","","","","","","","","","BD_ICV_2022"
"","","","","","","","","","","","","","","","","","","","","","","","","","","","","","","","","","","","BD_ICV_2022"
"","","","","","","","","","","","","","","","","","","","","","","","","","","","","","","","","","","","BD_ICV_2022"
"","","","","","","","","","","","","","","","","","","","","","","","","","","","","","","","","","","","BD_ICV_2022"
"","","","","","","","","","","","","","","","","","","","","","","","","","","","","","","","","","","","BD_ICV_2022"
"","","","","","","","","","","","","","","","","","","","","","","","","","","","","","","","","","","","BD_ICV_2022"
"","","","","","","","","","","","","","","","","","","","","","","","","","","","","","","","","","","","BD_ICV_2022"
"","","","","","","","","","","","","","","","","","","","","","","","","","","","","","","","","","","","BD_ICV_2022"
"","","","","","","","","","","","","","","","","","","","","","","","","","","","","","","","","","","","BD_ICV_2022"
"","","","","","","","","","","","","","","","","","","","","","","","","","","","","","","","","","","","BD_ICV_2022"
"","","","","","","","","","","","","","","","","","","","","","","","","","","","","","","","","","","","BD_ICV_2022"
"","","","","","","","","","","","","","","","","","","","","","","","","","","","","","","","","","","","BD_ICV_2022"
"","","","","","","","","","","","","","","","","","","","","","","","","","","","","","","","","","","","BD_ICV_2022"
"","","","","","","","","","","","","","","","","","","","","","","","","","","","","","","","","","","","BD_ICV_2022"
"","","","","","","","","","","","","","","","","","","","","","","","","","","","","","","","","","","","BD_ICV_2022"
"","","","","","","","","","","","","","","","","","","","","","","","","","","","","","","","","","","","BD_ICV_2022"
"","","","","","","","","","","","","","","","","","","","","","","","","","","","","","","","","","","","BD_ICV_2022"
"","","","","","","","","","","","","","","","","","","","","","","","","","","","","","","","","","","","BD_ICV_2022"
"","","","","","","","","","","","","","","","","","","","","","","","","","","","","","","","","","","","BD_ICV_2022"
"","","","","","","","","","","","","","","","","","","","","","","","","","","","","","","","","","","","BD_ICV_2022"
"","","","","","","","","","","","","","","","","","","","","","","","","","","","","","","","","","","","BD_ICV_2022"
"","","","","","","","","","","","","","","","","","","","","","","","","","","","","","","","","","","","BD_ICV_2022"
"","","","","","","","","","","","","","","","","","","","","","","","","","","","","","","","","","","","BD_ICV_2022"
"","","","","","","","","","","","","","","","","","","","","","","","","","","","","","","","","","","","BD_ICV_2022"
"","","","","","","","","","","","","","","","","","","","","","","","","","","","","","","","","","","","BD_ICV_2022"
"","","","","","","","","","","","","","","","","","","","","","","","","","","","","","","","","","","","BD_ICV_2022"
"","","","","","","","","","","","","","","","","","","","","","","","","","","","","","","","","","","","BD_ICV_2022"
"","","","","","","","","","","","","","","","","","","","","","","","","","","","","","","","","","","","BD_ICV_2022"
"","","","","","","","","","","","","","","","","","","","","","","","","","","","","","","","","","","","BD_ICV_2022"
"","","","","","","","","","","","","","","","","","","","","","","","","","","","","","","","","","","","BD_ICV_2022"
"","","","","","","","","","","","","","","","","","","","","","","","","","","","","","","","","","","","BD_ICV_2022"
"","","","","","","","","","","","","","","","","","","","","","","","","","","","","","","","","","","","BD_ICV_2022"
"","","","","","","","","","","","","","","","","","","","","","","","","","","","","","","","","","","","BD_ICV_2022"
"","","","","","","","","","","","","","","","","","","","","","","","","","","","","","","","","","","","BD_ICV_2022"
"","","","","","","","","","","","","","","","","","","","","","","","","","","","","","","","","","","","BD_ICV_2022"
"","","","","","","","","","","","","","","","","","","","","","","","","","","","","","","","","","","","BD_ICV_2022"
"","","","","","","","","","","","","","","","","","","","","","","","","","","","","","","","","","","","BD_ICV_2022"
"","","","","","","","","","","","","","","","","","","","","","","","","","","","","","","","","","","","BD_ICV_2022"
"","","","","","","","","","","","","","","","","","","","","","","","","","","","","","","","","","","","BD_ICV_2022"
"","","","","","","","","","","","","","","","","","","","","","","","","","","","","","","","","","","","BD_ICV_2022"
"","","","","","","","","","","","","","","","","","","","","","","","","","","","","","","","","","","","BD_ICV_2022"
"","","","","","","","","","","","","","","","","","","","","","","","","","","","","","","","","","","","BD_ICV_2022"
"","","","","","","","","","","","","","","","","","","","","","","","","","","","","","","","","","","","BD_ICV_2022"
"","","","","","","","","","","","","","","","","","","","","","","","","","","","","","","","","","","","BD_ICV_2022"
"","","","","","","","","","","","","","","","","","","","","","","","","","","","","","","","","","","","BD_ICV_2022"
"","","","","","","","","","","","","","","","","","","","","","","","","","","","","","","","","","","","BD_ICV_2022"
"","","","","","","","","","","","","","","","","","","","","","","","","","","","","","","","","","","","BD_ICV_2022"
"","","","","","","","","","","","","","","","","","","","","","","","","","","","","","","","","","","","BD_ICV_2022"
"","","","","","","","","","","","","","","","","","","","","","","","","","","","","","","","","","","","BD_ICV_2022"
"","","","","","","","","","","","","","","","","","","","","","","","","","","","","","","","","","","","BD_ICV_2022"
"","","","","","","","","","","","","","","","","","","","","","","","","","","","","","","","","","","","BD_ICV_2022"
"","","","","","","","","","","","","","","","","","","","","","","","","","","","","","","","","","","","BD_ICV_2022"
"","","","","","","","","","","","","","","","","","","","","","","","","","","","","","","","","","","","BD_ICV_2022"
"","","","","","","","","","","","","","","","","","","","","","","","","","","","","","","","","","","","BD_ICV_2022"
"","","","","","","","","","","","","","","","","","","","","","","","","","","","","","","","","","","","BD_ICV_2022"
"","","","","","","","","","","","","","","","","","","","","","","","","","","","","","","","","","","","BD_ICV_2022"
"","","","","","","","","","","","","","","","","","","","","","","","","","","","","","","","","","","","BD_ICV_2022"
"","","","","","","","","","","","","","","","","","","","","","","","","","","","","","","","","","","","BD_ICV_2022"
"","","","","","","","","","","","","","","","","","","","","","","","","","","","","","","","","","","","BD_ICV_2022"
"","","","","","","","","","","","","","","","","","","","","","","","","","","","","","","","","","","","BD_ICV_2022"
"","","","","","","","","","","","","","","","","","","","","","","","","","","","","","","","","","","","BD_ICV_2022"
"","","","","","","","","","","","","","","","","","","","","","","","","","","","","","","","","","","","BD_ICV_2022"
"","","","","","","","","","","","","","","","","","","","","","","","","","","","","","","","","","","","BD_ICV_2022"
"","","","","","","","","","","","","","","","","","","","","","","","","","","","","","","","","","","","BD_ICV_2022"
"","","","","","","","","","","","","","","","","","","","","","","","","","","","","","","","","","","","BD_ICV_2022"
"","","","","","","","","","","","","","","","","","","","","","","","","","","","","","","","","","","","BD_ICV_2022"
"","","","","","","","","","","","","","","","","","","","","","","","","","","","","","","","","","","","BD_ICV_2022"
"","","","","","","","","","","","","","","","","","","","","","","","","","","","","","","","","","","","BD_ICV_2022"
"","","","","","","","","","","","","","","","","","","","","","","","","","","","","","","","","","","","BD_ICV_2022"
"","","","","","","","","","","","","","","","","","","","","","","","","","","","","","","","","","","","BD_ICV_2022"
"","","","","","","","","","","","","","","","","","","","","","","","","","","","","","","","","","","","BD_ICV_2022"
"","","","","","","","","","","","","","","","","","","","","","","","","","","","","","","","","","","","BD_ICV_2022"
"","","","","","","","","","","","","","","","","","","","","","","","","","","","","","","","","","","","BD_ICV_2022"
"","","","","","","","","","","","","","","","","","","","","","","","","","","","","","","","","","","","BD_ICV_2022"
"","","","","","","","","","","","","","","","","","","","","","","","","","","","","","","","","","","","BD_ICV_2022"
"","","","","","","","","","","","","","","","","","","","","","","","","","","","","","","","","","","","BD_ICV_2022"
"","","","","","","","","","","","","","","","","","","","","","","","","","","","","","","","","","","","BD_ICV_2022"
"","","","","","","","","","","","","","","","","","","","","","","","","","","","","","","","","","","","BD_ICV_2022"
"","","","","","","","","","","","","","","","","","","","","","","","","","","","","","","","","","","","BD_ICV_2022"
"","","","","","","","","","","","","","","","","","","","","","","","","","","","","","","","","","","","BD_ICV_2022"
"","","","","","","","","","","","","","","","","","","","","","","","","","","","","","","","","","","","BD_ICV_2022"
"","","","","","","","","","","","","","","","","","","","","","","","","","","","","","","","","","","","BD_ICV_2022"
"","","","","","","","","","","","","","","","","","","","","","","","","","","","","","","","","","","","BD_ICV_2022"
"","","","","","","","","","","","","","","","","","","","","","","","","","","","","","","","","","","","BD_ICV_2022"
"","","","","","","","","","","","","","","","","","","","","","","","","","","","","","","","","","","","BD_ICV_2022"
"","","","","","","","","","","","","","","","","","","","","","","","","","","","","","","","","","","","BD_ICV_2022"
"","","","","","","","","","","","","","","","","","","","","","","","","","","","","","","","","","","","BD_ICV_2022"
"","","","","","","","","","","","","","","","","","","","","","","","","","","","","","","","","","","","BD_ICV_2022"
"","","","","","","","","","","","","","","","","","","","","","","","","","","","","","","","","","","","BD_ICV_2022"
"","","","","","","","","","","","","","","","","","","","","","","","","","","","","","","","","","","","BD_ICV_2022"
"","","","","","","","","","","","","","","","","","","","","","","","","","","","","","","","","","","","BD_ICV_2022"
"","","","","","","","","","","","","","","","","","","","","","","","","","","","","","","","","","","","BD_ICV_2022"
"","","","","","","","","","","","","","","","","","","","","","","","","","","","","","","","","","","","BD_ICV_2022"
"","","","","","","","","","","","","","","","","","","","","","","","","","","","","","","","","","","","BD_ICV_2022"
"","","","","","","","","","","","","","","","","","","","","","","","","","","","","","","","","","","","BD_ICV_2022"
"","","","","","","","","","","","","","","","","","","","","","","","","","","","","","","","","","","","BD_ICV_2022"
"","","","","","","","","","","","","","","","","","","","","","","","","","","","","","","","","","","","BD_ICV_2022"
"","","","","","","","","","","","","","","","","","","","","","","","","","","","","","","","","","","","BD_ICV_2022"
"","","","","","","","","","","","","","","","","","","","","","","","","","","","","","","","","","","","BD_ICV_2022"
"","","","","","","","","","","","","","","","","","","","","","","","","","","","","","","","","","","","BD_ICV_2022"
"","","","","","","","","","","","","","","","","","","","","","","","","","","","","","","","","","","","BD_ICV_2022"
"","","","","","","","","","","","","","","","","","","","","","","","","","","","","","","","","","","","BD_ICV_2022"
"","","","","","","","","","","","","","","","","","","","","","","","","","","","","","","","","","","","BD_ICV_2022"
"","","","","","","","","","","","","","","","","","","","","","","","","","","","","","","","","","","","BD_ICV_2022"
"","","","","","","","","","","","","","","","","","","","","","","","","","","","","","","","","","","","BD_ICV_2022"
"","","","","","","","","","","","","","","","","","","","","","","","","","","","","","","","","","","","BD_ICV_2022"
"","","","","","","","","","","","","","","","","","","","","","","","","","","","","","","","","","","","BD_ICV_2022"
"","","","","","","","","","","","","","","","","","","","","","","","","","","","","","","","","","","","BD_ICV_2022"
"","","","","","","","","","","","","","","","","","","","","","","","","","","","","","","","","","","","BD_ICV_2022"
"","","","","","","","","","","","","","","","","","","","","","","","","","","","","","","","","","","","BD_ICV_2022"
"","","","","","","","","","","","","","","","","","","","","","","","","","","","","","","","","","","","BD_ICV_2022"
"","","","","","","","","","","","","","","","","","","","","","","","","","","","","","","","","","","","BD_ICV_2022"
"","","","","","","","","","","","","","","","","","","","","","","","","","","","","","","","","","","","BD_ICV_2022"
"","","","","","","","","","","","","","","","","","","","","","","","","","","","","","","","","","","","BD_ICV_2022"
"","","","","","","","","","","","","","","","","","","","","","","","","","","","","","","","","","","","BD_ICV_2022"
"","","","","","","","","","","","","","","","","","","","","","","","","","","","","","","","","","","","BD_ICV_2022"
"","","","","","","","","","","","","","","","","","","","","","","","","","","","","","","","","","","","BD_ICV_2022"
"","","","","","","","","","","","","","","","","","","","","","","","","","","","","","","","","","","","BD_ICV_2022"
"","","","","","","","","","","","","","","","","","","","","","","","","","","","","","","","","","","","BD_ICV_2022"
"","","","","","","","","","","","","","","","","","","","","","","","","","","","","","","","","","","","BD_ICV_2022"
"","","","","","","","","","","","","","","","","","","","","","","","","","","","","","","","","","","","BD_ICV_2022"
"","","","","","","","","","","","","","","","","","","","","","","","","","","","","","","","","","","","BD_ICV_2022"
"","","","","","","","","","","","","","","","","","","","","","","","","","","","","","","","","","","","BD_ICV_2022"
"","","","","","","","","","","","","","","","","","","","","","","","","","","","","","","","","","","","BD_ICV_2022"
"","","","","","","","","","","","","","","","","","","","","","","","","","","","","","","","","","","","BD_ICV_2022"
"","","","","","","","","","","","","","","","","","","","","","","","","","","","","","","","","","","","BD_ICV_2022"
"","","","","","","","","","","","","","","","","","","","","","","","","","","","","","","","","","","","BD_ICV_2022"
"","","","","","","","","","","","","","","","","","","","","","","","","","","","","","","","","","","","BD_ICV_2022"
"","","","","","","","","","","","","","","","","","","","","","","","","","","","","","","","","","","","BD_ICV_2022"
"","","","","","","","","","","","","","","","","","","","","","","","","","","","","","","","","","","","BD_ICV_2022"
"","","","","","","","","","","","","","","","","","","","","","","","","","","","","","","","","","","","BD_ICV_2022"
"","","","","","","","","","","","","","","","","","","","","","","","","","","","","","","","","","","","BD_ICV_2022"
"","","","","","","","","","","","","","","","","","","","","","","","","","","","","","","","","","","","BD_ICV_2022"
"","","","","","","","","","","","","","","","","","","","","","","","","","","","","","","","","","","","BD_ICV_2022"
"","","","","","","","","","","","","","","","","","","","","","","","","","","","","","","","","","","","BD_ICV_2022"
"","","","","","","","","","","","","","","","","","","","","","","","","","","","","","","","","","","","BD_ICV_2022"
"","","","","","","","","","","","","","","","","","","","","","","","","","","","","","","","","","","","BD_ICV_2022"
"","","","","","","","","","","","","","","","","","","","","","","","","","","","","","","","","","","","BD_ICV_2022"
"","","","","","","","","","","","","","","","","","","","","","","","","","","","","","","","","","","","BD_ICV_2022"
"","","","","","","","","","","","","","","","","","","","","","","","","","","","","","","","","","","","BD_ICV_2022"
"","","","","","","","","","","","","","","","","","","","","","","","","","","","","","","","","","","","BD_ICV_2022"
"","","","","","","","","","","","","","","","","","","","","","","","","","","","","","","","","","","","BD_ICV_2022"
"","","","","","","","","","","","","","","","","","","","","","","","","","","","","","","","","","","","BD_ICV_2022"
"","","","","","","","","","","","","","","","","","","","","","","","","","","","","","","","","","","","BD_ICV_2022"
"","","","","","","","","","","","","","","","","","","","","","","","","","","","","","","","","","","","BD_ICV_2022"
"","","","","","","","","","","","","","","","","","","","","","","","","","","","","","","","","","","","BD_ICV_2022"
"","","","","","","","","","","","","","","","","","","","","","","","","","","","","","","","","","","","BD_ICV_2022"
"","","","","","","","","","","","","","","","","","","","","","","","","","","","","","","","","","","","BD_ICV_2022"
"","","","","","","","","","","","","","","","","","","","","","","","","","","","","","","","","","","","BD_ICV_2022"
"","","","","","","","","","","","","","","","","","","","","","","","","","","","","","","","","","","","BD_ICV_2022"
"","","","","","","","","","","","","","","","","","","","","","","","","","","","","","","","","","","","BD_ICV_2022"
"","","","","","","","","","","","","","","","","","","","","","","","","","","","","","","","","","","","BD_ICV_2022"
"","","","","","","","","","","","","","","","","","","","","","","","","","","","","","","","","","","","BD_ICV_2022"
"","","","","","","","","","","","","","","","","","","","","","","","","","","","","","","","","","","","BD_ICV_2022"
"","","","","","","","","","","","","","","","","","","","","","","","","","","","","","","","","","","","BD_ICV_2022"
"","","","","","","","","","","","","","","","","","","","","","","","","","","","","","","","","","","","BD_ICV_2022"
"","","","","","","","","","","","","","","","","","","","","","","","","","","","","","","","","","","","BD_ICV_2022"
"","","","","","","","","","","","","","","","","","","","","","","","","","","","","","","","","","","","BD_ICV_2022"
"","","","","","","","","","","","","","","","","","","","","","","","","","","","","","","","","","","","BD_ICV_2022"
"","","","","","","","","","","","","","","","","","","","","","","","","","","","","","","","","","","","BD_ICV_2022"
"","","","","","","","","","","","","","","","","","","","","","","","","","","","","","","","","","","","BD_ICV_2022"
"","","","","","","","","","","","","","","","","","","","","","","","","","","","","","","","","","","","BD_ICV_2022"
"","","","","","","","","","","","","","","","","","","","","","","","","","","","","","","","","","","","BD_ICV_2022"
"","","","","","","","","","","","","","","","","","","","","","","","","","","","","","","","","","","","BD_ICV_2022"
"","","","","","","","","","","","","","","","","","","","","","","","","","","","","","","","","","","","BD_ICV_2022"
"","","","","","","","","","","","","","","","","","","","","","","","","","","","","","","","","","","","BD_ICV_2022"
"","","","","","","","","","","","","","","","","","","","","","","","","","","","","","","","","","","","BD_ICV_2022"
"","","","","","","","","","","","","","","","","","","","","","","","","","","","","","","","","","","","BD_ICV_2022"
"","","","","","","","","","","","","","","","","","","","","","","","","","","","","","","","","","","","BD_ICV_2022"
"","","","","","","","","","","","","","","","","","","","","","","","","","","","","","","","","","","","BD_ICV_2022"
"","","","","","","","","","","","","","","","","","","","","","","","","","","","","","","","","","","","BD_ICV_2022"
"","","","","","","","","","","","","","","","","","","","","","","","","","","","","","","","","","","","BD_ICV_2022"
"","","","","","","","","","","","","","","","","","","","","","","","","","","","","","","","","","","","BD_ICV_2022"
"","","","","","","","","","","","","","","","","","","","","","","","","","","","","","","","","","","","BD_ICV_2022"
"","","","","","","","","","","","","","","","","","","","","","","","","","","","","","","","","","","","BD_ICV_2022"
"","","","","","","","","","","","","","","","","","","","","","","","","","","","","","","","","","","","BD_ICV_2022"
"","","","","","","","","","","","","","","","","","","","","","","","","","","","","","","","","","","","BD_ICV_2022"
"","","","","","","","","","","","","","","","","","","","","","","","","","","","","","","","","","","","BD_ICV_2022"
"","","","","","","","","","","","","","","","","","","","","","","","","","","","","","","","","","","","BD_ICV_2022"
"","","","","","","","","","","","","","","","","","","","","","","","","","","","","","","","","","","","BD_ICV_2022"
"","","","","","","","","","","","","","","","","","","","","","","","","","","","","","","","","","","","BD_ICV_2022"
"","","","","","","","","","","","","","","","","","","","","","","","","","","","","","","","","","","","BD_ICV_2022"
"","","","","","","","","","","","","","","","","","","","","","","","","","","","","","","","","","","","BD_ICV_2022"
"","","","","","","","","","","","","","","","","","","","","","","","","","","","","","","","","","","","BD_ICV_2022"
"","","","","","","","","","","","","","","","","","","","","","","","","","","","","","","","","","","","BD_ICV_2022"
"","","","","","","","","","","","","","","","","","","","","","","","","","","","","","","","","","","","BD_ICV_2022"
"","","","","","","","","","","","","","","","","","","","","","","","","","","","","","","","","","","","BD_ICV_2022"
"","","","","","","","","","","","","","","","","","","","","","","","","","","","","","","","","","","","BD_ICV_2022"
"","","","","","","","","","","","","","","","","","","","","","","","","","","","","","","","","","","","BD_ICV_2022"
"","","","","","","","","","","","","","","","","","","","","","","","","","","","","","","","","","","","BD_ICV_2022"
"","","","","","","","","","","","","","","","","","","","","","","","","","","","","","","","","","","","BD_ICV_2022"
"","","","","","","","","","","","","","","","","","","","","","","","","","","","","","","","","","","","BD_ICV_2022"
"","","","","","","","","","","","","","","","","","","","","","","","","","","","","","","","","","","","BD_ICV_2022"
"","","","","","","","","","","","","","","","","","","","","","","","","","","","","","","","","","","","BD_ICV_2022"
"","","","","","","","","","","","","","","","","","","","","","","","","","","","","","","","","","","","BD_ICV_2022"
"","","","","","","","","","","","","","","","","","","","","","","","","","","","","","","","","","","","BD_ICV_2022"
"","","","","","","","","","","","","","","","","","","","","","","","","","","","","","","","","","","","BD_ICV_2022"
"","","","","","","","","","","","","","","","","","","","","","","","","","","","","","","","","","","","BD_ICV_2022"
"","","","","","","","","","","","","","","","","","","","","","","","","","","","","","","","","","","","BD_ICV_2022"
"","","","","","","","","","","","","","","","","","","","","","","","","","","","","","","","","","","","BD_ICV_2022"
"","","","","","","","","","","","","","","","","","","","","","","","","","","","","","","","","","","","BD_ICV_2022"
"","","","","","","","","","","","","","","","","","","","","","","","","","","","","","","","","","","","BD_ICV_2022"
"","","","","","","","","","","","","","","","","","","","","","","","","","","","","","","","","","","","BD_ICV_2022"
"","","","","","","","","","","","","","","","","","","","","","","","","","","","","","","","","","","","BD_ICV_2022"
"","","","","","","","","","","","","","","","","","","","","","","","","","","","","","","","","","","","BD_ICV_2022"
"","","","","","","","","","","","","","","","","","","","","","","","","","","","","","","","","","","","BD_ICV_2022"
"","","","","","","","","","","","","","","","","","","","","","","","","","","","","","","","","","","","BD_ICV_2022"
"","","","","","","","","","","","","","","","","","","","","","","","","","","","","","","","","","","","BD_ICV_2022"
"","","","","","","","","","","","","","","","","","","","","","","","","","","","","","","","","","","","BD_ICV_2022"
"","","","","","","","","","","","","","","","","","","","","","","","","","","","","","","","","","","","BD_ICV_2022"
"","","","","","","","","","","","","","","","","","","","","","","","","","","","","","","","","","","","BD_ICV_2022"
"","","","","","","","","","","","","","","","","","","","","","","","","","","","","","","","","","","","BD_ICV_2022"
"","","","","","","","","","","","","","","","","","","","","","","","","","","","","","","","","","","","BD_ICV_2022"
"","","","","","","","","","","","","","","","","","","","","","","","","","","","","","","","","","","","BD_ICV_2022"
"","","","","","","","","","","","","","","","","","","","","","","","","","","","","","","","","","","","BD_ICV_2022"
"","","","","","","","","","","","","","","","","","","","","","","","","","","","","","","","","","","","BD_ICV_2022"
"","","","","","","","","","","","","","","","","","","","","","","","","","","","","","","","","","","","BD_ICV_2022"
"","","","","","","","","","","","","","","","","","","","","","","","","","","","","","","","","","","","BD_ICV_2022"
"","","","","","","","","","","","","","","","","","","","","","","","","","","","","","","","","","","","BD_ICV_2022"
"","","","","","","","","","","","","","","","","","","","","","","","","","","","","","","","","","","","BD_ICV_2022"
"","","","","","","","","","","","","","","","","","","","","","","","","","","","","","","","","","","","BD_ICV_2022"
"","","","","","","","","","","","","","","","","","","","","","","","","","","","","","","","","","","","BD_ICV_2022"
"","","","","","","","","","","","","","","","","","","","","","","","","","","","","","","","","","","","BD_ICV_2022"
"","","","","","","","","","","","","","","","","","","","","","","","","","","","","","","","","","","","BD_ICV_2022"
"","","","","","","","","","","","","","","","","","","","","","","","","","","","","","","","","","","","BD_ICV_2022"
"","","","","","","","","","","","","","","","","","","","","","","","","","","","","","","","","","","","BD_ICV_2022"
"","","","","","","","","","","","","","","","","","","","","","","","","","","","","","","","","","","","BD_ICV_2022"
"","","","","","","","","","","","","","","","","","","","","","","","","","","","","","","","","","","","BD_ICV_2022"
"","","","","","","","","","","","","","","","","","","","","","","","","","","","","","","","","","","","BD_ICV_2022"
"","","","","","","","","","","","","","","","","","","","","","","","","","","","","","","","","","","","BD_ICV_2022"
"","","","","","","","","","","","","","","","","","","","","","","","","","","","","","","","","","","","BD_ICV_2022"
"","","","","","","","","","","","","","","","","","","","","","","","","","","","","","","","","","","","BD_ICV_2022"
"","","","","","","","","","","","","","","","","","","","","","","","","","","","","","","","","","","","BD_ICV_2022"
"","","","","","","","","","","","","","","","","","","","","","","","","","","","","","","","","","","","BD_ICV_2022"
"","","","","","","","","","","","","","","","","","","","","","","","","","","","","","","","","","","","BD_ICV_2022"
"","","","","","","","","","","","","","","","","","","","","","","","","","","","","","","","","","","","BD_ICV_2022"
"","","","","","","","","","","","","","","","","","","","","","","","","","","","","","","","","","","","BD_ICV_2022"
"","","","","","","","","","","","","","","","","","","","","","","","","","","","","","","","","","","","BD_ICV_2022"
"","","","","","","","","","","","","","","","","","","","","","","","","","","","","","","","","","","","BD_ICV_2022"
"","","","","","","","","","","","","","","","","","","","","","","","","","","","","","","","","","","","BD_ICV_2022"
"","","","","","","","","","","","","","","","","","","","","","","","","","","","","","","","","","","","BD_ICV_2022"
"","","","","","","","","","","","","","","","","","","","","","","","","","","","","","","","","","","","BD_ICV_2022"
"","","","","","","","","","","","","","","","","","","","","","","","","","","","","","","","","","","","BD_ICV_2022"
"","","","","","","","","","","","","","","","","","","","","","","","","","","","","","","","","","","","BD_ICV_2022"
"","","","","","","","","","","","","","","","","","","","","","","","","","","","","","","","","","","","BD_ICV_2022"
"","","","","","","","","","","","","","","","","","","","","","","","","","","","","","","","","","","","BD_ICV_2022"
"","","","","","","","","","","","","","","","","","","","","","","","","","","","","","","","","","","","BD_ICV_2022"
"","","","","","","","","","","","","","","","","","","","","","","","","","","","","","","","","","","","BD_ICV_2022"
"","","","","","","","","","","","","","","","","","","","","","","","","","","","","","","","","","","","BD_ICV_2022"
"","","","","","","","","","","","","","","","","","","","","","","","","","","","","","","","","","","","BD_ICV_2022"
"","","","","","","","","","","","","","","","","","","","","","","","","","","","","","","","","","","","BD_ICV_2022"
"","","","","","","","","","","","","","","","","","","","","","","","","","","","","","","","","","","","BD_ICV_2022"
"","","","","","","","","","","","","","","","","","","","","","","","","","","","","","","","","","","","BD_ICV_2022"
"","","","","","","","","","","","","","","","","","","","","","","","","","","","","","","","","","","","BD_ICV_2022"
"","","","","","","","","","","","","","","","","","","","","","","","","","","","","","","","","","","","BD_ICV_2022"
"","","","","","","","","","","","","","","","","","","","","","","","","","","","","","","","","","","","BD_ICV_2022"
"","","","","","","","","","","","","","","","","","","","","","","","","","","","","","","","","","","","BD_ICV_2022"
"","","","","","","","","","","","","","","","","","","","","","","","","","","","","","","","","","","","BD_ICV_2022"
"","","","","","","","","","","","","","","","","","","","","","","","","","","","","","","","","","","","BD_ICV_2022"
"","","","","","","","","","","","","","","","","","","","","","","","","","","","","","","","","","","","BD_ICV_2022"
"","","","","","","","","","","","","","","","","","","","","","","","","","","","","","","","","","","","BD_ICV_2022"
"","","","","","","","","","","","","","","","","","","","","","","","","","","","","","","","","","","","BD_ICV_2022"
"","","","","","","","","","","","","","","","","","","","","","","","","","","","","","","","","","","","BD_ICV_2022"
"","","","","","","","","","","","","","","","","","","","","","","","","","","","","","","","","","","","BD_ICV_2022"
"","","","","","","","","","","","","","","","","","","","","","","","","","","","","","","","","","","","BD_ICV_2022"
"","","","","","","","","","","","","","","","","","","","","","","","","","","","","","","","","","","","BD_ICV_2022"
"","","","","","","","","","","","","","","","","","","","","","","","","","","","","","","","","","","","BD_ICV_2022"
"","","","","","","","","","","","","","","","","","","","","","","","","","","","","","","","","","","","BD_ICV_2022"
"","","","","","","","","","","","","","","","","","","","","","","","","","","","","","","","","","","","BD_ICV_2022"
"","","","","","","","","","","","","","","","","","","","","","","","","","","","","","","","","","","","BD_ICV_2022"
"","","","","","","","","","","","","","","","","","","","","","","","","","","","","","","","","","","","BD_ICV_2022"
"","","","","","","","","","","","","","","","","","","","","","","","","","","","","","","","","","","","BD_ICV_2022"
"","","","","","","","","","","","","","","","","","","","","","","","","","","","","","","","","","","","BD_ICV_2022"
"","","","","","","","","","","","","","","","","","","","","","","","","","","","","","","","","","","","BD_ICV_2022"
"","","","","","","","","","","","","","","","","","","","","","","","","","","","","","","","","","","","BD_ICV_2022"
"","","","","","","","","","","","","","","","","","","","","","","","","","","","","","","","","","","","BD_ICV_2022"
"","","","","","","","","","","","","","","","","","","","","","","","","","","","","","","","","","","","BD_ICV_2022"
"","","","","","","","","","","","","","","","","","","","","","","","","","","","","","","","","","","","BD_ICV_2022"
"","","","","","","","","","","","","","","","","","","","","","","","","","","","","","","","","","","","BD_ICV_2022"
"","","","","","","","","","","","","","","","","","","","","","","","","","","","","","","","","","","","BD_ICV_2022"
"","","","","","","","","","","","","","","","","","","","","","","","","","","","","","","","","","","","BD_ICV_2022"
"","","","","","","","","","","","","","","","","","","","","","","","","","","","","","","","","","","","BD_ICV_2022"
"","","","","","","","","","","","","","","","","","","","","","","","","","","","","","","","","","","","BD_ICV_2022"
"","","","","","","","","","","","","","","","","","","","","","","","","","","","","","","","","","","","BD_ICV_2022"
"","","","","","","","","","","","","","","","","","","","","","","","","","","","","","","","","","","","BD_ICV_2022"
"","","","","","","","","","","","","","","","","","","","","","","","","","","","","","","","","","","","BD_ICV_2022"
"","","","","","","","","","","","","","","","","","","","","","","","","","","","","","","","","","","","BD_ICV_2022"
"","","","","","","","","","","","","","","","","","","","","","","","","","","","","","","","","","","","BD_ICV_2022"
"","","","","","","","","","","","","","","","","","","","","","","","","","","","","","","","","","","","BD_ICV_2022"
"","","","","","","","","","","","","","","","","","","","","","","","","","","","","","","","","","","","BD_ICV_2022"
"","","","","","","","","","","","","","","","","","","","","","","","","","","","","","","","","","","","BD_ICV_2022"
"","","","","","","","","","","","","","","","","","","","","","","","","","","","","","","","","","","","BD_ICV_2022"
"","","","","","","","","","","","","","","","","","","","","","","","","","","","","","","","","","","","BD_ICV_2022"
"","","","","","","","","","","","","","","","","","","","","","","","","","","","","","","","","","","","BD_ICV_2022"
"","","","","","","","","","","","","","","","","","","","","","","","","","","","","","","","","","","","BD_ICV_2022"
"","","","","","","","","","","","","","","","","","","","","","","","","","","","","","","","","","","","BD_ICV_2022"
"","","","","","","","","","","","","","","","","","","","","","","","","","","","","","","","","","","","BD_ICV_2022"
"","","","","","","","","","","","","","","","","","","","","","","","","","","","","","","","","","","","BD_ICV_2022"
"","","","","","","","","","","","","","","","","","","","","","","","","","","","","","","","","","","","BD_ICV_2022"
"","","","","","","","","","","","","","","","","","","","","","","","","","","","","","","","","","","","BD_ICV_2022"
"","","","","","","","","","","","","","","","","","","","","","","","","","","","","","","","","","","","BD_ICV_2022"
"","","","","","","","","","","","","","","","","","","","","","","","","","","","","","","","","","","","BD_ICV_2022"
"","","","","","","","","","","","","","","","","","","","","","","","","","","","","","","","","","","","BD_ICV_2022"
"","","","","","","","","","","","","","","","","","","","","","","","","","","","","","","","","","","","BD_ICV_2022"
"","","","","","","","","","","","","","","","","","","","","","","","","","","","","","","","","","","","BD_ICV_2022"
"","","","","","","","","","","","","","","","","","","","","","","","","","","","","","","","","","","","BD_ICV_2022"
"","","","","","","","","","","","","","","","","","","","","","","","","","","","","","","","","","","","BD_ICV_2022"
"","","","","","","","","","","","","","","","","","","","","","","","","","","","","","","","","","","","BD_ICV_2022"
"","","","","","","","","","","","","","","","","","","","","","","","","","","","","","","","","","","","BD_ICV_2022"
"","","","","","","","","","","","","","","","","","","","","","","","","","","","","","","","","","","","BD_ICV_2022"
"","","","","","","","","","","","","","","","","","","","","","","","","","","","","","","","","","","","BD_ICV_2022"
"","","","","","","","","","","","","","","","","","","","","","","","","","","","","","","","","","","","BD_ICV_2022"
"","","","","","","","","","","","","","","","","","","","","","","","","","","","","","","","","","","","BD_ICV_2022"
"","","","","","","","","","","","","","","","","","","","","","","","","","","","","","","","","","","","BD_ICV_2022"
"","","","","","","","","","","","","","","","","","","","","","","","","","","","","","","","","","","","BD_ICV_2022"
"","","","","","","","","","","","","","","","","","","","","","","","","","","","","","","","","","","","BD_ICV_2022"
"","","","","","","","","","","","","","","","","","","","","","","","","","","","","","","","","","","","BD_ICV_2022"
"","","","","","","","","","","","","","","","","","","","","","","","","","","","","","","","","","","","BD_ICV_2022"
"","","","","","","","","","","","","","","","","","","","","","","","","","","","","","","","","","","","BD_ICV_2022"
"","","","","","","","","","","","","","","","","","","","","","","","","","","","","","","","","","","","BD_ICV_2022"
"","","","","","","","","","","","","","","","","","","","","","","","","","","","","","","","","","","","BD_ICV_2022"
"","","","","","","","","","","","","","","","","","","","","","","","","","","","","","","","","","","","BD_ICV_2022"
"","","","","","","","","","","","","","","","","","","","","","","","","","","","","","","","","","","","BD_ICV_2022"
"","","","","","","","","","","","","","","","","","","","","","","","","","","","","","","","","","","","BD_ICV_2022"
"","","","","","","","","","","","","","","","","","","","","","","","","","","","","","","","","","","","BD_ICV_2022"
"","","","","","","","","","","","","","","","","","","","","","","","","","","","","","","","","","","","BD_ICV_2022"
"","","","","","","","","","","","","","","","","","","","","","","","","","","","","","","","","","","","BD_ICV_2022"
"","","","","","","","","","","","","","","","","","","","","","","","","","","","","","","","","","","","BD_ICV_2022"
"","","","","","","","","","","","","","","","","","","","","","","","","","","","","","","","","","","","BD_ICV_2022"
"","","","","","","","","","","","","","","","","","","","","","","","","","","","","","","","","","","","BD_ICV_2022"
"","","","","","","","","","","","","","","","","","","","","","","","","","","","","","","","","","","","BD_ICV_2022"
"","","","","","","","","","","","","","","","","","","","","","","","","","","","","","","","","","","","BD_ICV_2022"
"","","","","","","","","","","","","","","","","","","","","","","","","","","","","","","","","","","","BD_ICV_2022"
"","","","","","","","","","","","","","","","","","","","","","","","","","","","","","","","","","","","BD_ICV_2022"
"","","","","","","","","","","","","","","","","","","","","","","","","","","","","","","","","","","","BD_ICV_2022"
"","","","","","","","","","","","","","","","","","","","","","","","","","","","","","","","","","","","BD_ICV_2022"
"","","","","","","","","","","","","","","","","","","","","","","","","","","","","","","","","","","","BD_ICV_2022"
"","","","","","","","","","","","","","","","","","","","","","","","","","","","","","","","","","","","BD_ICV_2022"
"","","","","","","","","","","","","","","","","","","","","","","","","","","","","","","","","","","","BD_ICV_2022"
"","","","","","","","","","","","","","","","","","","","","","","","","","","","","","","","","","","","BD_ICV_2022"
"","","","","","","","","","","","","","","","","","","","","","","","","","","","","","","","","","","","BD_ICV_2022"
"","","","","","","","","","","","","","","","","","","","","","","","","","","","","","","","","","","","BD_ICV_2022"
"","","","","","","","","","","","","","","","","","","","","","","","","","","","","","","","","","","","BD_ICV_2022"
"","","","","","","","","","","","","","","","","","","","","","","","","","","","","","","","","","","","BD_ICV_2022"
"","","","","","","","","","","","","","","","","","","","","","","","","","","","","","","","","","","","BD_ICV_2022"
"","","","","","","","","","","","","","","","","","","","","","","","","","","","","","","","","","","","BD_ICV_2022"
"","","","","","","","","","","","","","","","","","","","","","","","","","","","","","","","","","","","BD_ICV_2022"
"","","","","","","","","","","","","","","","","","","","","","","","","","","","","","","","","","","","BD_ICV_2022"
"","","","","","","","","","","","","","","","","","","","","","","","","","","","","","","","","","","","BD_ICV_2022"
"","","","","","","","","","","","","","","","","","","","","","","","","","","","","","","","","","","","BD_ICV_2022"
"","","","","","","","","","","","","","","","","","","","","","","","","","","","","","","","","","","","BD_ICV_2022"
"","","","","","","","","","","","","","","","","","","","","","","","","","","","","","","","","","","","BD_ICV_2022"
"","","","","","","","","","","","","","","","","","","","","","","","","","","","","","","","","","","","BD_ICV_2022"
"","","","","","","","","","","","","","","","","","","","","","","","","","","","","","","","","","","","BD_ICV_2022"
"","","","","","","","","","","","","","","","","","","","","","","","","","","","","","","","","","","","BD_ICV_2022"
"","","","","","","","","","","","","","","","","","","","","","","","","","","","","","","","","","","","BD_ICV_2022"
"","","","","","","","","","","","","","","","","","","","","","","","","","","","","","","","","","","","BD_ICV_2022"
"","","","","","","","","","","","","","","","","","","","","","","","","","","","","","","","","","","","BD_ICV_2022"
"","","","","","","","","","","","","","","","","","","","","","","","","","","","","","","","","","","","BD_ICV_2022"
"","","","","","","","","","","","","","","","","","","","","","","","","","","","","","","","","","","","BD_ICV_2022"
"","","","","","","","","","","","","","","","","","","","","","","","","","","","","","","","","","","","BD_ICV_2022"
"","","","","","","","","","","","","","","","","","","","","","","","","","","","","","","","","","","","BD_ICV_2022"
"","","","","","","","","","","","","","","","","","","","","","","","","","","","","","","","","","","","BD_ICV_2022"
"","","","","","","","","","","","","","","","","","","","","","","","","","","","","","","","","","","","BD_ICV_2022"
"","","","","","","","","","","","","","","","","","","","","","","","","","","","","","","","","","","","BD_ICV_2022"
"","","","","","","","","","","","","","","","","","","","","","","","","","","","","","","","","","","","BD_ICV_2022"
"","","","","","","","","","","","","","","","","","","","","","","","","","","","","","","","","","","","BD_ICV_2022"
"","","","","","","","","","","","","","","","","","","","","","","","","","","","","","","","","","","","BD_ICV_2022"
"","","","","","","","","","","","","","","","","","","","","","","","","","","","","","","","","","","","BD_ICV_2022"
"","","","","","","","","","","","","","","","","","","","","","","","","","","","","","","","","","","","BD_ICV_2022"
"","","","","","","","","","","","","","","","","","","","","","","","","","","","","","","","","","","","BD_ICV_2022"
"","","","","","","","","","","","","","","","","","","","","","","","","","","","","","","","","","","","BD_ICV_2022"
"","","","","","","","","","","","","","","","","","","","","","","","","","","","","","","","","","","","BD_ICV_2022"
"","","","","","","","","","","","","","","","","","","","","","","","","","","","","","","","","","","","BD_ICV_2022"
"","","","","","","","","","","","","","","","","","","","","","","","","","","","","","","","","","","","BD_ICV_2022"
"","","","","","","","","","","","","","","","","","","","","","","","","","","","","","","","","","","","BD_ICV_2022"
"","","","","","","","","","","","","","","","","","","","","","","","","","","","","","","","","","","","BD_ICV_2022"
"","","","","","","","","","","","","","","","","","","","","","","","","","","","","","","","","","","","BD_ICV_2022"
"","","","","","","","","","","","","","","","","","","","","","","","","","","","","","","","","","","","BD_ICV_2022"
"","","","","","","","","","","","","","","","","","","","","","","","","","","","","","","","","","","","BD_ICV_2022"
"","","","","","","","","","","","","","","","","","","","","","","","","","","","","","","","","","","","BD_ICV_2022"
"","","","","","","","","","","","","","","","","","","","","","","","","","","","","","","","","","","","BD_ICV_2022"
"","","","","","","","","","","","","","","","","","","","","","","","","","","","","","","","","","","","BD_ICV_2022"
"","","","","","","","","","","","","","","","","","","","","","","","","","","","","","","","","","","","BD_ICV_2022"
"","","","","","","","","","","","","","","","","","","","","","","","","","","","","","","","","","","","BD_ICV_2022"
"","","","","","","","","","","","","","","","","","","","","","","","","","","","","","","","","","","","BD_ICV_2022"
"","","","","","","","","","","","","","","","","","","","","","","","","","","","","","","","","","","","BD_ICV_2022"
"","","","","","","","","","","","","","","","","","","","","","","","","","","","","","","","","","","","BD_ICV_2022"
"","","","","","","","","","","","","","","","","","","","","","","","","","","","","","","","","","","","BD_ICV_2022"
"","","","","","","","","","","","","","","","","","","","","","","","","","","","","","","","","","","","BD_ICV_2022"
"","","","","","","","","","","","","","","","","","","","","","","","","","","","","","","","","","","","BD_ICV_2022"
"","","","","","","","","","","","","","","","","","","","","","","","","","","","","","","","","","","","BD_ICV_2022"
"","","","","","","","","","","","","","","","","","","","","","","","","","","","","","","","","","","","BD_ICV_2022"
"","","","","","","","","","","","","","","","","","","","","","","","","","","","","","","","","","","","BD_ICV_2022"
"","","","","","","","","","","","","","","","","","","","","","","","","","","","","","","","","","","","BD_ICV_2022"
"","","","","","","","","","","","","","","","","","","","","","","","","","","","","","","","","","","","BD_ICV_2022"
"","","","","","","","","","","","","","","","","","","","","","","","","","","","","","","","","","","","BD_ICV_2022"
"","","","","","","","","","","","","","","","","","","","","","","","","","","","","","","","","","","","BD_ICV_2022"
"","","","","","","","","","","","","","","","","","","","","","","","","","","","","","","","","","","","BD_ICV_2022"
"","","","","","","","","","","","","","","","","","","","","","","","","","","","","","","","","","","","BD_ICV_2022"
"","","","","","","","","","","","","","","","","","","","","","","","","","","","","","","","","","","","BD_ICV_2022"
"","","","","","","","","","","","","","","","","","","","","","","","","","","","","","","","","","","","BD_ICV_2022"
"","","","","","","","","","","","","","","","","","","","","","","","","","","","","","","","","","","","BD_ICV_2022"
"","","","","","","","","","","","","","","","","","","","","","","","","","","","","","","","","","","","BD_ICV_2022"
"","","","","","","","","","","","","","","","","","","","","","","","","","","","","","","","","","","","BD_ICV_2022"
"","","","","","","","","","","","","","","","","","","","","","","","","","","","","","","","","","","","BD_ICV_2022"
"","","","","","","","","","","","","","","","","","","","","","","","","","","","","","","","","","","","BD_ICV_2022"
"","","","","","","","","","","","","","","","","","","","","","","","","","","","","","","","","","","","BD_ICV_2022"
"","","","","","","","","","","","","","","","","","","","","","","","","","","","","","","","","","","","BD_ICV_2022"
"","","","","","","","","","","","","","","","","","","","","","","","","","","","","","","","","","","","BD_ICV_2022"
"","","","","","","","","","","","","","","","","","","","","","","","","","","","","","","","","","","","BD_ICV_2022"
"","","","","","","","","","","","","","","","","","","","","","","","","","","","","","","","","","","","BD_ICV_2022"
"","","","","","","","","","","","","","","","","","","","","","","","","","","","","","","","","","","","BD_ICV_2022"
"","","","","","","","","","","","","","","","","","","","","","","","","","","","","","","","","","","","BD_ICV_2022"
"","","","","","","","","","","","","","","","","","","","","","","","","","","","","","","","","","","","BD_ICV_2022"
"","","","","","","","","","","","","","","","","","","","","","","","","","","","","","","","","","","","BD_ICV_2022"
"","","","","","","","","","","","","","","","","","","","","","","","","","","","","","","","","","","","BD_ICV_2022"
"","","","","","","","","","","","","","","","","","","","","","","","","","","","","","","","","","","","BD_ICV_2022"
"","","","","","","","","","","","","","","","","","","","","","","","","","","","","","","","","","","","BD_ICV_2022"
"","","","","","","","","","","","","","","","","","","","","","","","","","","","","","","","","","","","BD_ICV_2022"
"","","","","","","","","","","","","","","","","","","","","","","","","","","","","","","","","","","","BD_ICV_2022"
"","","","","","","","","","","","","","","","","","","","","","","","","","","","","","","","","","","","BD_ICV_2022"
"","","","","","","","","","","","","","","","","","","","","","","","","","","","","","","","","","","","BD_ICV_2022"
"","","","","","","","","","","","","","","","","","","","","","","","","","","","","","","","","","","","BD_ICV_2022"
"","","","","","","","","","","","","","","","","","","","","","","","","","","","","","","","","","","","BD_ICV_2022"
"","","","","","","","","","","","","","","","","","","","","","","","","","","","","","","","","","","","BD_ICV_2022"
"","","","","","","","","","","","","","","","","","","","","","","","","","","","","","","","","","","","BD_ICV_2022"
"","","","","","","","","","","","","","","","","","","","","","","","","","","","","","","","","","","","BD_ICV_2022"
"","","","","","","","","","","","","","","","","","","","","","","","","","","","","","","","","","","","BD_ICV_2022"
"","","","","","","","","","","","","","","","","","","","","","","","","","","","","","","","","","","","BD_ICV_2022"
"","","","","","","","","","","","","","","","","","","","","","","","","","","","","","","","","","","","BD_ICV_2022"
"","","","","","","","","","","","","","","","","","","","","","","","","","","","","","","","","","","","BD_ICV_2022"
"","","","","","","","","","","","","","","","","","","","","","","","","","","","","","","","","","","","BD_ICV_2022"
"","","","","","","","","","","","","","","","","","","","","","","","","","","","","","","","","","","","BD_ICV_2022"
"","","","","","","","","","","","","","","","","","","","","","","","","","","","","","","","","","","","BD_ICV_2022"
"","","","","","","","","","","","","","","","","","","","","","","","","","","","","","","","","","","","BD_ICV_2022"
"","","","","","","","","","","","","","","","","","","","","","","","","","","","","","","","","","","","BD_ICV_2022"
"","","","","","","","","","","","","","","","","","","","","","","","","","","","","","","","","","","","BD_ICV_2022"
"","","","","","","","","","","","","","","","","","","","","","","","","","","","","","","","","","","","BD_ICV_2022"
"","","","","","","","","","","","","","","","","","","","","","","","","","","","","","","","","","","","BD_ICV_2022"
"","","","","","","","","","","","","","","","","","","","","","","","","","","","","","","","","","","","BD_ICV_2022"
"","","","","","","","","","","","","","","","","","","","","","","","","","","","","","","","","","","","BD_ICV_2022"
"","","","","","","","","","","","","","","","","","","","","","","","","","","","","","","","","","","","BD_ICV_2022"
"","","","","","","","","","","","","","","","","","","","","","","","","","","","","","","","","","","","BD_ICV_2022"
"","","","","","","","","","","","","","","","","","","","","","","","","","","","","","","","","","","","BD_ICV_2022"
"","","","","","","","","","","","","","","","","","","","","","","","","","","","","","","","","","","","BD_ICV_2022"
"","","","","","","","","","","","","","","","","","","","","","","","","","","","","","","","","","","","BD_ICV_2022"
"","","","","","","","","","","","","","","","","","","","","","","","","","","","","","","","","","","","BD_ICV_2022"
"","","","","","","","","","","","","","","","","","","","","","","","","","","","","","","","","","","","BD_ICV_2022"
"","","","","","","","","","","","","","","","","","","","","","","","","","","","","","","","","","","","BD_ICV_2022"
"","","","","","","","","","","","","","","","","","","","","","","","","","","","","","","","","","","","BD_ICV_2022"
"","","","","","","","","","","","","","","","","","","","","","","","","","","","","","","","","","","","BD_ICV_2022"
"","","","","","","","","","","","","","","","","","","","","","","","","","","","","","","","","","","","BD_ICV_2022"
"","","","","","","","","","","","","","","","","","","","","","","","","","","","","","","","","","","","BD_ICV_2022"
"","","","","","","","","","","","","","","","","","","","","","","","","","","","","","","","","","","","BD_ICV_2022"
"","","","","","","","","","","","","","","","","","","","","","","","","","","","","","","","","","","","BD_ICV_2022"
"","","","","","","","","","","","","","","","","","","","","","","","","","","","","","","","","","","","BD_ICV_2022"
"","","","","","","","","","","","","","","","","","","","","","","","","","","","","","","","","","","","BD_ICV_2022"
"","","","","","","","","","","","","","","","","","","","","","","","","","","","","","","","","","","","BD_ICV_2022"
"","","","","","","","","","","","","","","","","","","","","","","","","","","","","","","","","","","","BD_ICV_2022"
"","","","","","","","","","","","","","","","","","","","","","","","","","","","","","","","","","","","BD_ICV_2022"
"","","","","","","","","","","","","","","","","","","","","","","","","","","","","","","","","","","","BD_ICV_2022"
"","","","","","","","","","","","","","","","","","","","","","","","","","","","","","","","","","","","BD_ICV_2022"
"","","","","","","","","","","","","","","","","","","","","","","","","","","","","","","","","","","","BD_ICV_2022"
"","","","","","","","","","","","","","","","","","","","","","","","","","","","","","","","","","","","BD_ICV_2022"
"","","","","","","","","","","","","","","","","","","","","","","","","","","","","","","","","","","","BD_ICV_2022"
"","","","","","","","","","","","","","","","","","","","","","","","","","","","","","","","","","","","BD_ICV_2022"
"","","","","","","","","","","","","","","","","","","","","","","","","","","","","","","","","","","","BD_ICV_2022"
"","","","","","","","","","","","","","","","","","","","","","","","","","","","","","","","","","","","BD_ICV_2022"
"","","","","","","","","","","","","","","","","","","","","","","","","","","","","","","","","","","","BD_ICV_2022"
"","","","","","","","","","","","","","","","","","","","","","","","","","","","","","","","","","","","BD_ICV_2022"
"","","","","","","","","","","","","","","","","","","","","","","","","","","","","","","","","","","","BD_ICV_2022"
"","","","","","","","","","","","","","","","","","","","","","","","","","","","","","","","","","","","BD_ICV_2022"
"","","","","","","","","","","","","","","","","","","","","","","","","","","","","","","","","","","","BD_ICV_2022"
"","","","","","","","","","","","","","","","","","","","","","","","","","","","","","","","","","","","BD_ICV_2022"
"","","","","","","","","","","","","","","","","","","","","","","","","","","","","","","","","","","","BD_ICV_2022"
"","","","","","","","","","","","","","","","","","","","","","","","","","","","","","","","","","","","BD_ICV_2022"
"","","","","","","","","","","","","","","","","","","","","","","","","","","","","","","","","","","","BD_ICV_2022"
"","","","","","","","","","","","","","","","","","","","","","","","","","","","","","","","","","","","BD_ICV_2022"
"","","","","","","","","","","","","","","","","","","","","","","","","","","","","","","","","","","","BD_ICV_2022"
"","","","","","","","","","","","","","","","","","","","","","","","","","","","","","","","","","","","BD_ICV_2022"
"","","","","","","","","","","","","","","","","","","","","","","","","","","","","","","","","","","","BD_ICV_2022"
"","","","","","","","","","","","","","","","","","","","","","","","","","","","","","","","","","","","BD_ICV_2022"
"","","","","","","","","","","","","","","","","","","","","","","","","","","","","","","","","","","","BD_ICV_2022"
"","","","","","","","","","","","","","","","","","","","","","","","","","","","","","","","","","","","BD_ICV_2022"
"","","","","","","","","","","","","","","","","","","","","","","","","","","","","","","","","","","","BD_ICV_2022"
"","","","","","","","","","","","","","","","","","","","","","","","","","","","","","","","","","","","BD_ICV_2022"
"","","","","","","","","","","","","","","","","","","","","","","","","","","","","","","","","","","","BD_ICV_2022"
"","","","","","","","","","","","","","","","","","","","","","","","","","","","","","","","","","","","BD_ICV_2022"
"","","","","","","","","","","","","","","","","","","","","","","","","","","","","","","","","","","","BD_ICV_2022"
"","","","","","","","","","","","","","","","","","","","","","","","","","","","","","","","","","","","BD_ICV_2022"
"","","","","","","","","","","","","","","","","","","","","","","","","","","","","","","","","","","","BD_ICV_2022"
"","","","","","","","","","","","","","","","","","","","","","","","","","","","","","","","","","","","BD_ICV_2022"
"","","","","","","","","","","","","","","","","","","","","","","","","","","","","","","","","","","","BD_ICV_2022"
"","","","","","","","","","","","","","","","","","","","","","","","","","","","","","","","","","","","BD_ICV_2022"
"","","","","","","","","","","","","","","","","","","","","","","","","","","","","","","","","","","","BD_ICV_2022"
"","","","","","","","","","","","","","","","","","","","","","","","","","","","","","","","","","","","BD_ICV_2022"
"","","","","","","","","","","","","","","","","","","","","","","","","","","","","","","","","","","","BD_ICV_2022"
"","","","","","","","","","","","","","","","","","","","","","","","","","","","","","","","","","","","BD_ICV_2022"
"","","","","","","","","","","","","","","","","","","","","","","","","","","","","","","","","","","","BD_ICV_2022"
"","","","","","","","","","","","","","","","","","","","","","","","","","","","","","","","","","","","BD_ICV_2022"
"","","","","","","","","","","","","","","","","","","","","","","","","","","","","","","","","","","","BD_ICV_2022"
"","","","","","","","","","","","","","","","","","","","","","","","","","","","","","","","","","","","BD_ICV_2022"
"","","","","","","","","","","","","","","","","","","","","","","","","","","","","","","","","","","","BD_ICV_2022"
"","","","","","","","","","","","","","","","","","","","","","","","","","","","","","","","","","","","BD_ICV_2022"
"","","","","","","","","","","","","","","","","","","","","","","","","","","","","","","","","","","","BD_ICV_2022"
"","","","","","","","","","","","","","","","","","","","","","","","","","","","","","","","","","","","BD_ICV_2022"
"","","","","","","","","","","","","","","","","","","","","","","","","","","","","","","","","","","","BD_ICV_2022"
"","","","","","","","","","","","","","","","","","","","","","","","","","","","","","","","","","","","BD_ICV_2022"
"","","","","","","","","","","","","","","","","","","","","","","","","","","","","","","","","","","","BD_ICV_2022"
"","","","","","","","","","","","","","","","","","","","","","","","","","","","","","","","","","","","BD_ICV_2022"
"","","","","","","","","","","","","","","","","","","","","","","","","","","","","","","","","","","","BD_ICV_2022"
"","","","","","","","","","","","","","","","","","","","","","","","","","","","","","","","","","","","BD_ICV_2022"
"","","","","","","","","","","","","","","","","","","","","","","","","","","","","","","","","","","","BD_ICV_2022"
"","","","","","","","","","","","","","","","","","","","","","","","","","","","","","","","","","","","BD_ICV_2022"
"","","","","","","","","","","","","","","","","","","","","","","","","","","","","","","","","","","","BD_ICV_2022"
"","","","","","","","","","","","","","","","","","","","","","","","","","","","","","","","","","","","BD_ICV_2022"
"","","","","","","","","","","","","","","","","","","","","","","","","","","","","","","","","","","","BD_ICV_2022"
"","","","","","","","","","","","","","","","","","","","","","","","","","","","","","","","","","","","BD_ICV_2022"
"","","","","","","","","","","","","","","","","","","","","","","","","","","","","","","","","","","","BD_ICV_2022"
"","","","","","","","","","","","","","","","","","","","","","","","","","","","","","","","","","","","BD_ICV_2022"
"","","","","","","","","","","","","","","","","","","","","","","","","","","","","","","","","","","","BD_ICV_2022"
"","","","","","","","","","","","","","","","","","","","","","","","","","","","","","","","","","","","BD_ICV_2022"
"","","","","","","","","","","","","","","","","","","","","","","","","","","","","","","","","","","","BD_ICV_2022"
"","","","","","","","","","","","","","","","","","","","","","","","","","","","","","","","","","","","BD_ICV_2022"
"","","","","","","","","","","","","","","","","","","","","","","","","","","","","","","","","","","","BD_ICV_2022"
"","","","","","","","","","","","","","","","","","","","","","","","","","","","","","","","","","","","BD_ICV_2022"
"","","","","","","","","","","","","","","","","","","","","","","","","","","","","","","","","","","","BD_ICV_2022"
"","","","","","","","","","","","","","","","","","","","","","","","","","","","","","","","","","","","BD_ICV_2022"
"","","","","","","","","","","","","","","","","","","","","","","","","","","","","","","","","","","","BD_ICV_2022"
"","","","","","","","","","","","","","","","","","","","","","","","","","","","","","","","","","","","BD_ICV_2022"
"","","","","","","","","","","","","","","","","","","","","","","","","","","","","","","","","","","","BD_ICV_2022"
"","","","","","","","","","","","","","","","","","","","","","","","","","","","","","","","","","","","BD_ICV_2022"
"","","","","","","","","","","","","","","","","","","","","","","","","","","","","","","","","","","","BD_ICV_2022"
"","","","","","","","","","","","","","","","","","","","","","","","","","","","","","","","","","","","BD_ICV_2022"
"","","","","","","","","","","","","","","","","","","","","","","","","","","","","","","","","","","","BD_ICV_2022"
"","","","","","","","","","","","","","","","","","","","","","","","","","","","","","","","","","","","BD_ICV_2022"
"","","","","","","","","","","","","","","","","","","","","","","","","","","","","","","","","","","","BD_ICV_2022"
"","","","","","","","","","","","","","","","","","","","","","","","","","","","","","","","","","","","BD_ICV_2022"
"","","","","","","","","","","","","","","","","","","","","","","","","","","","","","","","","","","","BD_ICV_2022"
"","","","","","","","","","","","","","","","","","","","","","","","","","","","","","","","","","","","BD_ICV_2022"
"","","","","","","","","","","","","","","","","","","","","","","","","","","","","","","","","","","","BD_ICV_2022"
"","","","","","","","","","","","","","","","","","","","","","","","","","","","","","","","","","","","BD_ICV_2022"
"","","","","","","","","","","","","","","","","","","","","","","","","","","","","","","","","","","","BD_ICV_2022"
"","","","","","","","","","","","","","","","","","","","","","","","","","","","","","","","","","","","BD_ICV_2022"
"","","","","","","","","","","","","","","","","","","","","","","","","","","","","","","","","","","","BD_ICV_2022"
"","","","","","","","","","","","","","","","","","","","","","","","","","","","","","","","","","","","BD_ICV_2022"
"","","","","","","","","","","","","","","","","","","","","","","","","","","","","","","","","","","","BD_ICV_2022"
"","","","","","","","","","","","","","","","","","","","","","","","","","","","","","","","","","","","BD_ICV_2022"
"","","","","","","","","","","","","","","","","","","","","","","","","","","","","","","","","","","","BD_ICV_2022"
"","","","","","","","","","","","","","","","","","","","","","","","","","","","","","","","","","","","BD_ICV_2022"
"","","","","","","","","","","","","","","","","","","","","","","","","","","","","","","","","","","","BD_ICV_2022"
"","","","","","","","","","","","","","","","","","","","","","","","","","","","","","","","","","","","BD_ICV_2022"
"","","","","","","","","","","","","","","","","","","","","","","","","","","","","","","","","","","","BD_ICV_2022"
"","","","","","","","","","","","","","","","","","","","","","","","","","","","","","","","","","","","BD_ICV_2022"
"","","","","","","","","","","","","","","","","","","","","","","","","","","","","","","","","","","","BD_ICV_2022"
"","","","","","","","","","","","","","","","","","","","","","","","","","","","","","","","","","","","BD_ICV_2022"
"","","","","","","","","","","","","","","","","","","","","","","","","","","","","","","","","","","","BD_ICV_2022"
"","","","","","","","","","","","","","","","","","","","","","","","","","","","","","","","","","","","BD_ICV_2022"
"","","","","","","","","","","","","","","","","","","","","","","","","","","","","","","","","","","","BD_ICV_2022"
"","","","","","","","","","","","","","","","","","","","","","","","","","","","","","","","","","","","BD_ICV_2022"
"","","","","","","","","","","","","","","","","","","","","","","","","","","","","","","","","","","","BD_ICV_2022"
"","","","","","","","","","","","","","","","","","","","","","","","","","","","","","","","","","","","BD_ICV_2022"
"","","","","","","","","","","","","","","","","","","","","","","","","","","","","","","","","","","","BD_ICV_2022"
"","","","","","","","","","","","","","","","","","","","","","","","","","","","","","","","","","","","BD_ICV_2022"
"","","","","","","","","","","","","","","","","","","","","","","","","","","","","","","","","","","","BD_ICV_2022"
"","","","","","","","","","","","","","","","","","","","","","","","","","","","","","","","","","","","BD_ICV_2022"
"","","","","","","","","","","","","","","","","","","","","","","","","","","","","","","","","","","","BD_ICV_2022"
"","","","","","","","","","","","","","","","","","","","","","","","","","","","","","","","","","","","BD_ICV_2022"
"","","","","","","","","","","","","","","","","","","","","","","","","","","","","","","","","","","","BD_ICV_2022"
"","","","","","","","","","","","","","","","","","","","","","","","","","","","","","","","","","","","BD_ICV_2022"
"","","","","","","","","","","","","","","","","","","","","","","","","","","","","","","","","","","","BD_ICV_2022"
"","","","","","","","","","","","","","","","","","","","","","","","","","","","","","","","","","","","BD_ICV_2022"
"","","","","","","","","","","","","","","","","","","","","","","","","","","","","","","","","","","","BD_ICV_2022"
"","","","","","","","","","","","","","","","","","","","","","","","","","","","","","","","","","","","BD_ICV_2022"
"","","","","","","","","","","","","","","","","","","","","","","","","","","","","","","","","","","","BD_ICV_2022"
"","","","","","","","","","","","","","","","","","","","","","","","","","","","","","","","","","","","BD_ICV_2022"
"","","","","","","","","","","","","","","","","","","","","","","","","","","","","","","","","","","","BD_ICV_2022"
"","","","","","","","","","","","","","","","","","","","","","","","","","","","","","","","","","","","BD_ICV_2022"
"","","","","","","","","","","","","","","","","","","","","","","","","","","","","","","","","","","","BD_ICV_2022"
"","","","","","","","","","","","","","","","","","","","","","","","","","","","","","","","","","","","BD_ICV_2022"
"","","","","","","","","","","","","","","","","","","","","","","","","","","","","","","","","","","","BD_ICV_2022"
"","","","","","","","","","","","","","","","","","","","","","","","","","","","","","","","","","","","BD_ICV_2022"
"","","","","","","","","","","","","","","","","","","","","","","","","","","","","","","","","","","","BD_ICV_2022"
"","","","","","","","","","","","","","","","","","","","","","","","","","","","","","","","","","","","BD_ICV_2022"
"","","","","","","","","","","","","","","","","","","","","","","","","","","","","","","","","","","","BD_ICV_2022"
"","","","","","","","","","","","","","","","","","","","","","","","","","","","","","","","","","","","BD_ICV_2022"
"","","","","","","","","","","","","","","","","","","","","","","","","","","","","","","","","","","","BD_ICV_2022"
"","","","","","","","","","","","","","","","","","","","","","","","","","","","","","","","","","","","BD_ICV_2022"
"","","","","","","","","","","","","","","","","","","","","","","","","","","","","","","","","","","","BD_ICV_2022"
"","","","","","","","","","","","","","","","","","","","","","","","","","","","","","","","","","","","BD_ICV_2022"
"","","","","","","","","","","","","","","","","","","","","","","","","","","","","","","","","","","","BD_ICV_2022"
"","","","","","","","","","","","","","","","","","","","","","","","","","","","","","","","","","","","BD_ICV_2022"
"","","","","","","","","","","","","","","","","","","","","","","","","","","","","","","","","","","","BD_ICV_2022"
"","","","","","","","","","","","","","","","","","","","","","","","","","","","","","","","","","","","BD_ICV_2022"
"","","","","","","","","","","","","","","","","","","","","","","","","","","","","","","","","","","","BD_ICV_2022"
"","","","","","","","","","","","","","","","","","","","","","","","","","","","","","","","","","","","BD_ICV_2022"
"","","","","","","","","","","","","","","","","","","","","","","","","","","","","","","","","","","","BD_ICV_2022"
"","","","","","","","","","","","","","","","","","","","","","","","","","","","","","","","","","","","BD_ICV_2022"
"","","","","","","","","","","","","","","","","","","","","","","","","","","","","","","","","","","","BD_ICV_2022"
"","","","","","","","","","","","","","","","","","","","","","","","","","","","","","","","","","","","BD_ICV_2022"
"","","","","","","","","","","","","","","","","","","","","","","","","","","","","","","","","","","","BD_ICV_2022"
"","","","","","","","","","","","","","","","","","","","","","","","","","","","","","","","","","","","BD_ICV_2022"
"","","","","","","","","","","","","","","","","","","","","","","","","","","","","","","","","","","","BD_ICV_2022"
"","","","","","","","","","","","","","","","","","","","","","","","","","","","","","","","","","","","BD_ICV_2022"
"","","","","","","","","","","","","","","","","","","","","","","","","","","","","","","","","","","","BD_ICV_2022"
"","","","","","","","","","","","","","","","","","","","","","","","","","","","","","","","","","","","BD_ICV_2022"
"","","","","","","","","","","","","","","","","","","","","","","","","","","","","","","","","","","","BD_ICV_2022"
"","","","","","","","","","","","","","","","","","","","","","","","","","","","","","","","","","","","BD_ICV_2022"
"","","","","","","","","","","","","","","","","","","","","","","","","","","","","","","","","","","","BD_ICV_2022"
"","","","","","","","","","","","","","","","","","","","","","","","","","","","","","","","","","","","BD_ICV_2022"
"","","","","","","","","","","","","","","","","","","","","","","","","","","","","","","","","","","","BD_ICV_2022"
"","","","","","","","","","","","","","","","","","","","","","","","","","","","","","","","","","","","BD_ICV_2022"
"","","","","","","","","","","","","","","","","","","","","","","","","","","","","","","","","","","","BD_ICV_2022"
"","","","","","","","","","","","","","","","","","","","","","","","","","","","","","","","","","","","BD_ICV_2022"
"","","","","","","","","","","","","","","","","","","","","","","","","","","","","","","","","","","","BD_ICV_2022"
"","","","","","","","","","","","","","","","","","","","","","","","","","","","","","","","","","","","BD_ICV_2022"
"","","","","","","","","","","","","","","","","","","","","","","","","","","","","","","","","","","","BD_ICV_2022"
"","","","","","","","","","","","","","","","","","","","","","","","","","","","","","","","","","","","BD_ICV_2022"
"","","","","","","","","","","","","","","","","","","","","","","","","","","","","","","","","","","","BD_ICV_2022"
"","","","","","","","","","","","","","","","","","","","","","","","","","","","","","","","","","","","BD_ICV_2022"
"","","","","","","","","","","","","","","","","","","","","","","","","","","","","","","","","","","","BD_ICV_2022"
"","","","","","","","","","","","","","","","","","","","","","","","","","","","","","","","","","","","BD_ICV_2022"
"","","","","","","","","","","","","","","","","","","","","","","","","","","","","","","","","","","","BD_ICV_2022"
"","","","","","","","","","","","","","","","","","","","","","","","","","","","","","","","","","","","BD_ICV_2022"
"","","","","","","","","","","","","","","","","","","","","","","","","","","","","","","","","","","","BD_ICV_2022"
"","","","","","","","","","","","","","","","","","","","","","","","","","","","","","","","","","","","BD_ICV_2022"
"","","","","","","","","","","","","","","","","","","","","","","","","","","","","","","","","","","","BD_ICV_2022"
"","","","","","","","","","","","","","","","","","","","","","","","","","","","","","","","","","","","BD_ICV_2022"
"","","","","","","","","","","","","","","","","","","","","","","","","","","","","","","","","","","","BD_ICV_2022"
"","","","","","","","","","","","","","","","","","","","","","","","","","","","","","","","","","","","BD_ICV_2022"
"","","","","","","","","","","","","","","","","","","","","","","","","","","","","","","","","","","","BD_ICV_2022"
"","","","","","","","","","","","","","","","","","","","","","","","","","","","","","","","","","","","BD_ICV_2022"
"","","","","","","","","","","","","","","","","","","","","","","","","","","","","","","","","","","","BD_ICV_2022"
"","","","","","","","","","","","","","","","","","","","","","","","","","","","","","","","","","","","BD_ICV_2022"
"","","","","","","","","","","","","","","","","","","","","","","","","","","","","","","","","","","","BD_ICV_2022"
"","","","","","","","","","","","","","","","","","","","","","","","","","","","","","","","","","","","BD_ICV_2022"
"","","","","","","","","","","","","","","","","","","","","","","","","","","","","","","","","","","","BD_ICV_2022"
"","","","","","","","","","","","","","","","","","","","","","","","","","","","","","","","","","","","BD_ICV_2022"
"","","","","","","","","","","","","","","","","","","","","","","","","","","","","","","","","","","","BD_ICV_2022"
"","","","","","","","","","","","","","","","","","","","","","","","","","","","","","","","","","","","BD_ICV_2022"
"","","","","","","","","","","","","","","","","","","","","","","","","","","","","","","","","","","","BD_ICV_2022"
"","","","","","","","","","","","","","","","","","","","","","","","","","","","","","","","","","","","BD_ICV_2022"
"","","","","","","","","","","","","","","","","","","","","","","","","","","","","","","","","","","","BD_ICV_2022"
"","","","","","","","","","","","","","","","","","","","","","","","","","","","","","","","","","","","BD_ICV_2022"
"","","","","","","","","","","","","","","","","","","","","","","","","","","","","","","","","","","","BD_ICV_2022"
"","","","","","","","","","","","","","","","","","","","","","","","","","","","","","","","","","","","BD_ICV_2022"
"","","","","","","","","","","","","","","","","","","","","","","","","","","","","","","","","","","","BD_ICV_2022"
"","","","","","","","","","","","","","","","","","","","","","","","","","","","","","","","","","","","BD_ICV_2022"
"","","","","","","","","","","","","","","","","","","","","","","","","","","","","","","","","","","","BD_ICV_2022"
"","","","","","","","","","","","","","","","","","","","","","","","","","","","","","","","","","","","BD_ICV_2022"
"","","","","","","","","","","","","","","","","","","","","","","","","","","","","","","","","","","","BD_ICV_2022"
"","","","","","","","","","","","","","","","","","","","","","","","","","","","","","","","","","","","BD_ICV_2022"
"","","","","","","","","","","","","","","","","","","","","","","","","","","","","","","","","","","","BD_ICV_2022"
"","","","","","","","","","","","","","","","","","","","","","","","","","","","","","","","","","","","BD_ICV_2022"
"","","","","","","","","","","","","","","","","","","","","","","","","","","","","","","","","","","","BD_ICV_2022"
"","","","","","","","","","","","","","","","","","","","","","","","","","","","","","","","","","","","BD_ICV_2022"
"","","","","","","","","","","","","","","","","","","","","","","","","","","","","","","","","","","","BD_ICV_2022"
"","","","","","","","","","","","","","","","","","","","","","","","","","","","","","","","","","","","BD_ICV_2022"
"","","","","","","","","","","","","","","","","","","","","","","","","","","","","","","","","","","","BD_ICV_2022"
"","","","","","","","","","","","","","","","","","","","","","","","","","","","","","","","","","","","BD_ICV_2022"
"","","","","","","","","","","","","","","","","","","","","","","","","","","","","","","","","","","","BD_ICV_2022"
"","","","","","","","","","","","","","","","","","","","","","","","","","","","","","","","","","","","BD_ICV_2022"
"","","","","","","","","","","","","","","","","","","","","","","","","","","","","","","","","","","","BD_ICV_2022"
"","","","","","","","","","","","","","","","","","","","","","","","","","","","","","","","","","","","BD_ICV_2022"
"","","","","","","","","","","","","","","","","","","","","","","","","","","","","","","","","","","","BD_ICV_2022"
"","","","","","","","","","","","","","","","","","","","","","","","","","","","","","","","","","","","BD_ICV_2022"
"","","","","","","","","","","","","","","","","","","","","","","","","","","","","","","","","","","","BD_ICV_2022"
"","","","","","","","","","","","","","","","","","","","","","","","","","","","","","","","","","","","BD_ICV_2022"
"","","","","","","","","","","","","","","","","","","","","","","","","","","","","","","","","","","","BD_ICV_2022"
"","","","","","","","","","","","","","","","","","","","","","","","","","","","","","","","","","","","BD_ICV_2022"
"","","","","","","","","","","","","","","","","","","","","","","","","","","","","","","","","","","","BD_ICV_2022"
"","","","","","","","","","","","","","","","","","","","","","","","","","","","","","","","","","","","BD_ICV_2022"
"","","","","","","","","","","","","","","","","","","","","","","","","","","","","","","","","","","","BD_ICV_2022"
"","","","","","","","","","","","","","","","","","","","","","","","","","","","","","","","","","","","BD_ICV_2022"
"","","","","","","","","","","","","","","","","","","","","","","","","","","","","","","","","","","","BD_ICV_2022"
"","","","","","","","","","","","","","","","","","","","","","","","","","","","","","","","","","","","BD_ICV_2022"
"","","","","","","","","","","","","","","","","","","","","","","","","","","","","","","","","","","","BD_ICV_2022"
"","","","","","","","","","","","","","","","","","","","","","","","","","","","","","","","","","","","BD_ICV_2022"
"","","","","","","","","","","","","","","","","","","","","","","","","","","","","","","","","","","","BD_ICV_2022"
"","","","","","","","","","","","","","","","","","","","","","","","","","","","","","","","","","","","BD_ICV_2022"
"","","","","","","","","","","","","","","","","","","","","","","","","","","","","","","","","","","","BD_ICV_2022"
"","","","","","","","","","","","","","","","","","","","","","","","","","","","","","","","","","","","BD_ICV_2022"
"","","","","","","","","","","","","","","","","","","","","","","","","","","","","","","","","","","","BD_ICV_2022"
"","","","","","","","","","","","","","","","","","","","","","","","","","","","","","","","","","","","BD_ICV_2022"
"","","","","","","","","","","","","","","","","","","","","","","","","","","","","","","","","","","","BD_ICV_2022"
"","","","","","","","","","","","","","","","","","","","","","","","","","","","","","","","","","","","BD_ICV_2022"
"","","","","","","","","","","","","","","","","","","","","","","","","","","","","","","","","","","","BD_ICV_2022"
"","","","","","","","","","","","","","","","","","","","","","","","","","","","","","","","","","","","BD_ICV_2022"
"","","","","","","","","","","","","","","","","","","","","","","","","","","","","","","","","","","","BD_ICV_2022"
"","","","","","","","","","","","","","","","","","","","","","","","","","","","","","","","","","","","BD_ICV_2022"
"","","","","","","","","","","","","","","","","","","","","","","","","","","","","","","","","","","","BD_ICV_2022"
"","","","","","","","","","","","","","","","","","","","","","","","","","","","","","","","","","","","BD_ICV_2022"
"","","","","","","","","","","","","","","","","","","","","","","","","","","","","","","","","","","","BD_ICV_2022"
"","","","","","","","","","","","","","","","","","","","","","","","","","","","","","","","","","","","BD_ICV_2022"
"","","","","","","","","","","","","","","","","","","","","","","","","","","","","","","","","","","","BD_ICV_2022"
"","","","","","","","","","","","","","","","","","","","","","","","","","","","","","","","","","","","BD_ICV_2022"
"","","","","","","","","","","","","","","","","","","","","","","","","","","","","","","","","","","","BD_ICV_2022"
"","","","","","","","","","","","","","","","","","","","","","","","","","","","","","","","","","","","BD_ICV_2022"
"","","","","","","","","","","","","","","","","","","","","","","","","","","","","","","","","","","","BD_ICV_2022"
"","","","","","","","","","","","","","","","","","","","","","","","","","","","","","","","","","","","BD_ICV_2022"
"","","","","","","","","","","","","","","","","","","","","","","","","","","","","","","","","","","","BD_ICV_2022"
"","","","","","","","","","","","","","","","","","","","","","","","","","","","","","","","","","","","BD_ICV_2022"
"","","","","","","","","","","","","","","","","","","","","","","","","","","","","","","","","","","","BD_ICV_2022"
"","","","","","","","","","","","","","","","","","","","","","","","","","","","","","","","","","","","BD_ICV_2022"
"","","","","","","","","","","","","","","","","","","","","","","","","","","","","","","","","","","","BD_ICV_2022"
"","","","","","","","","","","","","","","","","","","","","","","","","","","","","","","","","","","","BD_ICV_2022"
"","","","","","","","","","","","","","","","","","","","","","","","","","","","","","","","","","","","BD_ICV_2022"
"","","","","","","","","","","","","","","","","","","","","","","","","","","","","","","","","","","","BD_ICV_2022"
"","","","","","","","","","","","","","","","","","","","","","","","","","","","","","","","","","","","BD_ICV_2022"
"","","","","","","","","","","","","","","","","","","","","","","","","","","","","","","","","","","","BD_ICV_2022"
"","","","","","","","","","","","","","","","","","","","","","","","","","","","","","","","","","","","BD_ICV_2022"
"","","","","","","","","","","","","","","","","","","","","","","","","","","","","","","","","","","","BD_ICV_2022"
"","","","","","","","","","","","","","","","","","","","","","","","","","","","","","","","","","","","BD_ICV_2022"
"","","","","","","","","","","","","","","","","","","","","","","","","","","","","","","","","","","","BD_ICV_2022"
"","","","","","","","","","","","","","","","","","","","","","","","","","","","","","","","","","","","BD_ICV_2022"
"","","","","","","","","","","","","","","","","","","","","","","","","","","","","","","","","","","","BD_ICV_2022"
"","","","","","","","","","","","","","","","","","","","","","","","","","","","","","","","","","","","BD_ICV_2022"
"","","","","","","","","","","","","","","","","","","","","","","","","","","","","","","","","","","","BD_ICV_2022"
"","","","","","","","","","","","","","","","","","","","","","","","","","","","","","","","","","","","BD_ICV_2022"
"","","","","","","","","","","","","","","","","","","","","","","","","","","","","","","","","","","","BD_ICV_2022"
"","","","","","","","","","","","","","","","","","","","","","","","","","","","","","","","","","","","BD_ICV_2022"
"","","","","","","","","","","","","","","","","","","","","","","","","","","","","","","","","","","","BD_ICV_2022"
"","","","","","","","","","","","","","","","","","","","","","","","","","","","","","","","","","","","BD_ICV_2022"
"","","","","","","","","","","","","","","","","","","","","","","","","","","","","","","","","","","","BD_ICV_2022"
"","","","","","","","","","","","","","","","","","","","","","","","","","","","","","","","","","","","BD_ICV_2022"
"","","","","","","","","","","","","","","","","","","","","","","","","","","","","","","","","","","","BD_ICV_2022"
"","","","","","","","","","","","","","","","","","","","","","","","","","","","","","","","","","","","BD_ICV_2022"
"","","","","","","","","","","","","","","","","","","","","","","","","","","","","","","","","","","","BD_ICV_2022"
"","","","","","","","","","","","","","","","","","","","","","","","","","","","","","","","","","","","BD_ICV_2022"
"","","","","","","","","","","","","","","","","","","","","","","","","","","","","","","","","","","","BD_ICV_2022"
"","","","","","","","","","","","","","","","","","","","","","","","","","","","","","","","","","","","BD_ICV_2022"
"","","","","","","","","","","","","","","","","","","","","","","","","","","","","","","","","","","","BD_ICV_2022"
"","","","","","","","","","","","","","","","","","","","","","","","","","","","","","","","","","","","BD_ICV_2022"
"","","","","","","","","","","","","","","","","","","","","","","","","","","","","","","","","","","","BD_ICV_2022"
"","","","","","","","","","","","","","","","","","","","","","","","","","","","","","","","","","","","BD_ICV_2022"
"","","","","","","","","","","","","","","","","","","","","","","","","","","","","","","","","","","","BD_ICV_2022"
"","","","","","","","","","","","","","","","","","","","","","","","","","","","","","","","","","","","BD_ICV_2022"
"","","","","","","","","","","","","","","","","","","","","","","","","","","","","","","","","","","","BD_ICV_2022"
"","","","","","","","","","","","","","","","","","","","","","","","","","","","","","","","","","","","BD_ICV_2022"
"","","","","","","","","","","","","","","","","","","","","","","","","","","","","","","","","","","","BD_ICV_2022"
"","","","","","","","","","","","","","","","","","","","","","","","","","","","","","","","","","","","BD_ICV_2022"
"","","","","","","","","","","","","","","","","","","","","","","","","","","","","","","","","","","","BD_ICV_2022"
"","","","","","","","","","","","","","","","","","","","","","","","","","","","","","","","","","","","BD_ICV_2022"
"","","","","","","","","","","","","","","","","","","","","","","","","","","","","","","","","","","","BD_ICV_2022"
"","","","","","","","","","","","","","","","","","","","","","","","","","","","","","","","","","","","BD_ICV_2022"
"","","","","","","","","","","","","","","","","","","","","","","","","","","","","","","","","","","","BD_ICV_2022"
"","","","","","","","","","","","","","","","","","","","","","","","","","","","","","","","","","","","BD_ICV_2022"
"","","","","","","","","","","","","","","","","","","","","","","","","","","","","","","","","","","","BD_ICV_2022"
"","","","","","","","","","","","","","","","","","","","","","","","","","","","","","","","","","","","BD_ICV_2022"
"","","","","","","","","","","","","","","","","","","","","","","","","","","","","","","","","","","","BD_ICV_2022"
"","","","","","","","","","","","","","","","","","","","","","","","","","","","","","","","","","","","BD_ICV_2022"
"","","","","","","","","","","","","","","","","","","","","","","","","","","","","","","","","","","","BD_ICV_2022"
"","","","","","","","","","","","","","","","","","","","","","","","","","","","","","","","","","","","BD_ICV_2022"
"","","","","","","","","","","","","","","","","","","","","","","","","","","","","","","","","","","","BD_ICV_2022"
"","","","","","","","","","","","","","","","","","","","","","","","","","","","","","","","","","","","BD_ICV_2022"
"","","","","","","","","","","","","","","","","","","","","","","","","","","","","","","","","","","","BD_ICV_2022"
"","","","","","","","","","","","","","","","","","","","","","","","","","","","","","","","","","","","BD_ICV_2022"
"","","","","","","","","","","","","","","","","","","","","","","","","","","","","","","","","","","","BD_ICV_2022"
"","","","","","","","","","","","","","","","","","","","","","","","","","","","","","","","","","","","BD_ICV_2022"
"","","","","","","","","","","","","","","","","","","","","","","","","","","","","","","","","","","","BD_ICV_2022"
"","","","","","","","","","","","","","","","","","","","","","","","","","","","","","","","","","","","BD_ICV_2022"
"","","","","","","","","","","","","","","","","","","","","","","","","","","","","","","","","","","","BD_ICV_2022"
"","","","","","","","","","","","","","","","","","","","","","","","","","","","","","","","","","","","BD_ICV_2022"
"","","","","","","","","","","","","","","","","","","","","","","","","","","","","","","","","","","","BD_ICV_2022"
"","","","","","","","","","","","","","","","","","","","","","","","","","","","","","","","","","","","BD_ICV_2022"
"","","","","","","","","","","","","","","","","","","","","","","","","","","","","","","","","","","","BD_ICV_2022"
"","","","","","","","","","","","","","","","","","","","","","","","","","","","","","","","","","","","BD_ICV_2022"
"","","","","","","","","","","","","","","","","","","","","","","","","","","","","","","","","","","","BD_ICV_2022"
"","","","","","","","","","","","","","","","","","","","","","","","","","","","","","","","","","","","BD_ICV_2022"
"","","","","","","","","","","","","","","","","","","","","","","","","","","","","","","","","","","","BD_ICV_2022"
"","","","","","","","","","","","","","","","","","","","","","","","","","","","","","","","","","","","BD_ICV_2022"
"","","","","","","","","","","","","","","","","","","","","","","","","","","","","","","","","","","","BD_ICV_2022"
"","","","","","","","","","","","","","","","","","","","","","","","","","","","","","","","","","","","BD_ICV_2022"
"","","","","","","","","","","","","","","","","","","","","","","","","","","","","","","","","","","","BD_ICV_2022"
"","","","","","","","","","","","","","","","","","","","","","","","","","","","","","","","","","","","BD_ICV_2022"
"","","","","","","","","","","","","","","","","","","","","","","","","","","","","","","","","","","","BD_ICV_2022"
"","","","","","","","","","","","","","","","","","","","","","","","","","","","","","","","","","","","BD_ICV_2022"
"","","","","","","","","","","","","","","","","","","","","","","","","","","","","","","","","","","","BD_ICV_2022"
"","","","","","","","","","","","","","","","","","","","","","","","","","","","","","","","","","","","BD_ICV_2022"
"","","","","","","","","","","","","","","","","","","","","","","","","","","","","","","","","","","","BD_ICV_2022"
"","","","","","","","","","","","","","","","","","","","","","","","","","","","","","","","","","","","BD_ICV_2022"
"","","","","","","","","","","","","","","","","","","","","","","","","","","","","","","","","","","","BD_ICV_2022"
"","","","","","","","","","","","","","","","","","","","","","","","","","","","","","","","","","","","BD_ICV_2022"
"","","","","","","","","","","","","","","","","","","","","","","","","","","","","","","","","","","","BD_ICV_2022"
"","","","","","","","","","","","","","","","","","","","","","","","","","","","","","","","","","","","BD_ICV_2022"
"","","","","","","","","","","","","","","","","","","","","","","","","","","","","","","","","","","","BD_ICV_2022"
"","","","","","","","","","","","","","","","","","","","","","","","","","","","","","","","","","","","BD_ICV_2022"
"","","","","","","","","","","","","","","","","","","","","","","","","","","","","","","","","","","","BD_ICV_2022"
"","","","","","","","","","","","","","","","","","","","","","","","","","","","","","","","","","","","BD_ICV_2022"
"","","","","","","","","","","","","","","","","","","","","","","","","","","","","","","","","","","","BD_ICV_2022"
"","","","","","","","","","","","","","","","","","","","","","","","","","","","","","","","","","","","BD_ICV_2022"
"","","","","","","","","","","","","","","","","","","","","","","","","","","","","","","","","","","","BD_ICV_2022"
"","","","","","","","","","","","","","","","","","","","","","","","","","","","","","","","","","","","BD_ICV_2022"
"","","","","","","","","","","","","","","","","","","","","","","","","","","","","","","","","","","","BD_ICV_2022"
"","","","","","","","","","","","","","","","","","","","","","","","","","","","","","","","","","","","BD_ICV_2022"
"","","","","","","","","","","","","","","","","","","","","","","","","","","","","","","","","","","","BD_ICV_2022"
"","","","","","","","","","","","","","","","","","","","","","","","","","","","","","","","","","","","BD_ICV_2022"
"","","","","","","","","","","","","","","","","","","","","","","","","","","","","","","","","","","","BD_ICV_2022"
"","","","","","","","","","","","","","","","","","","","","","","","","","","","","","","","","","","","BD_ICV_2022"
"","","","","","","","","","","","","","","","","","","","","","","","","","","","","","","","","","","","BD_ICV_2022"
"","","","","","","","","","","","","","","","","","","","","","","","","","","","","","","","","","","","BD_ICV_2022"
"","","","","","","","","","","","","","","","","","","","","","","","","","","","","","","","","","","","BD_ICV_2022"
"","","","","","","","","","","","","","","","","","","","","","","","","","","","","","","","","","","","BD_ICV_2022"
"","","","","","","","","","","","","","","","","","","","","","","","","","","","","","","","","","","","BD_ICV_2022"
"","","","","","","","","","","","","","","","","","","","","","","","","","","","","","","","","","","","BD_ICV_2022"
"","","","","","","","","","","","","","","","","","","","","","","","","","","","","","","","","","","","BD_ICV_2022"
"","","","","","","","","","","","","","","","","","","","","","","","","","","","","","","","","","","","BD_ICV_2022"
"","","","","","","","","","","","","","","","","","","","","","","","","","","","","","","","","","","","BD_ICV_2022"
"","","","","","","","","","","","","","","","","","","","","","","","","","","","","","","","","","","","BD_ICV_2022"
"","","","","","","","","","","","","","","","","","","","","","","","","","","","","","","","","","","","BD_ICV_2022"
"","","","","","","","","","","","","","","","","","","","","","","","","","","","","","","","","","","","BD_ICV_2022"
"","","","","","","","","","","","","","","","","","","","","","","","","","","","","","","","","","","","BD_ICV_2022"
"","","","","","","","","","","","","","","","","","","","","","","","","","","","","","","","","","","","BD_ICV_2022"
"","","","","","","","","","","","","","","","","","","","","","","","","","","","","","","","","","","","BD_ICV_2022"
"","","","","","","","","","","","","","","","","","","","","","","","","","","","","","","","","","","","BD_ICV_2022"
"","","","","","","","","","","","","","","","","","","","","","","","","","","","","","","","","","","","BD_ICV_2022"
"","","","","","","","","","","","","","","","","","","","","","","","","","","","","","","","","","","","BD_ICV_2022"
"","","","","","","","","","","","","","","","","","","","","","","","","","","","","","","","","","","","BD_ICV_2022"
"","","","","","","","","","","","","","","","","","","","","","","","","","","","","","","","","","","","BD_ICV_2022"
"","","","","","","","","","","","","","","","","","","","","","","","","","","","","","","","","","","","BD_ICV_2022"
"","","","","","","","","","","","","","","","","","","","","","","","","","","","","","","","","","","","BD_ICV_2022"
"","","","","","","","","","","","","","","","","","","","","","","","","","","","","","","","","","","","BD_ICV_2022"
"","","","","","","","","","","","","","","","","","","","","","","","","","","","","","","","","","","","BD_ICV_2022"
"","","","","","","","","","","","","","","","","","","","","","","","","","","","","","","","","","","","BD_ICV_2022"
"","","","","","","","","","","","","","","","","","","","","","","","","","","","","","","","","","","","BD_ICV_2022"
"","","","","","","","","","","","","","","","","","","","","","","","","","","","","","","","","","","","BD_ICV_2022"
"","","","","","","","","","","","","","","","","","","","","","","","","","","","","","","","","","","","BD_ICV_2022"
"","","","","","","","","","","","","","","","","","","","","","","","","","","","","","","","","","","","BD_ICV_2022"
"","","","","","","","","","","","","","","","","","","","","","","","","","","","","","","","","","","","BD_ICV_2022"
"","","","","","","","","","","","","","","","","","","","","","","","","","","","","","","","","","","","BD_ICV_2022"
"","","","","","","","","","","","","","","","","","","","","","","","","","","","","","","","","","","","BD_ICV_2022"
"","","","","","","","","","","","","","","","","","","","","","","","","","","","","","","","","","","","BD_ICV_2022"
"","","","","","","","","","","","","","","","","","","","","","","","","","","","","","","","","","","","BD_ICV_2022"
"","","","","","","","","","","","","","","","","","","","","","","","","","","","","","","","","","","","BD_ICV_2022"
"","","","","","","","","","","","","","","","","","","","","","","","","","","","","","","","","","","","BD_ICV_2022"
"","","","","","","","","","","","","","","","","","","","","","","","","","","","","","","","","","","","BD_ICV_2022"
"","","","","","","","","","","","","","","","","","","","","","","","","","","","","","","","","","","","BD_ICV_2022"
"","","","","","","","","","","","","","","","","","","","","","","","","","","","","","","","","","","","BD_ICV_2022"
"","","","","","","","","","","","","","","","","","","","","","","","","","","","","","","","","","","","BD_ICV_2022"
"","","","","","","","","","","","","","","","","","","","","","","","","","","","","","","","","","","","BD_ICV_2022"
"","","","","","","","","","","","","","","","","","","","","","","","","","","","","","","","","","","","BD_ICV_2022"
"","","","","","","","","","","","","","","","","","","","","","","","","","","","","","","","","","","","BD_ICV_2022"
"","","","","","","","","","","","","","","","","","","","","","","","","","","","","","","","","","","","BD_ICV_2022"
"","","","","","","","","","","","","","","","","","","","","","","","","","","","","","","","","","","","BD_ICV_2022"
"","","","","","","","","","","","","","","","","","","","","","","","","","","","","","","","","","","","BD_ICV_2022"
"","","","","","","","","","","","","","","","","","","","","","","","","","","","","","","","","","","","BD_ICV_2022"
"","","","","","","","","","","","","","","","","","","","","","","","","","","","","","","","","","","","BD_ICV_2022"
"","","","","","","","","","","","","","","","","","","","","","","","","","","","","","","","","","","","BD_ICV_2022"
"","","","","","","","","","","","","","","","","","","","","","","","","","","","","","","","","","","","BD_ICV_2022"
"","","","","","","","","","","","","","","","","","","","","","","","","","","","","","","","","","","","BD_ICV_2022"
"","","","","","","","","","","","","","","","","","","","","","","","","","","","","","","","","","","","BD_ICV_2022"
"","","","","","","","","","","","","","","","","","","","","","","","","","","","","","","","","","","","BD_ICV_2022"
"","","","","","","","","","","","","","","","","","","","","","","","","","","","","","","","","","","","BD_ICV_2022"
"","","","","","","","","","","","","","","","","","","","","","","","","","","","","","","","","","","","BD_ICV_2022"
"","","","","","","","","","","","","","","","","","","","","","","","","","","","","","","","","","","","BD_ICV_2022"
"","","","","","","","","","","","","","","","","","","","","","","","","","","","","","","","","","","","BD_ICV_2022"
"","","","","","","","","","","","","","","","","","","","","","","","","","","","","","","","","","","","BD_ICV_2022"
"","","","","","","","","","","","","","","","","","","","","","","","","","","","","","","","","","","","BD_ICV_2022"
"","","","","","","","","","","","","","","","","","","","","","","","","","","","","","","","","","","","BD_ICV_2022"
"","","","","","","","","","","","","","","","","","","","","","","","","","","","","","","","","","","","BD_ICV_2022"
"","","","","","","","","","","","","","","","","","","","","","","","","","","","","","","","","","","","BD_ICV_2022"
"","","","","","","","","","","","","","","","","","","","","","","","","","","","","","","","","","","","BD_ICV_2022"
"","","","","","","","","","","","","","","","","","","","","","","","","","","","","","","","","","","","BD_ICV_2022"
"","","","","","","","","","","","","","","","","","","","","","","","","","","","","","","","","","","","BD_ICV_2022"
"","","","","","","","","","","","","","","","","","","","","","","","","","","","","","","","","","","","BD_ICV_2022"
"","","","","","","","","","","","","","","","","","","","","","","","","","","","","","","","","","","","BD_ICV_2022"
"","","","","","","","","","","","","","","","","","","","","","","","","","","","","","","","","","","","BD_ICV_2022"
"","","","","","","","","","","","","","","","","","","","","","","","","","","","","","","","","","","","BD_ICV_2022"
"","","","","","","","","","","","","","","","","","","","","","","","","","","","","","","","","","","","BD_ICV_2022"
"","","","","","","","","","","","","","","","","","","","","","","","","","","","","","","","","","","","BD_ICV_2022"
"","","","","","","","","","","","","","","","","","","","","","","","","","","","","","","","","","","","BD_ICV_2022"
"","","","","","","","","","","","","","","","","","","","","","","","","","","","","","","","","","","","BD_ICV_2022"
"","","","","","","","","","","","","","","","","","","","","","","","","","","","","","","","","","","","BD_ICV_2022"
"","","","","","","","","","","","","","","","","","","","","","","","","","","","","","","","","","","","BD_ICV_2022"
"","","","","","","","","","","","","","","","","","","","","","","","","","","","","","","","","","","","BD_ICV_2022"
"","","","","","","","","","","","","","","","","","","","","","","","","","","","","","","","","","","","BD_ICV_2022"
"","","","","","","","","","","","","","","","","","","","","","","","","","","","","","","","","","","","BD_ICV_2022"
"","","","","","","","","","","","","","","","","","","","","","","","","","","","","","","","","","","","BD_ICV_2022"
"","","","","","","","","","","","","","","","","","","","","","","","","","","","","","","","","","","","BD_ICV_2022"
"","","","","","","","","","","","","","","","","","","","","","","","","","","","","","","","","","","","BD_ICV_2022"
"","","","","","","","","","","","","","","","","","","","","","","","","","","","","","","","","","","","BD_ICV_2022"
"","","","","","","","","","","","","","","","","","","","","","","","","","","","","","","","","","","","BD_ICV_2022"
"","","","","","","","","","","","","","","","","","","","","","","","","","","","","","","","","","","","BD_ICV_2022"
"","","","","","","","","","","","","","","","","","","","","","","","","","","","","","","","","","","","BD_ICV_2022"
"","","","","","","","","","","","","","","","","","","","","","","","","","","","","","","","","","","","BD_ICV_2022"
"","","","","","","","","","","","","","","","","","","","","","","","","","","","","","","","","","","","BD_ICV_2022"
"","","","","","","","","","","","","","","","","","","","","","","","","","","","","","","","","","","","BD_ICV_2022"
"","","","","","","","","","","","","","","","","","","","","","","","","","","","","","","","","","","","BD_ICV_2022"
"","","","","","","","","","","","","","","","","","","","","","","","","","","","","","","","","","","","BD_ICV_2022"
"","","","","","","","","","","","","","","","","","","","","","","","","","","","","","","","","","","","BD_ICV_2022"
"","","","","","","","","","","","","","","","","","","","","","","","","","","","","","","","","","","","BD_ICV_2022"
"","","","","","","","","","","","","","","","","","","","","","","","","","","","","","","","","","","","BD_ICV_2022"
"","","","","","","","","","","","","","","","","","","","","","","","","","","","","","","","","","","","BD_ICV_2022"
"","","","","","","","","","","","","","","","","","","","","","","","","","","","","","","","","","","","BD_ICV_2022"
"","","","","","","","","","","","","","","","","","","","","","","","","","","","","","","","","","","","BD_ICV_2022"
"","","","","","","","","","","","","","","","","","","","","","","","","","","","","","","","","","","","BD_ICV_2022"
"","","","","","","","","","","","","","","","","","","","","","","","","","","","","","","","","","","","BD_ICV_2022"
"","","","","","","","","","","","","","","","","","","","","","","","","","","","","","","","","","","","BD_ICV_2022"
"","","","","","","","","","","","","","","","","","","","","","","","","","","","","","","","","","","","BD_ICV_2022"
"","","","","","","","","","","","","","","","","","","","","","","","","","","","","","","","","","","","BD_ICV_2022"
"","","","","","","","","","","","","","","","","","","","","","","","","","","","","","","","","","","","BD_ICV_2022"
"","","","","","","","","","","","","","","","","","","","","","","","","","","","","","","","","","","","BD_ICV_2022"
"","","","","","","","","","","","","","","","","","","","","","","","","","","","","","","","","","","","BD_ICV_2022"
"","","","","","","","","","","","","","","","","","","","","","","","","","","","","","","","","","","","BD_ICV_2022"
"","","","","","","","","","","","","","","","","","","","","","","","","","","","","","","","","","","","BD_ICV_2022"
"","","","","","","","","","","","","","","","","","","","","","","","","","","","","","","","","","","","BD_ICV_2022"
"","","","","","","","","","","","","","","","","","","","","","","","","","","","","","","","","","","","BD_ICV_2022"
"","","","","","","","","","","","","","","","","","","","","","","","","","","","","","","","","","","","BD_ICV_2022"
"","","","","","","","","","","","","","","","","","","","","","","","","","","","","","","","","","","","BD_ICV_2022"
"","","","","","","","","","","","","","","","","","","","","","","","","","","","","","","","","","","","BD_ICV_2022"
"","","","","","","","","","","","","","","","","","","","","","","","","","","","","","","","","","","","BD_ICV_2022"
"","","","","","","","","","","","","","","","","","","","","","","","","","","","","","","","","","","","BD_ICV_2022"
"","","","","","","","","","","","","","","","","","","","","","","","","","","","","","","","","","","","BD_ICV_2022"
"","","","","","","","","","","","","","","","","","","","","","","","","","","","","","","","","","","","BD_ICV_2022"
"","","","","","","","","","","","","","","","","","","","","","","","","","","","","","","","","","","","BD_ICV_2022"
"","","","","","","","","","","","","","","","","","","","","","","","","","","","","","","","","","","","BD_ICV_2022"
"","","","","","","","","","","","","","","","","","","","","","","","","","","","","","","","","","","","BD_ICV_2022"
"","","","","","","","","","","","","","","","","","","","","","","","","","","","","","","","","","","","BD_ICV_2022"
"","","","","","","","","","","","","","","","","","","","","","","","","","","","","","","","","","","","BD_ICV_2022"
"","","","","","","","","","","","","","","","","","","","","","","","","","","","","","","","","","","","BD_ICV_2022"
"","","","","","","","","","","","","","","","","","","","","","","","","","","","","","","","","","","","BD_ICV_2022"
"","","","","","","","","","","","","","","","","","","","","","","","","","","","","","","","","","","","BD_ICV_2022"
"","","","","","","","","","","","","","","","","","","","","","","","","","","","","","","","","","","","BD_ICV_2022"
"","","","","","","","","","","","","","","","","","","","","","","","","","","","","","","","","","","","BD_ICV_2022"
"","","","","","","","","","","","","","","","","","","","","","","","","","","","","","","","","","","","BD_ICV_2022"
"","","","","","","","","","","","","","","","","","","","","","","","","","","","","","","","","","","","BD_ICV_2022"
"","","","","","","","","","","","","","","","","","","","","","","","","","","","","","","","","","","","BD_ICV_2022"
"","","","","","","","","","","","","","","","","","","","","","","","","","","","","","","","","","","","BD_ICV_2022"
"","","","","","","","","","","","","","","","","","","","","","","","","","","","","","","","","","","","BD_ICV_2022"
"","","","","","","","","","","","","","","","","","","","","","","","","","","","","","","","","","","","BD_ICV_2022"
"","","","","","","","","","","","","","","","","","","","","","","","","","","","","","","","","","","","BD_ICV_2022"
"","","","","","","","","","","","","","","","","","","","","","","","","","","","","","","","","","","","BD_ICV_2022"
"","","","","","","","","","","","","","","","","","","","","","","","","","","","","","","","","","","","BD_ICV_2022"
"","","","","","","","","","","","","","","","","","","","","","","","","","","","","","","","","","","","BD_ICV_2022"
"","","","","","","","","","","","","","","","","","","","","","","","","","","","","","","","","","","","BD_ICV_2022"
"","","","","","","","","","","","","","","","","","","","","","","","","","","","","","","","","","","","BD_ICV_2022"
"","","","","","","","","","","","","","","","","","","","","","","","","","","","","","","","","","","","BD_ICV_2022"
"","","","","","","","","","","","","","","","","","","","","","","","","","","","","","","","","","","","BD_ICV_2022"
"","","","","","","","","","","","","","","","","","","","","","","","","","","","","","","","","","","","BD_ICV_2022"
"","","","","","","","","","","","","","","","","","","","","","","","","","","","","","","","","","","","BD_ICV_2022"
"","","","","","","","","","","","","","","","","","","","","","","","","","","","","","","","","","","","BD_ICV_2022"
"","","","","","","","","","","","","","","","","","","","","","","","","","","","","","","","","","","","BD_ICV_2022"
"","","","","","","","","","","","","","","","","","","","","","","","","","","","","","","","","","","","BD_ICV_2022"
"","","","","","","","","","","","","","","","","","","","","","","","","","","","","","","","","","","","BD_ICV_2022"
"","","","","","","","","","","","","","","","","","","","","","","","","","","","","","","","","","","","BD_ICV_2022"
"","","","","","","","","","","","","","","","","","","","","","","","","","","","","","","","","","","","BD_ICV_2022"
"","","","","","","","","","","","","","","","","","","","","","","","","","","","","","","","","","","","BD_ICV_2022"
"","","","","","","","","","","","","","","","","","","","","","","","","","","","","","","","","","","","BD_ICV_2022"
"","","","","","","","","","","","","","","","","","","","","","","","","","","","","","","","","","","","BD_ICV_2022"
"","","","","","","","","","","","","","","","","","","","","","","","","","","","","","","","","","","","BD_ICV_2022"
"","","","","","","","","","","","","","","","","","","","","","","","","","","","","","","","","","","","BD_ICV_2022"
"","","","","","","","","","","","","","","","","","","","","","","","","","","","","","","","","","","","BD_ICV_2022"
"","","","","","","","","","","","","","","","","","","","","","","","","","","","","","","","","","","","BD_ICV_2022"
"","","","","","","","","","","","","","","","","","","","","","","","","","","","","","","","","","","","BD_ICV_2022"
"","","","","","","","","","","","","","","","","","","","","","","","","","","","","","","","","","","","BD_ICV_2022"
"","","","","","","","","","","","","","","","","","","","","","","","","","","","","","","","","","","","BD_ICV_2022"
"","","","","","","","","","","","","","","","","","","","","","","","","","","","","","","","","","","","BD_ICV_2022"
"","","","","","","","","","","","","","","","","","","","","","","","","","","","","","","","","","","","BD_ICV_2022"
"","","","","","","","","","","","","","","","","","","","","","","","","","","","","","","","","","","","BD_ICV_2022"
"","","","","","","","","","","","","","","","","","","","","","","","","","","","","","","","","","","","BD_ICV_2022"
"","","","","","","","","","","","","","","","","","","","","","","","","","","","","","","","","","","","BD_ICV_2022"
"","","","","","","","","","","","","","","","","","","","","","","","","","","","","","","","","","","","BD_ICV_2022"
"","","","","","","","","","","","","","","","","","","","","","","","","","","","","","","","","","","","BD_ICV_2022"
"","","","","","","","","","","","","","","","","","","","","","","","","","","","","","","","","","","","BD_ICV_2022"
"","","","","","","","","","","","","","","","","","","","","","","","","","","","","","","","","","","","BD_ICV_2022"
"","","","","","","","","","","","","","","","","","","","","","","","","","","","","","","","","","","","BD_ICV_2022"
"","","","","","","","","","","","","","","","","","","","","","","","","","","","","","","","","","","","BD_ICV_2022"
"","","","","","","","","","","","","","","","","","","","","","","","","","","","","","","","","","","","BD_ICV_2022"
"","","","","","","","","","","","","","","","","","","","","","","","","","","","","","","","","","","","BD_ICV_2022"
"","","","","","","","","","","","","","","","","","","","","","","","","","","","","","","","","","","","BD_ICV_2022"
"","","","","","","","","","","","","","","","","","","","","","","","","","","","","","","","","","","","BD_ICV_2022"
"","","","","","","","","","","","","","","","","","","","","","","","","","","","","","","","","","","","BD_ICV_2022"
"","","","","","","","","","","","","","","","","","","","","","","","","","","","","","","","","","","","BD_ICV_2022"
"","","","","","","","","","","","","","","","","","","","","","","","","","","","","","","","","","","","BD_ICV_2022"
"","","","","","","","","","","","","","","","","","","","","","","","","","","","","","","","","","","","BD_ICV_2022"
"","","","","","","","","","","","","","","","","","","","","","","","","","","","","","","","","","","","BD_ICV_2022"
"","","","","","","","","","","","","","","","","","","","","","","","","","","","","","","","","","","","BD_ICV_2022"
"","","","","","","","","","","","","","","","","","","","","","","","","","","","","","","","","","","","BD_ICV_2022"
"","","","","","","","","","","","","","","","","","","","","","","","","","","","","","","","","","","","BD_ICV_2022"
"","","","","","","","","","","","","","","","","","","","","","","","","","","","","","","","","","","","BD_ICV_2022"
"","","","","","","","","","","","","","","","","","","","","","","","","","","","","","","","","","","","BD_ICV_2022"
"","","","","","","","","","","","","","","","","","","","","","","","","","","","","","","","","","","","BD_ICV_2022"
"","","","","","","","","","","","","","","","","","","","","","","","","","","","","","","","","","","","BD_ICV_2022"
"","","","","","","","","","","","","","","","","","","","","","","","","","","","","","","","","","","","BD_ICV_2022"
"","","","","","","","","","","","","","","","","","","","","","","","","","","","","","","","","","","","BD_ICV_2022"
"","","","","","","","","","","","","","","","","","","","","","","","","","","","","","","","","","","","BD_ICV_2022"
"","","","","","","","","","","","","","","","","","","","","","","","","","","","","","","","","","","","BD_ICV_2022"
"","","","","","","","","","","","","","","","","","","","","","","","","","","","","","","","","","","","BD_ICV_2022"
"","","","","","","","","","","","","","","","","","","","","","","","","","","","","","","","","","","","BD_ICV_2022"
"","","","","","","","","","","","","","","","","","","","","","","","","","","","","","","","","","","","BD_ICV_2022"
"","","","","","","","","","","","","","","","","","","","","","","","","","","","","","","","","","","","BD_ICV_2022"
"","","","","","","","","","","","","","","","","","","","","","","","","","","","","","","","","","","","BD_ICV_2022"
"","","","","","","","","","","","","","","","","","","","","","","","","","","","","","","","","","","","BD_ICV_2022"
"","","","","","","","","","","","","","","","","","","","","","","","","","","","","","","","","","","","BD_ICV_2022"
"","","","","","","","","","","","","","","","","","","","","","","","","","","","","","","","","","","","BD_ICV_2022"
"","","","","","","","","","","","","","","","","","","","","","","","","","","","","","","","","","","","BD_ICV_2022"
"","","","","","","","","","","","","","","","","","","","","","","","","","","","","","","","","","","","BD_ICV_2022"
"","","","","","","","","","","","","","","","","","","","","","","","","","","","","","","","","","","","BD_ICV_2022"
"","","","","","","","","","","","","","","","","","","","","","","","","","","","","","","","","","","","BD_ICV_2022"
"","","","","","","","","","","","","","","","","","","","","","","","","","","","","","","","","","","","BD_ICV_2022"
"","","","","","","","","","","","","","","","","","","","","","","","","","","","","","","","","","","","BD_ICV_2022"
"","","","","","","","","","","","","","","","","","","","","","","","","","","","","","","","","","","","BD_ICV_2022"
"","","","","","","","","","","","","","","","","","","","","","","","","","","","","","","","","","","","BD_ICV_2022"
"","","","","","","","","","","","","","","","","","","","","","","","","","","","","","","","","","","","BD_ICV_2022"
"","","","","","","","","","","","","","","","","","","","","","","","","","","","","","","","","","","","BD_ICV_2022"
"","","","","","","","","","","","","","","","","","","","","","","","","","","","","","","","","","","","BD_ICV_2022"
"","","","","","","","","","","","","","","","","","","","","","","","","","","","","","","","","","","","BD_ICV_2022"
"","","","","","","","","","","","","","","","","","","","","","","","","","","","","","","","","","","","BD_ICV_2022"
"","","","","","","","","","","","","","","","","","","","","","","","","","","","","","","","","","","","BD_ICV_2022"
"","","","","","","","","","","","","","","","","","","","","","","","","","","","","","","","","","","","BD_ICV_2022"
"","","","","","","","","","","","","","","","","","","","","","","","","","","","","","","","","","","","BD_ICV_2022"
"","","","","","","","","","","","","","","","","","","","","","","","","","","","","","","","","","","","BD_ICV_2022"
"","","","","","","","","","","","","","","","","","","","","","","","","","","","","","","","","","","","BD_ICV_2022"
"","","","","","","","","","","","","","","","","","","","","","","","","","","","","","","","","","","","BD_ICV_2022"
"","","","","","","","","","","","","","","","","","","","","","","","","","","","","","","","","","","","BD_ICV_2022"
"","","","","","","","","","","","","","","","","","","","","","","","","","","","","","","","","","","","BD_ICV_2022"
"","","","","","","","","","","","","","","","","","","","","","","","","","","","","","","","","","","","BD_ICV_2022"
"","","","","","","","","","","","","","","","","","","","","","","","","","","","","","","","","","","","BD_ICV_2022"
"","","","","","","","","","","","","","","","","","","","","","","","","","","","","","","","","","","","BD_ICV_2022"
"","","","","","","","","","","","","","","","","","","","","","","","","","","","","","","","","","","","BD_ICV_2022"
"","","","","","","","","","","","","","","","","","","","","","","","","","","","","","","","","","","","BD_ICV_2022"
"","","","","","","","","","","","","","","","","","","","","","","","","","","","","","","","","","","","BD_ICV_2022"
"","","","","","","","","","","","","","","","","","","","","","","","","","","","","","","","","","","","BD_ICV_2022"
"","","","","","","","","","","","","","","","","","","","","","","","","","","","","","","","","","","","BD_ICV_2022"
"","","","","","","","","","","","","","","","","","","","","","","","","","","","","","","","","","","","BD_ICV_2022"
"","","","","","","","","","","","","","","","","","","","","","","","","","","","","","","","","","","","BD_ICV_2022"
"","","","","","","","","","","","","","","","","","","","","","","","","","","","","","","","","","","","BD_ICV_2022"
"","","","","","","","","","","","","","","","","","","","","","","","","","","","","","","","","","","","BD_ICV_2022"
"","","","","","","","","","","","","","","","","","","","","","","","","","","","","","","","","","","","BD_ICV_2022"
"","","","","","","","","","","","","","","","","","","","","","","","","","","","","","","","","","","","BD_ICV_2022"
"","","","","","","","","","","","","","","","","","","","","","","","","","","","","","","","","","","","BD_ICV_2022"
"","","","","","","","","","","","","","","","","","","","","","","","","","","","","","","","","","","","BD_ICV_2022"
"","","","","","","","","","","","","","","","","","","","","","","","","","","","","","","","","","","","BD_ICV_2022"
"","","","","","","","","","","","","","","","","","","","","","","","","","","","","","","","","","","","BD_ICV_2022"
"","","","","","","","","","","","","","","","","","","","","","","","","","","","","","","","","","","","BD_ICV_2022"
"","","","","","","","","","","","","","","","","","","","","","","","","","","","","","","","","","","","BD_ICV_2022"
"","","","","","","","","","","","","","","","","","","","","","","","","","","","","","","","","","","","BD_ICV_2022"
"","","","","","","","","","","","","","","","","","","","","","","","","","","","","","","","","","","","BD_ICV_2022"
"","","","","","","","","","","","","","","","","","","","","","","","","","","","","","","","","","","","BD_ICV_2022"
"","","","","","","","","","","","","","","","","","","","","","","","","","","","","","","","","","","","BD_ICV_2022"
"","","","","","","","","","","","","","","","","","","","","","","","","","","","","","","","","","","","BD_ICV_2022"
"","","","","","","","","","","","","","","","","","","","","","","","","","","","","","","","","","","","BD_ICV_2022"
"","","","","","","","","","","","","","","","","","","","","","","","","","","","","","","","","","","","BD_ICV_2022"
"","","","","","","","","","","","","","","","","","","","","","","","","","","","","","","","","","","","BD_ICV_2022"
"","","","","","","","","","","","","","","","","","","","","","","","","","","","","","","","","","","","BD_ICV_2022"
"","","","","","","","","","","","","","","","","","","","","","","","","","","","","","","","","","","","BD_ICV_2022"
"","","","","","","","","","","","","","","","","","","","","","","","","","","","","","","","","","","","BD_ICV_2022"
"","","","","","","","","","","","","","","","","","","","","","","","","","","","","","","","","","","","BD_ICV_2022"
"","","","","","","","","","","","","","","","","","","","","","","","","","","","","","","","","","","","BD_ICV_2022"
"","","","","","","","","","","","","","","","","","","","","","","","","","","","","","","","","","","","BD_ICV_2022"
"","","","","","","","","","","","","","","","","","","","","","","","","","","","","","","","","","","","BD_ICV_2022"
"","","","","","","","","","","","","","","","","","","","","","","","","","","","","","","","","","","","BD_ICV_2022"
"","","","","","","","","","","","","","","","","","","","","","","","","","","","","","","","","","","","BD_ICV_2022"
"","","","","","","","","","","","","","","","","","","","","","","","","","","","","","","","","","","","BD_ICV_2022"
"","","","","","","","","","","","","","","","","","","","","","","","","","","","","","","","","","","","BD_ICV_2022"
"","","","","","","","","","","","","","","","","","","","","","","","","","","","","","","","","","","","BD_ICV_2022"
"","","","","","","","","","","","","","","","","","","","","","","","","","","","","","","","","","","","BD_ICV_2022"
"","","","","","","","","","","","","","","","","","","","","","","","","","","","","","","","","","","","BD_ICV_2022"
"","","","","","","","","","","","","","","","","","","","","","","","","","","","","","","","","","","","BD_ICV_2022"
"","","","","","","","","","","","","","","","","","","","","","","","","","","","","","","","","","","","BD_ICV_2022"
"","","","","","","","","","","","","","","","","","","","","","","","","","","","","","","","","","","","BD_ICV_2022"
"","","","","","","","","","","","","","","","","","","","","","","","","","","","","","","","","","","","BD_ICV_2022"
"","","","","","","","","","","","","","","","","","","","","","","","","","","","","","","","","","","","BD_ICV_2022"
"","","","","","","","","","","","","","","","","","","","","","","","","","","","","","","","","","","","BD_ICV_2022"
"","","","","","","","","","","","","","","","","","","","","","","","","","","","","","","","","","","","BD_ICV_2022"
"","","","","","","","","","","","","","","","","","","","","","","","","","","","","","","","","","","","BD_ICV_2022"
"","","","","","","","","","","","","","","","","","","","","","","","","","","","","","","","","","","","BD_ICV_2022"
"","","","","","","","","","","","","","","","","","","","","","","","","","","","","","","","","","","","BD_ICV_2022"
"","","","","","","","","","","","","","","","","","","","","","","","","","","","","","","","","","","","BD_ICV_2022"
"","","","","","","","","","","","","","","","","","","","","","","","","","","","","","","","","","","","BD_ICV_2022"
"","","","","","","","","","","","","","","","","","","","","","","","","","","","","","","","","","","","BD_ICV_2022"
"","","","","","","","","","","","","","","","","","","","","","","","","","","","","","","","","","","","BD_ICV_2022"
"","","","","","","","","","","","","","","","","","","","","","","","","","","","","","","","","","","","BD_ICV_2022"
"","","","","","","","","","","","","","","","","","","","","","","","","","","","","","","","","","","","BD_ICV_2022"
"","","","","","","","","","","","","","","","","","","","","","","","","","","","","","","","","","","","BD_ICV_2022"
"","","","","","","","","","","","","","","","","","","","","","","","","","","","","","","","","","","","BD_ICV_2022"
"","","","","","","","","","","","","","","","","","","","","","","","","","","","","","","","","","","","BD_ICV_2022"
"","","","","","","","","","","","","","","","","","","","","","","","","","","","","","","","","","","","BD_ICV_2022"
"","","","","","","","","","","","","","","","","","","","","","","","","","","","","","","","","","","","BD_ICV_2022"
"","","","","","","","","","","","","","","","","","","","","","","","","","","","","","","","","","","","BD_ICV_2022"
"","","","","","","","","","","","","","","","","","","","","","","","","","","","","","","","","","","","BD_ICV_2022"
"","","","","","","","","","","","","","","","","","","","","","","","","","","","","","","","","","","","BD_ICV_2022"
"","","","","","","","","","","","","","","","","","","","","","","","","","","","","","","","","","","","BD_ICV_2022"
"","","","","","","","","","","","","","","","","","","","","","","","","","","","","","","","","","","","BD_ICV_2022"
"","","","","","","","","","","","","","","","","","","","","","","","","","","","","","","","","","","","BD_ICV_2022"
"","","","","","","","","","","","","","","","","","","","","","","","","","","","","","","","","","","","BD_ICV_2022"
"","","","","","","","","","","","","","","","","","","","","","","","","","","","","","","","","","","","BD_ICV_2022"
"","","","","","","","","","","","","","","","","","","","","","","","","","","","","","","","","","","","BD_ICV_2022"
"","","","","","","","","","","","","","","","","","","","","","","","","","","","","","","","","","","","BD_ICV_2022"
"","","","","","","","","","","","","","","","","","","","","","","","","","","","","","","","","","","","BD_ICV_2022"
"","","","","","","","","","","","","","","","","","","","","","","","","","","","","","","","","","","","BD_ICV_2022"
"","","","","","","","","","","","","","","","","","","","","","","","","","","","","","","","","","","","BD_ICV_2022"
"","","","","","","","","","","","","","","","","","","","","","","","","","","","","","","","","","","","BD_ICV_2022"
"","","","","","","","","","","","","","","","","","","","","","","","","","","","","","","","","","","","BD_ICV_2022"
"","","","","","","","","","","","","","","","","","","","","","","","","","","","","","","","","","","","BD_ICV_2022"
"","","","","","","","","","","","","","","","","","","","","","","","","","","","","","","","","","","","BD_ICV_2022"
"","","","","","","","","","","","","","","","","","","","","","","","","","","","","","","","","","","","BD_ICV_2022"
"","","","","","","","","","","","","","","","","","","","","","","","","","","","","","","","","","","","BD_ICV_2022"
"","","","","","","","","","","","","","","","","","","","","","","","","","","","","","","","","","","","BD_ICV_2022"
"","","","","","","","","","","","","","","","","","","","","","","","","","","","","","","","","","","","BD_ICV_2022"
"","","","","","","","","","","","","","","","","","","","","","","","","","","","","","","","","","","","BD_ICV_2022"
"","","","","","","","","","","","","","","","","","","","","","","","","","","","","","","","","","","","BD_ICV_2022"
"","","","","","","","","","","","","","","","","","","","","","","","","","","","","","","","","","","","BD_ICV_2022"
"","","","","","","","","","","","","","","","","","","","","","","","","","","","","","","","","","","","BD_ICV_2022"
"","","","","","","","","","","","","","","","","","","","","","","","","","","","","","","","","","","","BD_ICV_2022"
"","","","","","","","","","","","","","","","","","","","","","","","","","","","","","","","","","","","BD_ICV_2022"
"","","","","","","","","","","","","","","","","","","","","","","","","","","","","","","","","","","","BD_ICV_2022"
"","","","","","","","","","","","","","","","","","","","","","","","","","","","","","","","","","","","BD_ICV_2022"
"","","","","","","","","","","","","","","","","","","","","","","","","","","","","","","","","","","","BD_ICV_2022"
"","","","","","","","","","","","","","","","","","","","","","","","","","","","","","","","","","","","BD_ICV_2022"
"","","","","","","","","","","","","","","","","","","","","","","","","","","","","","","","","","","","BD_ICV_2022"
"","","","","","","","","","","","","","","","","","","","","","","","","","","","","","","","","","","","BD_ICV_2022"
"","","","","","","","","","","","","","","","","","","","","","","","","","","","","","","","","","","","BD_ICV_2022"
"","","","","","","","","","","","","","","","","","","","","","","","","","","","","","","","","","","","BD_ICV_2022"
"","","","","","","","","","","","","","","","","","","","","","","","","","","","","","","","","","","","BD_ICV_2022"
"","","","","","","","","","","","","","","","","","","","","","","","","","","","","","","","","","","","BD_ICV_2022"
"","","","","","","","","","","","","","","","","","","","","","","","","","","","","","","","","","","","BD_ICV_2022"
"","","","","","","","","","","","","","","","","","","","","","","","","","","","","","","","","","","","BD_ICV_2022"
"","","","","","","","","","","","","","","","","","","","","","","","","","","","","","","","","","","","BD_ICV_2022"
"","","","","","","","","","","","","","","","","","","","","","","","","","","","","","","","","","","","BD_ICV_2022"
"","","","","","","","","","","","","","","","","","","","","","","","","","","","","","","","","","","","BD_ICV_2022"
"","","","","","","","","","","","","","","","","","","","","","","","","","","","","","","","","","","","BD_ICV_2022"
"","","","","","","","","","","","","","","","","","","","","","","","","","","","","","","","","","","","BD_ICV_2022"
"","","","","","","","","","","","","","","","","","","","","","","","","","","","","","","","","","","","BD_ICV_2022"
"","","","","","","","","","","","","","","","","","","","","","","","","","","","","","","","","","","","BD_ICV_2022"
"","","","","","","","","","","","","","","","","","","","","","","","","","","","","","","","","","","","BD_ICV_2022"
"","","","","","","","","","","","","","","","","","","","","","","","","","","","","","","","","","","","BD_ICV_2022"
"","","","","","","","","","","","","","","","","","","","","","","","","","","","","","","","","","","","BD_ICV_2022"
"","","","","","","","","","","","","","","","","","","","","","","","","","","","","","","","","","","","BD_ICV_2022"
"","","","","","","","","","","","","","","","","","","","","","","","","","","","","","","","","","","","BD_ICV_2022"
"","","","","","","","","","","","","","","","","","","","","","","","","","","","","","","","","","","","BD_ICV_2022"
"","","","","","","","","","","","","","","","","","","","","","","","","","","","","","","","","","","","BD_ICV_2022"
"","","","","","","","","","","","","","","","","","","","","","","","","","","","","","","","","","","","BD_ICV_2022"
"","","","","","","","","","","","","","","","","","","","","","","","","","","","","","","","","","","","BD_ICV_2022"
"","","","","","","","","","","","","","","","","","","","","","","","","","","","","","","","","","","","BD_ICV_2022"
"","","","","","","","","","","","","","","","","","","","","","","","","","","","","","","","","","","","BD_ICV_2022"
"","","","","","","","","","","","","","","","","","","","","","","","","","","","","","","","","","","","BD_ICV_2022"
"","","","","","","","","","","","","","","","","","","","","","","","","","","","","","","","","","","","BD_ICV_2022"
"","","","","","","","","","","","","","","","","","","","","","","","","","","","","","","","","","","","BD_ICV_2022"
"","","","","","","","","","","","","","","","","","","","","","","","","","","","","","","","","","","","BD_ICV_2022"
"","","","","","","","","","","","","","","","","","","","","","","","","","","","","","","","","","","","BD_ICV_2022"
"","","","","","","","","","","","","","","","","","","","","","","","","","","","","","","","","","","","BD_ICV_2022"
"","","","","","","","","","","","","","","","","","","","","","","","","","","","","","","","","","","","BD_ICV_2022"
"","","","","","","","","","","","","","","","","","","","","","","","","","","","","","","","","","","","BD_ICV_2022"
"","","","","","","","","","","","","","","","","","","","","","","","","","","","","","","","","","","","BD_ICV_2022"
"","","","","","","","","","","","","","","","","","","","","","","","","","","","","","","","","","","","BD_ICV_2022"
"","","","","","","","","","","","","","","","","","","","","","","","","","","","","","","","","","","","BD_ICV_2022"
"","","","","","","","","","","","","","","","","","","","","","","","","","","","","","","","","","","","BD_ICV_2022"
"","","","","","","","","","","","","","","","","","","","","","","","","","","","","","","","","","","","BD_ICV_2022"
"","","","","","","","","","","","","","","","","","","","","","","","","","","","","","","","","","","","BD_ICV_2022"
"","","","","","","","","","","","","","","","","","","","","","","","","","","","","","","","","","","","BD_ICV_2022"
"","","","","","","","","","","","","","","","","","","","","","","","","","","","","","","","","","","","BD_ICV_2022"
"","","","","","","","","","","","","","","","","","","","","","","","","","","","","","","","","","","","BD_ICV_2022"
"","","","","","","","","","","","","","","","","","","","","","","","","","","","","","","","","","","","BD_ICV_2022"
"","","","","","","","","","","","","","","","","","","","","","","","","","","","","","","","","","","","BD_ICV_2022"
"","","","","","","","","","","","","","","","","","","","","","","","","","","","","","","","","","","","BD_ICV_2022"
"","","","","","","","","","","","","","","","","","","","","","","","","","","","","","","","","","","","BD_ICV_2022"
"","","","","","","","","","","","","","","","","","","","","","","","","","","","","","","","","","","","BD_ICV_2022"
"","","","","","","","","","","","","","","","","","","","","","","","","","","","","","","","","","","","BD_ICV_2022"
"","","","","","","","","","","","","","","","","","","","","","","","","","","","","","","","","","","","BD_ICV_2022"
"","","","","","","","","","","","","","","","","","","","","","","","","","","","","","","","","","","","BD_ICV_2022"
"","","","","","","","","","","","","","","","","","","","","","","","","","","","","","","","","","","","BD_ICV_2022"
"","","","","","","","","","","","","","","","","","","","","","","","","","","","","","","","","","","","BD_ICV_2022"
"","","","","","","","","","","","","","","","","","","","","","","","","","","","","","","","","","","","BD_ICV_2022"
"","","","","","","","","","","","","","","","","","","","","","","","","","","","","","","","","","","","BD_ICV_2022"
"","","","","","","","","","","","","","","","","","","","","","","","","","","","","","","","","","","","BD_ICV_2022"
"","","","","","","","","","","","","","","","","","","","","","","","","","","","","","","","","","","","BD_ICV_2022"
"","","","","","","","","","","","","","","","","","","","","","","","","","","","","","","","","","","","BD_ICV_2022"
"","","","","","","","","","","","","","","","","","","","","","","","","","","","","","","","","","","","BD_ICV_2022"
"","","","","","","","","","","","","","","","","","","","","","","","","","","","","","","","","","","","BD_ICV_2022"
"","","","","","","","","","","","","","","","","","","","","","","","","","","","","","","","","","","","BD_ICV_2022"
"","","","","","","","","","","","","","","","","","","","","","","","","","","","","","","","","","","","BD_ICV_2022"
"","","","","","","","","","","","","","","","","","","","","","","","","","","","","","","","","","","","BD_ICV_2022"
"","","","","","","","","","","","","","","","","","","","","","","","","","","","","","","","","","","","BD_ICV_2022"
"","","","","","","","","","","","","","","","","","","","","","","","","","","","","","","","","","","","BD_ICV_2022"
"","","","","","","","","","","","","","","","","","","","","","","","","","","","","","","","","","","","BD_ICV_2022"
"","","","","","","","","","","","","","","","","","","","","","","","","","","","","","","","","","","","BD_ICV_2022"
"","","","","","","","","","","","","","","","","","","","","","","","","","","","","","","","","","","","BD_ICV_2022"
"","","","","","","","","","","","","","","","","","","","","","","","","","","","","","","","","","","","BD_ICV_2022"
"","","","","","","","","","","","","","","","","","","","","","","","","","","","","","","","","","","","BD_ICV_2022"
"","","","","","","","","","","","","","","","","","","","","","","","","","","","","","","","","","","","BD_ICV_2022"
"","","","","","","","","","","","","","","","","","","","","","","","","","","","","","","","","","","","BD_ICV_2022"
"","","","","","","","","","","","","","","","","","","","","","","","","","","","","","","","","","","","BD_ICV_2022"
"","","","","","","","","","","","","","","","","","","","","","","","","","","","","","","","","","","","BD_ICV_2022"
"","","","","","","","","","","","","","","","","","","","","","","","","","","","","","","","","","","","BD_ICV_2022"
"","","","","","","","","","","","","","","","","","","","","","","","","","","","","","","","","","","","BD_ICV_2022"
"","","","","","","","","","","","","","","","","","","","","","","","","","","","","","","","","","","","BD_ICV_2022"
"","","","","","","","","","","","","","","","","","","","","","","","","","","","","","","","","","","","BD_ICV_2022"
"","","","","","","","","","","","","","","","","","","","","","","","","","","","","","","","","","","","BD_ICV_2022"
"","","","","","","","","","","","","","","","","","","","","","","","","","","","","","","","","","","","BD_ICV_2022"
"","","","","","","","","","","","","","","","","","","","","","","","","","","","","","","","","","","","BD_ICV_2022"
"","","","","","","","","","","","","","","","","","","","","","","","","","","","","","","","","","","","BD_ICV_2022"
"","","","","","","","","","","","","","","","","","","","","","","","","","","","","","","","","","","","BD_ICV_2022"
"","","","","","","","","","","","","","","","","","","","","","","","","","","","","","","","","","","","BD_ICV_2022"
"","","","","","","","","","","","","","","","","","","","","","","","","","","","","","","","","","","","BD_ICV_2022"
"","","","","","","","","","","","","","","","","","","","","","","","","","","","","","","","","","","","BD_ICV_2022"
"","","","","","","","","","","","","","","","","","","","","","","","","","","","","","","","","","","","BD_ICV_2022"
"","","","","","","","","","","","","","","","","","","","","","","","","","","","","","","","","","","","BD_ICV_2022"
"","","","","","","","","","","","","","","","","","","","","","","","","","","","","","","","","","","","BD_ICV_2022"
"","","","","","","","","","","","","","","","","","","","","","","","","","","","","","","","","","","","BD_ICV_2022"
"","","","","","","","","","","","","","","","","","","","","","","","","","","","","","","","","","","","BD_ICV_2022"
"","","","","","","","","","","","","","","","","","","","","","","","","","","","","","","","","","","","BD_ICV_2022"
"","","","","","","","","","","","","","","","","","","","","","","","","","","","","","","","","","","","BD_ICV_2022"
"","","","","","","","","","","","","","","","","","","","","","","","","","","","","","","","","","","","BD_ICV_2022"
"","","","","","","","","","","","","","","","","","","","","","","","","","","","","","","","","","","","BD_ICV_2022"
"","","","","","","","","","","","","","","","","","","","","","","","","","","","","","","","","","","","BD_ICV_2022"
"","","","","","","","","","","","","","","","","","","","","","","","","","","","","","","","","","","","BD_ICV_2022"
"","","","","","","","","","","","","","","","","","","","","","","","","","","","","","","","","","","","BD_ICV_2022"
"","","","","","","","","","","","","","","","","","","","","","","","","","","","","","","","","","","","BD_ICV_2022"
"","","","","","","","","","","","","","","","","","","","","","","","","","","","","","","","","","","","BD_ICV_2022"
"","","","","","","","","","","","","","","","","","","","","","","","","","","","","","","","","","","","BD_ICV_2022"
"","","","","","","","","","","","","","","","","","","","","","","","","","","","","","","","","","","","BD_ICV_2022"
"","","","","","","","","","","","","","","","","","","","","","","","","","","","","","","","","","","","BD_ICV_2022"
"","","","","","","","","","","","","","","","","","","","","","","","","","","","","","","","","","","","BD_ICV_2022"
"","","","","","","","","","","","","","","","","","","","","","","","","","","","","","","","","","","","BD_ICV_2022"
"","","","","","","","","","","","","","","","","","","","","","","","","","","","","","","","","","","","BD_ICV_2022"
"","","","","","","","","","","","","","","","","","","","","","","","","","","","","","","","","","","","BD_ICV_2022"
"","","","","","","","","","","","","","","","","","","","","","","","","","","","","","","","","","","","BD_ICV_2022"
"","","","","","","","","","","","","","","","","","","","","","","","","","","","","","","","","","","","BD_ICV_2022"
"","","","","","","","","","","","","","","","","","","","","","","","","","","","","","","","","","","","BD_ICV_2022"
"","","","","","","","","","","","","","","","","","","","","","","","","","","","","","","","","","","","BD_ICV_2022"
"","","","","","","","","","","","","","","","","","","","","","","","","","","","","","","","","","","","BD_ICV_2022"
"","","","","","","","","","","","","","","","","","","","","","","","","","","","","","","","","","","","BD_ICV_2022"
"","","","","","","","","","","","","","","","","","","","","","","","","","","","","","","","","","","","BD_ICV_2022"
"","","","","","","","","","","","","","","","","","","","","","","","","","","","","","","","","","","","BD_ICV_2022"
"","","","","","","","","","","","","","","","","","","","","","","","","","","","","","","","","","","","BD_ICV_2022"
"","","","","","","","","","","","","","","","","","","","","","","","","","","","","","","","","","","","BD_ICV_2022"
"","","","","","","","","","","","","","","","","","","","","","","","","","","","","","","","","","","","BD_ICV_2022"
"","","","","","","","","","","","","","","","","","","","","","","","","","","","","","","","","","","","BD_ICV_2022"
"","","","","","","","","","","","","","","","","","","","","","","","","","","","","","","","","","","","BD_ICV_2022"
"","","","","","","","","","","","","","","","","","","","","","","","","","","","","","","","","","","","BD_ICV_2022"
"","","","","","","","","","","","","","","","","","","","","","","","","","","","","","","","","","","","BD_ICV_2022"
"","","","","","","","","","","","","","","","","","","","","","","","","","","","","","","","","","","","BD_ICV_2022"
"","","","","","","","","","","","","","","","","","","","","","","","","","","","","","","","","","","","BD_ICV_2022"
"","","","","","","","","","","","","","","","","","","","","","","","","","","","","","","","","","","","BD_ICV_2022"
"","","","","","","","","","","","","","","","","","","","","","","","","","","","","","","","","","","","BD_ICV_2022"
"","","","","","","","","","","","","","","","","","","","","","","","","","","","","","","","","","","","BD_ICV_2022"
"","","","","","","","","","","","","","","","","","","","","","","","","","","","","","","","","","","","BD_ICV_2022"
"","","","","","","","","","","","","","","","","","","","","","","","","","","","","","","","","","","","BD_ICV_2022"
"","","","","","","","","","","","","","","","","","","","","","","","","","","","","","","","","","","","BD_ICV_2022"
"","","","","","","","","","","","","","","","","","","","","","","","","","","","","","","","","","","","BD_ICV_2022"
"","","","","","","","","","","","","","","","","","","","","","","","","","","","","","","","","","","","BD_ICV_2022"
"","","","","","","","","","","","","","","","","","","","","","","","","","","","","","","","","","","","BD_ICV_2022"
"","","","","","","","","","","","","","","","","","","","","","","","","","","","","","","","","","","","BD_ICV_2022"
"","","","","","","","","","","","","","","","","","","","","","","","","","","","","","","","","","","","BD_ICV_2022"
"","","","","","","","","","","","","","","","","","","","","","","","","","","","","","","","","","","","BD_ICV_2022"
"","","","","","","","","","","","","","","","","","","","","","","","","","","","","","","","","","","","BD_ICV_2022"
"","","","","","","","","","","","","","","","","","","","","","","","","","","","","","","","","","","","BD_ICV_2022"
"","","","","","","","","","","","","","","","","","","","","","","","","","","","","","","","","","","","BD_ICV_2022"
"","","","","","","","","","","","","","","","","","","","","","","","","","","","","","","","","","","","BD_ICV_2022"
"","","","","","","","","","","","","","","","","","","","","","","","","","","","","","","","","","","","BD_ICV_2022"
"","","","","","","","","","","","","","","","","","","","","","","","","","","","","","","","","","","","BD_ICV_2022"
"","","","","","","","","","","","","","","","","","","","","","","","","","","","","","","","","","","","BD_ICV_2022"
"","","","","","","","","","","","","","","","","","","","","","","","","","","","","","","","","","","","BD_ICV_2022"
"","","","","","","","","","","","","","","","","","","","","","","","","","","","","","","","","","","","BD_ICV_2022"
"","","","","","","","","","","","","","","","","","","","","","","","","","","","","","","","","","","","BD_ICV_2022"
"","","","","","","","","","","","","","","","","","","","","","","","","","","","","","","","","","","","BD_ICV_2022"
"","","","","","","","","","","","","","","","","","","","","","","","","","","","","","","","","","","","BD_ICV_2022"
"","","","","","","","","","","","","","","","","","","","","","","","","","","","","","","","","","","","BD_ICV_2022"
"","","","","","","","","","","","","","","","","","","","","","","","","","","","","","","","","","","","BD_ICV_2022"
"","","","","","","","","","","","","","","","","","","","","","","","","","","","","","","","","","","","BD_ICV_2022"
"","","","","","","","","","","","","","","","","","","","","","","","","","","","","","","","","","","","BD_ICV_2022"
"","","","","","","","","","","","","","","","","","","","","","","","","","","","","","","","","","","","BD_ICV_2022"
"","","","","","","","","","","","","","","","","","","","","","","","","","","","","","","","","","","","BD_ICV_2022"
"","","","","","","","","","","","","","","","","","","","","","","","","","","","","","","","","","","","BD_ICV_2022"
"","","","","","","","","","","","","","","","","","","","","","","","","","","","","","","","","","","","BD_ICV_2022"
"","","","","","","","","","","","","","","","","","","","","","","","","","","","","","","","","","","","BD_ICV_2022"
"","","","","","","","","","","","","","","","","","","","","","","","","","","","","","","","","","","","BD_ICV_2022"
"","","","","","","","","","","","","","","","","","","","","","","","","","","","","","","","","","","","BD_ICV_2022"
"","","","","","","","","","","","","","","","","","","","","","","","","","","","","","","","","","","","BD_ICV_2022"
"","","","","","","","","","","","","","","","","","","","","","","","","","","","","","","","","","","","BD_ICV_2022"
"","","","","","","","","","","","","","","","","","","","","","","","","","","","","","","","","","","","BD_ICV_2022"
"","","","","","","","","","","","","","","","","","","","","","","","","","","","","","","","","","","","BD_ICV_2022"
"","","","","","","","","","","","","","","","","","","","","","","","","","","","","","","","","","","","BD_ICV_2022"
"","","","","","","","","","","","","","","","","","","","","","","","","","","","","","","","","","","","BD_ICV_2022"
"","","","","","","","","","","","","","","","","","","","","","","","","","","","","","","","","","","","BD_ICV_2022"
"","","","","","","","","","","","","","","","","","","","","","","","","","","","","","","","","","","","BD_ICV_2022"
"","","","","","","","","","","","","","","","","","","","","","","","","","","","","","","","","","","","BD_ICV_2022"
"","","","","","","","","","","","","","","","","","","","","","","","","","","","","","","","","","","","BD_ICV_2022"
"","","","","","","","","","","","","","","","","","","","","","","","","","","","","","","","","","","","BD_ICV_2022"
"","","","","","","","","","","","","","","","","","","","","","","","","","","","","","","","","","","","BD_ICV_2022"
"","","","","","","","","","","","","","","","","","","","","","","","","","","","","","","","","","","","BD_ICV_2022"
"","","","","","","","","","","","","","","","","","","","","","","","","","","","","","","","","","","","BD_ICV_2022"
"","","","","","","","","","","","","","","","","","","","","","","","","","","","","","","","","","","","BD_ICV_2022"
"","","","","","","","","","","","","","","","","","","","","","","","","","","","","","","","","","","","BD_ICV_2022"
"","","","","","","","","","","","","","","","","","","","","","","","","","","","","","","","","","","","BD_ICV_2022"
"","","","","","","","","","","","","","","","","","","","","","","","","","","","","","","","","","","","BD_ICV_2022"
"","","","","","","","","","","","","","","","","","","","","","","","","","","","","","","","","","","","BD_ICV_2022"
"","","","","","","","","","","","","","","","","","","","","","","","","","","","","","","","","","","","BD_ICV_2022"
"","","","","","","","","","","","","","","","","","","","","","","","","","","","","","","","","","","","BD_ICV_2022"
"","","","","","","","","","","","","","","","","","","","","","","","","","","","","","","","","","","","BD_ICV_2022"
"","","","","","","","","","","","","","","","","","","","","","","","","","","","","","","","","","","","BD_ICV_2022"
"","","","","","","","","","","","","","","","","","","","","","","","","","","","","","","","","","","","BD_ICV_2022"
"","","","","","","","","","","","","","","","","","","","","","","","","","","","","","","","","","","","BD_ICV_2022"
"","","","","","","","","","","","","","","","","","","","","","","","","","","","","","","","","","","","BD_ICV_2022"
"","","","","","","","","","","","","","","","","","","","","","","","","","","","","","","","","","","","BD_ICV_2022"
"","","","","","","","","","","","","","","","","","","","","","","","","","","","","","","","","","","","BD_ICV_2022"
"","","","","","","","","","","","","","","","","","","","","","","","","","","","","","","","","","","","BD_ICV_2022"
"","","","","","","","","","","","","","","","","","","","","","","","","","","","","","","","","","","","BD_ICV_2022"
"","","","","","","","","","","","","","","","","","","","","","","","","","","","","","","","","","","","BD_ICV_2022"
"","","","","","","","","","","","","","","","","","","","","","","","","","","","","","","","","","","","BD_ICV_2022"
"","","","","","","","","","","","","","","","","","","","","","","","","","","","","","","","","","","","BD_ICV_2022"
"","","","","","","","","","","","","","","","","","","","","","","","","","","","","","","","","","","","BD_ICV_2022"
"","","","","","","","","","","","","","","","","","","","","","","","","","","","","","","","","","","","BD_ICV_2022"
"","","","","","","","","","","","","","","","","","","","","","","","","","","","","","","","","","","","BD_ICV_2022"
"","","","","","","","","","","","","","","","","","","","","","","","","","","","","","","","","","","","BD_ICV_2022"
"","","","","","","","","","","","","","","","","","","","","","","","","","","","","","","","","","","","BD_ICV_2022"
"","","","","","","","","","","","","","","","","","","","","","","","","","","","","","","","","","","","BD_ICV_2022"
"","","","","","","","","","","","","","","","","","","","","","","","","","","","","","","","","","","","BD_ICV_2022"
"","","","","","","","","","","","","","","","","","","","","","","","","","","","","","","","","","","","BD_ICV_2022"
"","","","","","","","","","","","","","","","","","","","","","","","","","","","","","","","","","","","BD_ICV_2022"
"","","","","","","","","","","","","","","","","","","","","","","","","","","","","","","","","","","","BD_ICV_2022"
"","","","","","","","","","","","","","","","","","","","","","","","","","","","","","","","","","","","BD_ICV_2022"
"","","","","","","","","","","","","","","","","","","","","","","","","","","","","","","","","","","","BD_ICV_2022"
"","","","","","","","","","","","","","","","","","","","","","","","","","","","","","","","","","","","BD_ICV_2022"
"","","","","","","","","","","","","","","","","","","","","","","","","","","","","","","","","","","","BD_ICV_2022"
"","","","","","","","","","","","","","","","","","","","","","","","","","","","","","","","","","","","BD_ICV_2022"
"","","","","","","","","","","","","","","","","","","","","","","","","","","","","","","","","","","","BD_ICV_2022"
"","","","","","","","","","","","","","","","","","","","","","","","","","","","","","","","","","","","BD_ICV_2022"
"","","","","","","","","","","","","","","","","","","","","","","","","","","","","","","","","","","","BD_ICV_2022"
"","","","","","","","","","","","","","","","","","","","","","","","","","","","","","","","","","","","BD_ICV_2022"
"","","","","","","","","","","","","","","","","","","","","","","","","","","","","","","","","","","","BD_ICV_2022"
"","","","","","","","","","","","","","","","","","","","","","","","","","","","","","","","","","","","BD_ICV_2022"
"","","","","","","","","","","","","","","","","","","","","","","","","","","","","","","","","","","","BD_ICV_2022"
"","","","","","","","","","","","","","","","","","","","","","","","","","","","","","","","","","","","BD_ICV_2022"
"","","","","","","","","","","","","","","","","","","","","","","","","","","","","","","","","","","","BD_ICV_2022"
"","","","","","","","","","","","","","","","","","","","","","","","","","","","","","","","","","","","BD_ICV_2022"
"","","","","","","","","","","","","","","","","","","","","","","","","","","","","","","","","","","","BD_ICV_2022"
"","","","","","","","","","","","","","","","","","","","","","","","","","","","","","","","","","","","BD_ICV_2022"
"","","","","","","","","","","","","","","","","","","","","","","","","","","","","","","","","","","","BD_ICV_2022"
"","","","","","","","","","","","","","","","","","","","","","","","","","","","","","","","","","","","BD_ICV_2022"
"","","","","","","","","","","","","","","","","","","","","","","","","","","","","","","","","","","","BD_ICV_2022"
"","","","","","","","","","","","","","","","","","","","","","","","","","","","","","","","","","","","BD_ICV_2022"
"","","","","","","","","","","","","","","","","","","","","","","","","","","","","","","","","","","","BD_ICV_2022"
"","","","","","","","","","","","","","","","","","","","","","","","","","","","","","","","","","","","BD_ICV_2022"
"","","","","","","","","","","","","","","","","","","","","","","","","","","","","","","","","","","","BD_ICV_2022"
"","","","","","","","","","","","","","","","","","","","","","","","","","","","","","","","","","","","BD_ICV_2022"
"","","","","","","","","","","","","","","","","","","","","","","","","","","","","","","","","","","","BD_ICV_2022"
"","","","","","","","","","","","","","","","","","","","","","","","","","","","","","","","","","","","BD_ICV_2022"
"","","","","","","","","","","","","","","","","","","","","","","","","","","","","","","","","","","","BD_ICV_2022"
"","","","","","","","","","","","","","","","","","","","","","","","","","","","","","","","","","","","BD_ICV_2022"
"","","","","","","","","","","","","","","","","","","","","","","","","","","","","","","","","","","","BD_ICV_2022"
"","","","","","","","","","","","","","","","","","","","","","","","","","","","","","","","","","","","BD_ICV_2022"
"","","","","","","","","","","","","","","","","","","","","","","","","","","","","","","","","","","","BD_ICV_2022"
"","","","","","","","","","","","","","","","","","","","","","","","","","","","","","","","","","","","BD_ICV_2022"
"","","","","","","","","","","","","","","","","","","","","","","","","","","","","","","","","","","","BD_ICV_2022"
"","","","","","","","","","","","","","","","","","","","","","","","","","","","","","","","","","","","BD_ICV_2022"
"","","","","","","","","","","","","","","","","","","","","","","","","","","","","","","","","","","","BD_ICV_2022"
"","","","","","","","","","","","","","","","","","","","","","","","","","","","","","","","","","","","BD_ICV_2022"
"","","","","","","","","","","","","","","","","","","","","","","","","","","","","","","","","","","","BD_ICV_2022"
"","","","","","","","","","","","","","","","","","","","","","","","","","","","","","","","","","","","BD_ICV_2022"
"","","","","","","","","","","","","","","","","","","","","","","","","","","","","","","","","","","","BD_ICV_2022"
"","","","","","","","","","","","","","","","","","","","","","","","","","","","","","","","","","","","BD_ICV_2022"
"","","","","","","","","","","","","","","","","","","","","","","","","","","","","","","","","","","","BD_ICV_2022"
"","","","","","","","","","","","","","","","","","","","","","","","","","","","","","","","","","","","BD_ICV_2022"
"","","","","","","","","","","","","","","","","","","","","","","","","","","","","","","","","","","","BD_ICV_2022"
"","","","","","","","","","","","","","","","","","","","","","","","","","","","","","","","","","","","BD_ICV_2022"
"","","","","","","","","","","","","","","","","","","","","","","","","","","","","","","","","","","","BD_ICV_2022"
"","","","","","","","","","","","","","","","","","","","","","","","","","","","","","","","","","","","BD_ICV_2022"
"","","","","","","","","","","","","","","","","","","","","","","","","","","","","","","","","","","","BD_ICV_2022"
"","","","","","","","","","","","","","","","","","","","","","","","","","","","","","","","","","","","BD_ICV_2022"
"","","","","","","","","","","","","","","","","","","","","","","","","","","","","","","","","","","","BD_ICV_2022"
"","","","","","","","","","","","","","","","","","","","","","","","","","","","","","","","","","","","BD_ICV_2022"
"","","","","","","","","","","","","","","","","","","","","","","","","","","","","","","","","","","","BD_ICV_2022"
"","","","","","","","","","","","","","","","","","","","","","","","","","","","","","","","","","","","BD_ICV_2022"
"","","","","","","","","","","","","","","","","","","","","","","","","","","","","","","","","","","","BD_ICV_2022"
"","","","","","","","","","","","","","","","","","","","","","","","","","","","","","","","","","","","BD_ICV_2022"
"","","","","","","","","","","","","","","","","","","","","","","","","","","","","","","","","","","","BD_ICV_2022"
"","","","","","","","","","","","","","","","","","","","","","","","","","","","","","","","","","","","BD_ICV_2022"
"","","","","","","","","","","","","","","","","","","","","","","","","","","","","","","","","","","","BD_ICV_2022"
"","","","","","","","","","","","","","","","","","","","","","","","","","","","","","","","","","","","BD_ICV_2022"
"","","","","","","","","","","","","","","","","","","","","","","","","","","","","","","","","","","","BD_ICV_2022"
"","","","","","","","","","","","","","","","","","","","","","","","","","","","","","","","","","","","BD_ICV_2022"
"","","","","","","","","","","","","","","","","","","","","","","","","","","","","","","","","","","","BD_ICV_2022"
"","","","","","","","","","","","","","","","","","","","","","","","","","","","","","","","","","","","BD_ICV_2022"
"","","","","","","","","","","","","","","","","","","","","","","","","","","","","","","","","","","","BD_ICV_2022"
"","","","","","","","","","","","","","","","","","","","","","","","","","","","","","","","","","","","BD_ICV_2022"
"","","","","","","","","","","","","","","","","","","","","","","","","","","","","","","","","","","","BD_ICV_2022"
"","","","","","","","","","","","","","","","","","","","","","","","","","","","","","","","","","","","BD_ICV_2022"
"","","","","","","","","","","","","","","","","","","","","","","","","","","","","","","","","","","","BD_ICV_2022"
"","","","","","","","","","","","","","","","","","","","","","","","","","","","","","","","","","","","BD_ICV_2022"
"","","","","","","","","","","","","","","","","","","","","","","","","","","","","","","","","","","","BD_ICV_2022"
"","","","","","","","","","","","","","","","","","","","","","","","","","","","","","","","","","","","BD_ICV_2022"
"","","","","","","","","","","","","","","","","","","","","","","","","","","","","","","","","","","","BD_ICV_2022"
"","","","","","","","","","","","","","","","","","","","","","","","","","","","","","","","","","","","BD_ICV_2022"
"","","","","","","","","","","","","","","","","","","","","","","","","","","","","","","","","","","","BD_ICV_2022"
"","","","","","","","","","","","","","","","","","","","","","","","","","","","","","","","","","","","BD_ICV_2022"
"","","","","","","","","","","","","","","","","","","","","","","","","","","","","","","","","","","","BD_ICV_2022"
"","","","","","","","","","","","","","","","","","","","","","","","","","","","","","","","","","","","BD_ICV_2022"
"","","","","","","","","","","","","","","","","","","","","","","","","","","","","","","","","","","","BD_ICV_2022"
"","","","","","","","","","","","","","","","","","","","","","","","","","","","","","","","","","","","BD_ICV_2022"
"","","","","","","","","","","","","","","","","","","","","","","","","","","","","","","","","","","","BD_ICV_2022"
"","","","","","","","","","","","","","","","","","","","","","","","","","","","","","","","","","","","BD_ICV_2022"
"","","","","","","","","","","","","","","","","","","","","","","","","","","","","","","","","","","","BD_ICV_2022"
"","","","","","","","","","","","","","","","","","","","","","","","","","","","","","","","","","","","BD_ICV_2022"
"","","","","","","","","","","","","","","","","","","","","","","","","","","","","","","","","","","","BD_ICV_2022"
"","","","","","","","","","","","","","","","","","","","","","","","","","","","","","","","","","","","BD_ICV_2022"
"","","","","","","","","","","","","","","","","","","","","","","","","","","","","","","","","","","","BD_ICV_2022"
"","","","","","","","","","","","","","","","","","","","","","","","","","","","","","","","","","","","BD_ICV_2022"
"","","","","","","","","","","","","","","","","","","","","","","","","","","","","","","","","","","","BD_ICV_2022"
"","","","","","","","","","","","","","","","","","","","","","","","","","","","","","","","","","","","BD_ICV_2022"
"","","","","","","","","","","","","","","","","","","","","","","","","","","","","","","","","","","","BD_ICV_2022"
"","","","","","","","","","","","","","","","","","","","","","","","","","","","","","","","","","","","BD_ICV_2022"
"","","","","","","","","","","","","","","","","","","","","","","","","","","","","","","","","","","","BD_ICV_2022"
"","","","","","","","","","","","","","","","","","","","","","","","","","","","","","","","","","","","BD_ICV_2022"
"","","","","","","","","","","","","","","","","","","","","","","","","","","","","","","","","","","","BD_ICV_2022"
"","","","","","","","","","","","","","","","","","","","","","","","","","","","","","","","","","","","BD_ICV_2022"
"","","","","","","","","","","","","","","","","","","","","","","","","","","","","","","","","","","","BD_ICV_2022"
"","","","","","","","","","","","","","","","","","","","","","","","","","","","","","","","","","","","BD_ICV_2022"
"","","","","","","","","","","","","","","","","","","","","","","","","","","","","","","","","","","","BD_ICV_2022"
"","","","","","","","","","","","","","","","","","","","","","","","","","","","","","","","","","","","BD_ICV_2022"
"","","","","","","","","","","","","","","","","","","","","","","","","","","","","","","","","","","","BD_ICV_2022"
"","","","","","","","","","","","","","","","","","","","","","","","","","","","","","","","","","","","BD_ICV_2022"
"","","","","","","","","","","","","","","","","","","","","","","","","","","","","","","","","","","","BD_ICV_2022"
"","","","","","","","","","","","","","","","","","","","","","","","","","","","","","","","","","","","BD_ICV_2022"
"","","","","","","","","","","","","","","","","","","","","","","","","","","","","","","","","","","","BD_ICV_2022"
"","","","","","","","","","","","","","","","","","","","","","","","","","","","","","","","","","","","BD_ICV_2022"
"","","","","","","","","","","","","","","","","","","","","","","","","","","","","","","","","","","","BD_ICV_2022"
"","","","","","","","","","","","","","","","","","","","","","","","","","","","","","","","","","","","BD_ICV_2022"
"","","","","","","","","","","","","","","","","","","","","","","","","","","","","","","","","","","","BD_ICV_2022"
"","","","","","","","","","","","","","","","","","","","","","","","","","","","","","","","","","","","BD_ICV_2022"
"","","","","","","","","","","","","","","","","","","","","","","","","","","","","","","","","","","","BD_ICV_2022"
"","","","","","","","","","","","","","","","","","","","","","","","","","","","","","","","","","","","BD_ICV_2022"
"","","","","","","","","","","","","","","","","","","","","","","","","","","","","","","","","","","","BD_ICV_2022"
"","","","","","","","","","","","","","","","","","","","","","","","","","","","","","","","","","","","BD_ICV_2022"
"","","","","","","","","","","","","","","","","","","","","","","","","","","","","","","","","","","","BD_ICV_2022"
"","","","","","","","","","","","","","","","","","","","","","","","","","","","","","","","","","","","BD_ICV_2022"
"","","","","","","","","","","","","","","","","","","","","","","","","","","","","","","","","","","","BD_ICV_2022"
"","","","","","","","","","","","","","","","","","","","","","","","","","","","","","","","","","","","BD_ICV_2022"
"","","","","","","","","","","","","","","","","","","","","","","","","","","","","","","","","","","","BD_ICV_2022"
"","","","","","","","","","","","","","","","","","","","","","","","","","","","","","","","","","","","BD_ICV_2022"
"","","","","","","","","","","","","","","","","","","","","","","","","","","","","","","","","","","","BD_ICV_2022"
"","","","","","","","","","","","","","","","","","","","","","","","","","","","","","","","","","","","BD_ICV_2022"
"","","","","","","","","","","","","","","","","","","","","","","","","","","","","","","","","","","","BD_ICV_2022"
"","","","","","","","","","","","","","","","","","","","","","","","","","","","","","","","","","","","BD_ICV_2022"
"","","","","","","","","","","","","","","","","","","","","","","","","","","","","","","","","","","","BD_ICV_2022"
"","","","","","","","","","","","","","","","","","","","","","","","","","","","","","","","","","","","BD_ICV_2022"
"","","","","","","","","","","","","","","","","","","","","","","","","","","","","","","","","","","","BD_ICV_2022"
"","","","","","","","","","","","","","","","","","","","","","","","","","","","","","","","","","","","BD_ICV_2022"
"","","","","","","","","","","","","","","","","","","","","","","","","","","","","","","","","","","","BD_ICV_2022"
"","","","","","","","","","","","","","","","","","","","","","","","","","","","","","","","","","","","BD_ICV_2022"
"","","","","","","","","","","","","","","","","","","","","","","","","","","","","","","","","","","","BD_ICV_2022"
"","","","","","","","","","","","","","","","","","","","","","","","","","","","","","","","","","","","BD_ICV_2022"
"","","","","","","","","","","","","","","","","","","","","","","","","","","","","","","","","","","","BD_ICV_2022"
"","","","","","","","","","","","","","","","","","","","","","","","","","","","","","","","","","","","BD_ICV_2022"
"","","","","","","","","","","","","","","","","","","","","","","","","","","","","","","","","","","","BD_ICV_2022"
"","","","","","","","","","","","","","","","","","","","","","","","","","","","","","","","","","","","BD_ICV_2022"
"","","","","","","","","","","","","","","","","","","","","","","","","","","","","","","","","","","","BD_ICV_2022"
"","","","","","","","","","","","","","","","","","","","","","","","","","","","","","","","","","","","BD_ICV_2022"
"","","","","","","","","","","","","","","","","","","","","","","","","","","","","","","","","","","","BD_ICV_2022"
"","","","","","","","","","","","","","","","","","","","","","","","","","","","","","","","","","","","BD_ICV_2022"
"","","","","","","","","","","","","","","","","","","","","","","","","","","","","","","","","","","","BD_ICV_2022"
"","","","","","","","","","","","","","","","","","","","","","","","","","","","","","","","","","","","BD_ICV_2022"
"","","","","","","","","","","","","","","","","","","","","","","","","","","","","","","","","","","","BD_ICV_2022"
"","","","","","","","","","","","","","","","","","","","","","","","","","","","","","","","","","","","BD_ICV_2022"
"","","","","","","","","","","","","","","","","","","","","","","","","","","","","","","","","","","","BD_ICV_2022"
"","","","","","","","","","","","","","","","","","","","","","","","","","","","","","","","","","","","BD_ICV_2022"
"","","","","","","","","","","","","","","","","","","","","","","","","","","","","","","","","","","","BD_ICV_2022"
"","","","","","","","","","","","","","","","","","","","","","","","","","","","","","","","","","","","BD_ICV_2022"
"","","","","","","","","","","","","","","","","","","","","","","","","","","","","","","","","","","","BD_ICV_2022"
"","","","","","","","","","","","","","","","","","","","","","","","","","","","","","","","","","","","BD_ICV_2022"
"","","","","","","","","","","","","","","","","","","","","","","","","","","","","","","","","","","","BD_ICV_2022"
"","","","","","","","","","","","","","","","","","","","","","","","","","","","","","","","","","","","BD_ICV_2022"
"","","","","","","","","","","","","","","","","","","","","","","","","","","","","","","","","","","","BD_ICV_2022"
"","","","","","","","","","","","","","","","","","","","","","","","","","","","","","","","","","","","BD_ICV_2022"
"","","","","","","","","","","","","","","","","","","","","","","","","","","","","","","","","","","","BD_ICV_2022"
"","","","","","","","","","","","","","","","","","","","","","","","","","","","","","","","","","","","BD_ICV_2022"
"","","","","","","","","","","","","","","","","","","","","","","","","","","","","","","","","","","","BD_ICV_2022"
"","","","","","","","","","","","","","","","","","","","","","","","","","","","","","","","","","","","BD_ICV_2022"
"","","","","","","","","","","","","","","","","","","","","","","","","","","","","","","","","","","","BD_ICV_2022"
"","","","","","","","","","","","","","","","","","","","","","","","","","","","","","","","","","","","BD_ICV_2022"
"","","","","","","","","","","","","","","","","","","","","","","","","","","","","","","","","","","","BD_ICV_2022"
"","","","","","","","","","","","","","","","","","","","","","","","","","","","","","","","","","","","BD_ICV_2022"
"","","","","","","","","","","","","","","","","","","","","","","","","","","","","","","","","","","","BD_ICV_2022"
"","","","","","","","","","","","","","","","","","","","","","","","","","","","","","","","","","","","BD_ICV_2022"
"","","","","","","","","","","","","","","","","","","","","","","","","","","","","","","","","","","","BD_ICV_2022"
"","","","","","","","","","","","","","","","","","","","","","","","","","","","","","","","","","","","BD_ICV_2022"
"","","","","","","","","","","","","","","","","","","","","","","","","","","","","","","","","","","","BD_ICV_2022"
"","","","","","","","","","","","","","","","","","","","","","","","","","","","","","","","","","","","BD_ICV_2022"
"","","","","","","","","","","","","","","","","","","","","","","","","","","","","","","","","","","","BD_ICV_2022"
"","","","","","","","","","","","","","","","","","","","","","","","","","","","","","","","","","","","BD_ICV_2022"
"","","","","","","","","","","","","","","","","","","","","","","","","","","","","","","","","","","","BD_ICV_2022"
"","","","","","","","","","","","","","","","","","","","","","","","","","","","","","","","","","","","BD_ICV_2022"
"","","","","","","","","","","","","","","","","","","","","","","","","","","","","","","","","","","","BD_ICV_2022"
"","","","","","","","","","","","","","","","","","","","","","","","","","","","","","","","","","","","BD_ICV_2022"
"","","","","","","","","","","","","","","","","","","","","","","","","","","","","","","","","","","","BD_ICV_2022"
"","","","","","","","","","","","","","","","","","","","","","","","","","","","","","","","","","","","BD_ICV_2022"
"","","","","","","","","","","","","","","","","","","","","","","","","","","","","","","","","","","","BD_ICV_2022"
"","","","","","","","","","","","","","","","","","","","","","","","","","","","","","","","","","","","BD_ICV_2022"
"","","","","","","","","","","","","","","","","","","","","","","","","","","","","","","","","","","","BD_ICV_2022"
"","","","","","","","","","","","","","","","","","","","","","","","","","","","","","","","","","","","BD_ICV_2022"
"","","","","","","","","","","","","","","","","","","","","","","","","","","","","","","","","","","","BD_ICV_2022"
"","","","","","","","","","","","","","","","","","","","","","","","","","","","","","","","","","","","BD_ICV_2022"
"","","","","","","","","","","","","","","","","","","","","","","","","","","","","","","","","","","","BD_ICV_2022"
"","","","","","","","","","","","","","","","","","","","","","","","","","","","","","","","","","","","BD_ICV_2022"
"","","","","","","","","","","","","","","","","","","","","","","","","","","","","","","","","","","","BD_ICV_2022"
"","","","","","","","","","","","","","","","","","","","","","","","","","","","","","","","","","","","BD_ICV_2022"
"","","","","","","","","","","","","","","","","","","","","","","","","","","","","","","","","","","","BD_ICV_2022"
"","","","","","","","","","","","","","","","","","","","","","","","","","","","","","","","","","","","BD_ICV_2022"
"","","","","","","","","","","","","","","","","","","","","","","","","","","","","","","","","","","","BD_ICV_2022"
"","","","","","","","","","","","","","","","","","","","","","","","","","","","","","","","","","","","BD_ICV_2022"
"","","","","","","","","","","","","","","","","","","","","","","","","","","","","","","","","","","","BD_ICV_2022"
"","","","","","","","","","","","","","","","","","","","","","","","","","","","","","","","","","","","BD_ICV_2022"
"","","","","","","","","","","","","","","","","","","","","","","","","","","","","","","","","","","","BD_ICV_2022"
"","","","","","","","","","","","","","","","","","","","","","","","","","","","","","","","","","","","BD_ICV_2022"
"","","","","","","","","","","","","","","","","","","","","","","","","","","","","","","","","","","","BD_ICV_2022"
"","","","","","","","","","","","","","","","","","","","","","","","","","","","","","","","","","","","BD_ICV_2022"
"","","","","","","","","","","","","","","","","","","","","","","","","","","","","","","","","","","","BD_ICV_2022"
"","","","","","","","","","","","","","","","","","","","","","","","","","","","","","","","","","","","BD_ICV_2022"
"","","","","","","","","","","","","","","","","","","","","","","","","","","","","","","","","","","","BD_ICV_2022"
"","","","","","","","","","","","","","","","","","","","","","","","","","","","","","","","","","","","BD_ICV_2022"
"","","","","","","","","","","","","","","","","","","","","","","","","","","","","","","","","","","","BD_ICV_2022"
"","","","","","","","","","","","","","","","","","","","","","","","","","","","","","","","","","","","BD_ICV_2022"
"","","","","","","","","","","","","","","","","","","","","","","","","","","","","","","","","","","","BD_ICV_2022"
"","","","","","","","","","","","","","","","","","","","","","","","","","","","","","","","","","","","BD_ICV_2022"
"","","","","","","","","","","","","","","","","","","","","","","","","","","","","","","","","","","","BD_ICV_2022"
"","","","","","","","","","","","","","","","","","","","","","","","","","","","","","","","","","","","BD_ICV_2022"
"","","","","","","","","","","","","","","","","","","","","","","","","","","","","","","","","","","","BD_ICV_2022"
"","","","","","","","","","","","","","","","","","","","","","","","","","","","","","","","","","","","BD_ICV_2022"
"","","","","","","","","","","","","","","","","","","","","","","","","","","","","","","","","","","","BD_ICV_2022"
"","","","","","","","","","","","","","","","","","","","","","","","","","","","","","","","","","","","BD_ICV_2022"
"","","","","","","","","","","","","","","","","","","","","","","","","","","","","","","","","","","","BD_ICV_2022"
"","","","","","","","","","","","","","","","","","","","","","","","","","","","","","","","","","","","BD_ICV_2022"
"","","","","","","","","","","","","","","","","","","","","","","","","","","","","","","","","","","","BD_ICV_2022"
"","","","","","","","","","","","","","","","","","","","","","","","","","","","","","","","","","","","BD_ICV_2022"
"","","","","","","","","","","","","","","","","","","","","","","","","","","","","","","","","","","","BD_ICV_2022"
"","","","","","","","","","","","","","","","","","","","","","","","","","","","","","","","","","","","BD_ICV_2022"
"","","","","","","","","","","","","","","","","","","","","","","","","","","","","","","","","","","","BD_ICV_2022"
"","","","","","","","","","","","","","","","","","","","","","","","","","","","","","","","","","","","BD_ICV_2022"
"","","","","","","","","","","","","","","","","","","","","","","","","","","","","","","","","","","","BD_ICV_2022"
"","","","","","","","","","","","","","","","","","","","","","","","","","","","","","","","","","","","BD_ICV_2022"
"","","","","","","","","","","","","","","","","","","","","","","","","","","","","","","","","","","","BD_ICV_2022"
"","","","","","","","","","","","","","","","","","","","","","","","","","","","","","","","","","","","BD_ICV_2022"
"","","","","","","","","","","","","","","","","","","","","","","","","","","","","","","","","","","","BD_ICV_2022"
"","","","","","","","","","","","","","","","","","","","","","","","","","","","","","","","","","","","BD_ICV_2022"
"","","","","","","","","","","","","","","","","","","","","","","","","","","","","","","","","","","","BD_ICV_2022"
"","","","","","","","","","","","","","","","","","","","","","","","","","","","","","","","","","","","BD_ICV_2022"
"","","","","","","","","","","","","","","","","","","","","","","","","","","","","","","","","","","","BD_ICV_2022"
"","","","","","","","","","","","","","","","","","","","","","","","","","","","","","","","","","","","BD_ICV_2022"
"","","","","","","","","","","","","","","","","","","","","","","","","","","","","","","","","","","","BD_ICV_2022"
"","","","","","","","","","","","","","","","","","","","","","","","","","","","","","","","","","","","BD_ICV_2022"
"","","","","","","","","","","","","","","","","","","","","","","","","","","","","","","","","","","","BD_ICV_2022"
"","","","","","","","","","","","","","","","","","","","","","","","","","","","","","","","","","","","BD_ICV_2022"
"","","","","","","","","","","","","","","","","","","","","","","","","","","","","","","","","","","","BD_ICV_2022"
"","","","","","","","","","","","","","","","","","","","","","","","","","","","","","","","","","","","BD_ICV_2022"
"","","","","","","","","","","","","","","","","","","","","","","","","","","","","","","","","","","","BD_ICV_2022"
"","","","","","","","","","","","","","","","","","","","","","","","","","","","","","","","","","","","BD_ICV_2022"
"","","","","","","","","","","","","","","","","","","","","","","","","","","","","","","","","","","","BD_ICV_2022"
"","","","","","","","","","","","","","","","","","","","","","","","","","","","","","","","","","","","BD_ICV_2022"
"","","","","","","","","","","","","","","","","","","","","","","","","","","","","","","","","","","","BD_ICV_2022"
"","","","","","","","","","","","","","","","","","","","","","","","","","","","","","","","","","","","BD_ICV_2022"
"","","","","","","","","","","","","","","","","","","","","","","","","","","","","","","","","","","","BD_ICV_2022"
"","","","","","","","","","","","","","","","","","","","","","","","","","","","","","","","","","","","BD_ICV_2022"
"","","","","","","","","","","","","","","","","","","","","","","","","","","","","","","","","","","","BD_ICV_2022"
"","","","","","","","","","","","","","","","","","","","","","","","","","","","","","","","","","","","BD_ICV_2022"
"","","","","","","","","","","","","","","","","","","","","","","","","","","","","","","","","","","","BD_ICV_2022"
"","","","","","","","","","","","","","","","","","","","","","","","","","","","","","","","","","","","BD_ICV_2022"
"","","","","","","","","","","","","","","","","","","","","","","","","","","","","","","","","","","","BD_ICV_2022"
"","","","","","","","","","","","","","","","","","","","","","","","","","","","","","","","","","","","BD_ICV_2022"
"","","","","","","","","","","","","","","","","","","","","","","","","","","","","","","","","","","","BD_ICV_2022"
"","","","","","","","","","","","","","","","","","","","","","","","","","","","","","","","","","","","BD_ICV_2022"
"","","","","","","","","","","","","","","","","","","","","","","","","","","","","","","","","","","","BD_ICV_2022"
"","","","","","","","","","","","","","","","","","","","","","","","","","","","","","","","","","","","BD_ICV_2022"
"","","","","","","","","","","","","","","","","","","","","","","","","","","","","","","","","","","","BD_ICV_2022"
"","","","","","","","","","","","","","","","","","","","","","","","","","","","","","","","","","","","BD_ICV_2022"
"","","","","","","","","","","","","","","","","","","","","","","","","","","","","","","","","","","","BD_ICV_2022"
"","","","","","","","","","","","","","","","","","","","","","","","","","","","","","","","","","","","BD_ICV_2022"
"","","","","","","","","","","","","","","","","","","","","","","","","","","","","","","","","","","","BD_ICV_2022"
"","","","","","","","","","","","","","","","","","","","","","","","","","","","","","","","","","","","BD_ICV_2022"
"","","","","","","","","","","","","","","","","","","","","","","","","","","","","","","","","","","","BD_ICV_2022"
"","","","","","","","","","","","","","","","","","","","","","","","","","","","","","","","","","","","BD_ICV_2022"
"","","","","","","","","","","","","","","","","","","","","","","","","","","","","","","","","","","","BD_ICV_2022"
"","","","","","","","","","","","","","","","","","","","","","","","","","","","","","","","","","","","BD_ICV_2022"
"","","","","","","","","","","","","","","","","","","","","","","","","","","","","","","","","","","","BD_ICV_2022"
"","","","","","","","","","","","","","","","","","","","","","","","","","","","","","","","","","","","BD_ICV_2022"
"","","","","","","","","","","","","","","","","","","","","","","","","","","","","","","","","","","","BD_ICV_2022"
"","","","","","","","","","","","","","","","","","","","","","","","","","","","","","","","","","","","BD_ICV_2022"
"","","","","","","","","","","","","","","","","","","","","","","","","","","","","","","","","","","","BD_ICV_2022"
"","","","","","","","","","","","","","","","","","","","","","","","","","","","","","","","","","","","BD_ICV_2022"
"","","","","","","","","","","","","","","","","","","","","","","","","","","","","","","","","","","","BD_ICV_2022"
"","","","","","","","","","","","","","","","","","","","","","","","","","","","","","","","","","","","BD_ICV_2022"
"","","","","","","","","","","","","","","","","","","","","","","","","","","","","","","","","","","","BD_ICV_2022"
"","","","","","","","","","","","","","","","","","","","","","","","","","","","","","","","","","","","BD_ICV_2022"
"","","","","","","","","","","","","","","","","","","","","","","","","","","","","","","","","","","","BD_ICV_2022"
"","","","","","","","","","","","","","","","","","","","","","","","","","","","","","","","","","","","BD_ICV_2022"
"","","","","","","","","","","","","","","","","","","","","","","","","","","","","","","","","","","","BD_ICV_2022"
"","","","","","","","","","","","","","","","","","","","","","","","","","","","","","","","","","","","BD_ICV_2022"
"","","","","","","","","","","","","","","","","","","","","","","","","","","","","","","","","","","","BD_ICV_2022"
"","","","","","","","","","","","","","","","","","","","","","","","","","","","","","","","","","","","BD_ICV_2022"
"","","","","","","","","","","","","","","","","","","","","","","","","","","","","","","","","","","","BD_ICV_2022"
"","","","","","","","","","","","","","","","","","","","","","","","","","","","","","","","","","","","BD_ICV_2022"
"","","","","","","","","","","","","","","","","","","","","","","","","","","","","","","","","","","","BD_ICV_2022"
"","","","","","","","","","","","","","","","","","","","","","","","","","","","","","","","","","","","BD_ICV_2022"
"","","","","","","","","","","","","","","","","","","","","","","","","","","","","","","","","","","","BD_ICV_2022"
"","","","","","","","","","","","","","","","","","","","","","","","","","","","","","","","","","","","BD_ICV_2022"
"","","","","","","","","","","","","","","","","","","","","","","","","","","","","","","","","","","","BD_ICV_2022"
"","","","","","","","","","","","","","","","","","","","","","","","","","","","","","","","","","","","BD_ICV_2022"
"","","","","","","","","","","","","","","","","","","","","","","","","","","","","","","","","","","","BD_ICV_2022"
"","","","","","","","","","","","","","","","","","","","","","","","","","","","","","","","","","","","BD_ICV_2022"
"","","","","","","","","","","","","","","","","","","","","","","","","","","","","","","","","","","","BD_ICV_2022"
"","","","","","","","","","","","","","","","","","","","","","","","","","","","","","","","","","","","BD_ICV_2022"
"","","","","","","","","","","","","","","","","","","","","","","","","","","","","","","","","","","","BD_ICV_2022"
"","","","","","","","","","","","","","","","","","","","","","","","","","","","","","","","","","","","BD_ICV_2022"
"","","","","","","","","","","","","","","","","","","","","","","","","","","","","","","","","","","","BD_ICV_2022"
"","","","","","","","","","","","","","","","","","","","","","","","","","","","","","","","","","","","BD_ICV_2022"
"","","","","","","","","","","","","","","","","","","","","","","","","","","","","","","","","","","","BD_ICV_2022"
"","","","","","","","","","","","","","","","","","","","","","","","","","","","","","","","","","","","BD_ICV_2022"
"","","","","","","","","","","","","","","","","","","","","","","","","","","","","","","","","","","","BD_ICV_2022"
"","","","","","","","","","","","","","","","","","","","","","","","","","","","","","","","","","","","BD_ICV_2022"
"","","","","","","","","","","","","","","","","","","","","","","","","","","","","","","","","","","","BD_ICV_2022"
"","","","","","","","","","","","","","","","","","","","","","","","","","","","","","","","","","","","BD_ICV_2022"
"","","","","","","","","","","","","","","","","","","","","","","","","","","","","","","","","","","","BD_ICV_2022"
"","","","","","","","","","","","","","","","","","","","","","","","","","","","","","","","","","","","BD_ICV_2022"
"","","","","","","","","","","","","","","","","","","","","","","","","","","","","","","","","","","","BD_ICV_2022"
"","","","","","","","","","","","","","","","","","","","","","","","","","","","","","","","","","","","BD_ICV_2022"
"","","","","","","","","","","","","","","","","","","","","","","","","","","","","","","","","","","","BD_ICV_2022"
"","","","","","","","","","","","","","","","","","","","","","","","","","","","","","","","","","","","BD_ICV_2022"
"","","","","","","","","","","","","","","","","","","","","","","","","","","","","","","","","","","","BD_ICV_2022"
"","","","","","","","","","","","","","","","","","","","","","","","","","","","","","","","","","","","BD_ICV_2022"
"","","","","","","","","","","","","","","","","","","","","","","","","","","","","","","","","","","","BD_ICV_2022"
"","","","","","","","","","","","","","","","","","","","","","","","","","","","","","","","","","","","BD_ICV_2022"
"","","","","","","","","","","","","","","","","","","","","","","","","","","","","","","","","","","","BD_ICV_2022"
"","","","","","","","","","","","","","","","","","","","","","","","","","","","","","","","","","","","BD_ICV_2022"
"","","","","","","","","","","","","","","","","","","","","","","","","","","","","","","","","","","","BD_ICV_2022"
"","","","","","","","","","","","","","","","","","","","","","","","","","","","","","","","","","","","BD_ICV_2022"
"","","","","","","","","","","","","","","","","","","","","","","","","","","","","","","","","","","","BD_ICV_2022"
"","","","","","","","","","","","","","","","","","","","","","","","","","","","","","","","","","","","BD_ICV_2022"
"","","","","","","","","","","","","","","","","","","","","","","","","","","","","","","","","","","","BD_ICV_2022"
"","","","","","","","","","","","","","","","","","","","","","","","","","","","","","","","","","","","BD_ICV_2022"
"","","","","","","","","","","","","","","","","","","","","","","","","","","","","","","","","","","","BD_ICV_2022"
"","","","","","","","","","","","","","","","","","","","","","","","","","","","","","","","","","","","BD_ICV_2022"
"","","","","","","","","","","","","","","","","","","","","","","","","","","","","","","","","","","","BD_ICV_2022"
"","","","","","","","","","","","","","","","","","","","","","","","","","","","","","","","","","","","BD_ICV_2022"
"","","","","","","","","","","","","","","","","","","","","","","","","","","","","","","","","","","","BD_ICV_2022"
"","","","","","","","","","","","","","","","","","","","","","","","","","","","","","","","","","","","BD_ICV_2022"
"","","","","","","","","","","","","","","","","","","","","","","","","","","","","","","","","","","","BD_ICV_2022"
"","","","","","","","","","","","","","","","","","","","","","","","","","","","","","","","","","","","BD_ICV_2022"
"","","","","","","","","","","","","","","","","","","","","","","","","","","","","","","","","","","","BD_ICV_2022"
"","","","","","","","","","","","","","","","","","","","","","","","","","","","","","","","","","","","BD_ICV_2022"
"","","","","","","","","","","","","","","","","","","","","","","","","","","","","","","","","","","","BD_ICV_2022"
"","","","","","","","","","","","","","","","","","","","","","","","","","","","","","","","","","","","BD_ICV_2022"
"","","","","","","","","","","","","","","","","","","","","","","","","","","","","","","","","","","","BD_ICV_2022"
"","","","","","","","","","","","","","","","","","","","","","","","","","","","","","","","","","","","BD_ICV_2022"
"","","","","","","","","","","","","","","","","","","","","","","","","","","","","","","","","","","","BD_ICV_2022"
"","","","","","","","","","","","","","","","","","","","","","","","","","","","","","","","","","","","BD_ICV_2022"
"","","","","","","","","","","","","","","","","","","","","","","","","","","","","","","","","","","","BD_ICV_2022"
"","","","","","","","","","","","","","","","","","","","","","","","","","","","","","","","","","","","BD_ICV_2022"
"","","","","","","","","","","","","","","","","","","","","","","","","","","","","","","","","","","","BD_ICV_2022"
"","","","","","","","","","","","","","","","","","","","","","","","","","","","","","","","","","","","BD_ICV_2022"
"","","","","","","","","","","","","","","","","","","","","","","","","","","","","","","","","","","","BD_ICV_2022"
"","","","","","","","","","","","","","","","","","","","","","","","","","","","","","","","","","","","BD_ICV_2022"
"","","","","","","","","","","","","","","","","","","","","","","","","","","","","","","","","","","","BD_ICV_2022"
"","","","","","","","","","","","","","","","","","","","","","","","","","","","","","","","","","","","BD_ICV_2022"
"","","","","","","","","","","","","","","","","","","","","","","","","","","","","","","","","","","","BD_ICV_2022"
"","","","","","","","","","","","","","","","","","","","","","","","","","","","","","","","","","","","BD_ICV_2022"
"","","","","","","","","","","","","","","","","","","","","","","","","","","","","","","","","","","","BD_ICV_2022"
"","","","","","","","","","","","","","","","","","","","","","","","","","","","","","","","","","","","BD_ICV_2022"
"","","","","","","","","","","","","","","","","","","","","","","","","","","","","","","","","","","","BD_ICV_2022"
"","","","","","","","","","","","","","","","","","","","","","","","","","","","","","","","","","","","BD_ICV_2022"
"","","","","","","","","","","","","","","","","","","","","","","","","","","","","","","","","","","","BD_ICV_2022"
"","","","","","","","","","","","","","","","","","","","","","","","","","","","","","","","","","","","BD_ICV_2022"
"","","","","","","","","","","","","","","","","","","","","","","","","","","","","","","","","","","","BD_ICV_2022"
"","","","","","","","","","","","","","","","","","","","","","","","","","","","","","","","","","","","BD_ICV_2022"
"","","","","","","","","","","","","","","","","","","","","","","","","","","","","","","","","","","","BD_ICV_2022"
"","","","","","","","","","","","","","","","","","","","","","","","","","","","","","","","","","","","BD_ICV_2022"
"","","","","","","","","","","","","","","","","","","","","","","","","","","","","","","","","","","","BD_ICV_2022"
"","","","","","","","","","","","","","","","","","","","","","","","","","","","","","","","","","","","BD_ICV_2022"
"","","","","","","","","","","","","","","","","","","","","","","","","","","","","","","","","","","","BD_ICV_2022"
"","","","","","","","","","","","","","","","","","","","","","","","","","","","","","","","","","","","BD_ICV_2022"
"","","","","","","","","","","","","","","","","","","","","","","","","","","","","","","","","","","","BD_ICV_2022"
"","","","","","","","","","","","","","","","","","","","","","","","","","","","","","","","","","","","BD_ICV_2022"
"","","","","","","","","","","","","","","","","","","","","","","","","","","","","","","","","","","","BD_ICV_2022"
"","","","","","","","","","","","","","","","","","","","","","","","","","","","","","","","","","","","BD_ICV_2022"
"","","","","","","","","","","","","","","","","","","","","","","","","","","","","","","","","","","","BD_ICV_2022"
"","","","","","","","","","","","","","","","","","","","","","","","","","","","","","","","","","","","BD_ICV_2022"
"","","","","","","","","","","","","","","","","","","","","","","","","","","","","","","","","","","","BD_ICV_2022"
"","","","","","","","","","","","","","","","","","","","","","","","","","","","","","","","","","","","BD_ICV_2022"
"","","","","","","","","","","","","","","","","","","","","","","","","","","","","","","","","","","","BD_ICV_2022"
"","","","","","","","","","","","","","","","","","","","","","","","","","","","","","","","","","","","BD_ICV_2022"
"","","","","","","","","","","","","","","","","","","","","","","","","","","","","","","","","","","","BD_ICV_2022"
"","","","","","","","","","","","","","","","","","","","","","","","","","","","","","","","","","","","BD_ICV_2022"
"","","","","","","","","","","","","","","","","","","","","","","","","","","","","","","","","","","","BD_ICV_2022"
"","","","","","","","","","","","","","","","","","","","","","","","","","","","","","","","","","","","BD_ICV_2022"
"","","","","","","","","","","","","","","","","","","","","","","","","","","","","","","","","","","","BD_ICV_2022"
"","","","","","","","","","","","","","","","","","","","","","","","","","","","","","","","","","","","BD_ICV_2022"
"","","","","","","","","","","","","","","","","","","","","","","","","","","","","","","","","","","","BD_ICV_2022"
"","","","","","","","","","","","","","","","","","","","","","","","","","","","","","","","","","","","BD_ICV_2022"
"","","","","","","","","","","","","","","","","","","","","","","","","","","","","","","","","","","","BD_ICV_2022"
"","","","","","","","","","","","","","","","","","","","","","","","","","","","","","","","","","","","BD_ICV_2022"
"","","","","","","","","","","","","","","","","","","","","","","","","","","","","","","","","","","","BD_ICV_2022"
"","","","","","","","","","","","","","","","","","","","","","","","","","","","","","","","","","","","BD_ICV_2022"
"","","","","","","","","","","","","","","","","","","","","","","","","","","","","","","","","","","","BD_ICV_2022"
"","","","","","","","","","","","","","","","","","","","","","","","","","","","","","","","","","","","BD_ICV_2022"
"","","","","","","","","","","","","","","","","","","","","","","","","","","","","","","","","","","","BD_ICV_2022"
"","","","","","","","","","","","","","","","","","","","","","","","","","","","","","","","","","","","BD_ICV_2022"
"","","","","","","","","","","","","","","","","","","","","","","","","","","","","","","","","","","","BD_ICV_2022"
"","","","","","","","","","","","","","","","","","","","","","","","","","","","","","","","","","","","BD_ICV_2022"
"","","","","","","","","","","","","","","","","","","","","","","","","","","","","","","","","","","","BD_ICV_2022"
"","","","","","","","","","","","","","","","","","","","","","","","","","","","","","","","","","","","BD_ICV_2022"
"","","","","","","","","","","","","","","","","","","","","","","","","","","","","","","","","","","","BD_ICV_2022"
"","","","","","","","","","","","","","","","","","","","","","","","","","","","","","","","","","","","BD_ICV_2022"
"","","","","","","","","","","","","","","","","","","","","","","","","","","","","","","","","","","","BD_ICV_2022"
"","","","","","","","","","","","","","","","","","","","","","","","","","","","","","","","","","","","BD_ICV_2022"
"","","","","","","","","","","","","","","","","","","","","","","","","","","","","","","","","","","","BD_ICV_2022"
"","","","","","","","","","","","","","","","","","","","","","","","","","","","","","","","","","","","BD_ICV_2022"
"","","","","","","","","","","","","","","","","","","","","","","","","","","","","","","","","","","","BD_ICV_2022"
"","","","","","","","","","","","","","","","","","","","","","","","","","","","","","","","","","","","BD_ICV_2022"
"","","","","","","","","","","","","","","","","","","","","","","","","","","","","","","","","","","","BD_ICV_2022"
"","","","","","","","","","","","","","","","","","","","","","","","","","","","","","","","","","","","BD_ICV_2022"
"","","","","","","","","","","","","","","","","","","","","","","","","","","","","","","","","","","","BD_ICV_2022"
"","","","","","","","","","","","","","","","","","","","","","","","","","","","","","","","","","","","BD_ICV_2022"
"","","","","","","","","","","","","","","","","","","","","","","","","","","","","","","","","","","","BD_ICV_2022"
"","","","","","","","","","","","","","","","","","","","","","","","","","","","","","","","","","","","BD_ICV_2022"
"","","","","","","","","","","","","","","","","","","","","","","","","","","","","","","","","","","","BD_ICV_2022"
"","","","","","","","","","","","","","","","","","","","","","","","","","","","","","","","","","","","BD_ICV_2022"
"","","","","","","","","","","","","","","","","","","","","","","","","","","","","","","","","","","","BD_ICV_2022"
"","","","","","","","","","","","","","","","","","","","","","","","","","","","","","","","","","","","BD_ICV_2022"
"","","","","","","","","","","","","","","","","","","","","","","","","","","","","","","","","","","","BD_ICV_2022"
"","","","","","","","","","","","","","","","","","","","","","","","","","","","","","","","","","","","BD_ICV_2022"
"","","","","","","","","","","","","","","","","","","","","","","","","","","","","","","","","","","","BD_ICV_2022"
"","","","","","","","","","","","","","","","","","","","","","","","","","","","","","","","","","","","BD_ICV_2022"
"","","","","","","","","","","","","","","","","","","","","","","","","","","","","","","","","","","","BD_ICV_2022"
"","","","","","","","","","","","","","","","","","","","","","","","","","","","","","","","","","","","BD_ICV_2022"
"","","","","","","","","","","","","","","","","","","","","","","","","","","","","","","","","","","","BD_ICV_2022"
"","","","","","","","","","","","","","","","","","","","","","","","","","","","","","","","","","","","BD_ICV_2022"
"","","","","","","","","","","","","","","","","","","","","","","","","","","","","","","","","","","","BD_ICV_2022"
"","","","","","","","","","","","","","","","","","","","","","","","","","","","","","","","","","","","BD_ICV_2022"
"","","","","","","","","","","","","","","","","","","","","","","","","","","","","","","","","","","","BD_ICV_2022"
"","","","","","","","","","","","","","","","","","","","","","","","","","","","","","","","","","","","BD_ICV_2022"
"","","","","","","","","","","","","","","","","","","","","","","","","","","","","","","","","","","","BD_ICV_2022"
"","","","","","","","","","","","","","","","","","","","","","","","","","","","","","","","","","","","BD_ICV_2022"
"","","","","","","","","","","","","","","","","","","","","","","","","","","","","","","","","","","","BD_ICV_2022"
"","","","","","","","","","","","","","","","","","","","","","","","","","","","","","","","","","","","BD_ICV_2022"
"","","","","","","","","","","","","","","","","","","","","","","","","","","","","","","","","","","","BD_ICV_2022"
"","","","","","","","","","","","","","","","","","","","","","","","","","","","","","","","","","","","BD_ICV_2022"
"","","","","","","","","","","","","","","","","","","","","","","","","","","","","","","","","","","","BD_ICV_2022"
"","","","","","","","","","","","","","","","","","","","","","","","","","","","","","","","","","","","BD_ICV_2022"
"","","","","","","","","","","","","","","","","","","","","","","","","","","","","","","","","","","","BD_ICV_2022"
"","","","","","","","","","","","","","","","","","","","","","","","","","","","","","","","","","","","BD_ICV_2022"
"","","","","","","","","","","","","","","","","","","","","","","","","","","","","","","","","","","","BD_ICV_2022"
"","","","","","","","","","","","","","","","","","","","","","","","","","","","","","","","","","","","BD_ICV_2022"
"","","","","","","","","","","","","","","","","","","","","","","","","","","","","","","","","","","","BD_ICV_2022"
"","","","","","","","","","","","","","","","","","","","","","","","","","","","","","","","","","","","BD_ICV_2022"
"","","","","","","","","","","","","","","","","","","","","","","","","","","","","","","","","","","","BD_ICV_2022"
"","","","","","","","","","","","","","","","","","","","","","","","","","","","","","","","","","","","BD_ICV_2022"
"","","","","","","","","","","","","","","","","","","","","","","","","","","","","","","","","","","","BD_ICV_2022"
"","","","","","","","","","","","","","","","","","","","","","","","","","","","","","","","","","","","BD_ICV_2022"
"","","","","","","","","","","","","","","","","","","","","","","","","","","","","","","","","","","","BD_ICV_2022"
"","","","","","","","","","","","","","","","","","","","","","","","","","","","","","","","","","","","BD_ICV_2022"
"","","","","","","","","","","","","","","","","","","","","","","","","","","","","","","","","","","","BD_ICV_2022"
"","","","","","","","","","","","","","","","","","","","","","","","","","","","","","","","","","","","BD_ICV_2022"
"","","","","","","","","","","","","","","","","","","","","","","","","","","","","","","","","","","","BD_ICV_2022"
"","","","","","","","","","","","","","","","","","","","","","","","","","","","","","","","","","","","BD_ICV_2022"
"","","","","","","","","","","","","","","","","","","","","","","","","","","","","","","","","","","","BD_ICV_2022"
"","","","","","","","","","","","","","","","","","","","","","","","","","","","","","","","","","","","BD_ICV_2022"
"","","","","","","","","","","","","","","","","","","","","","","","","","","","","","","","","","","","BD_ICV_2022"
"","","","","","","","","","","","","","","","","","","","","","","","","","","","","","","","","","","","BD_ICV_2022"
"","","","","","","","","","","","","","","","","","","","","","","","","","","","","","","","","","","","BD_ICV_2022"
"","","","","","","","","","","","","","","","","","","","","","","","","","","","","","","","","","","","BD_ICV_2022"
"","","","","","","","","","","","","","","","","","","","","","","","","","","","","","","","","","","","BD_ICV_2022"
"","","","","","","","","","","","","","","","","","","","","","","","","","","","","","","","","","","","BD_ICV_2022"
"","","","","","","","","","","","","","","","","","","","","","","","","","","","","","","","","","","","BD_ICV_2022"
"","","","","","","","","","","","","","","","","","","","","","","","","","","","","","","","","","","","BD_ICV_2022"
"","","","","","","","","","","","","","","","","","","","","","","","","","","","","","","","","","","","BD_ICV_2022"
"","","","","","","","","","","","","","","","","","","","","","","","","","","","","","","","","","","","BD_ICV_2022"
"","","","","","","","","","","","","","","","","","","","","","","","","","","","","","","","","","","","BD_ICV_2022"
"","","","","","","","","","","","","","","","","","","","","","","","","","","","","","","","","","","","BD_ICV_2022"
"","","","","","","","","","","","","","","","","","","","","","","","","","","","","","","","","","","","BD_ICV_2022"
"","","","","","","","","","","","","","","","","","","","","","","","","","","","","","","","","","","","BD_ICV_2022"
"","","","","","","","","","","","","","","","","","","","","","","","","","","","","","","","","","","","BD_ICV_2022"
"","","","","","","","","","","","","","","","","","","","","","","","","","","","","","","","","","","","BD_ICV_2022"
"","","","","","","","","","","","","","","","","","","","","","","","","","","","","","","","","","","","BD_ICV_2022"
"","","","","","","","","","","","","","","","","","","","","","","","","","","","","","","","","","","","BD_ICV_2022"
"","","","","","","","","","","","","","","","","","","","","","","","","","","","","","","","","","","","BD_ICV_2022"
"","","","","","","","","","","","","","","","","","","","","","","","","","","","","","","","","","","","BD_ICV_2022"
"","","","","","","","","","","","","","","","","","","","","","","","","","","","","","","","","","","","BD_ICV_2022"
"","","","","","","","","","","","","","","","","","","","","","","","","","","","","","","","","","","","BD_ICV_2022"
"","","","","","","","","","","","","","","","","","","","","","","","","","","","","","","","","","","","BD_ICV_2022"
"","","","","","","","","","","","","","","","","","","","","","","","","","","","","","","","","","","","BD_ICV_2022"
"","","","","","","","","","","","","","","","","","","","","","","","","","","","","","","","","","","","BD_ICV_2022"
"","","","","","","","","","","","","","","","","","","","","","","","","","","","","","","","","","","","BD_ICV_2022"
"","","","","","","","","","","","","","","","","","","","","","","","","","","","","","","","","","","","BD_ICV_2022"
"","","","","","","","","","","","","","","","","","","","","","","","","","","","","","","","","","","","BD_ICV_2022"
"","","","","","","","","","","","","","","","","","","","","","","","","","","","","","","","","","","","BD_ICV_2022"
"","","","","","","","","","","","","","","","","","","","","","","","","","","","","","","","","","","","BD_ICV_2022"
"","","","","","","","","","","","","","","","","","","","","","","","","","","","","","","","","","","","BD_ICV_2022"
"","","","","","","","","","","","","","","","","","","","","","","","","","","","","","","","","","","","BD_ICV_2022"
"","","","","","","","","","","","","","","","","","","","","","","","","","","","","","","","","","","","BD_ICV_2022"
"","","","","","","","","","","","","","","","","","","","","","","","","","","","","","","","","","","","BD_ICV_2022"
"","","","","","","","","","","","","","","","","","","","","","","","","","","","","","","","","","","","BD_ICV_2022"
"","","","","","","","","","","","","","","","","","","","","","","","","","","","","","","","","","","","BD_ICV_2022"
"","","","","","","","","","","","","","","","","","","","","","","","","","","","","","","","","","","","BD_ICV_2022"
"","","","","","","","","","","","","","","","","","","","","","","","","","","","","","","","","","","","BD_ICV_2022"
"","","","","","","","","","","","","","","","","","","","","","","","","","","","","","","","","","","","BD_ICV_2022"
"","","","","","","","","","","","","","","","","","","","","","","","","","","","","","","","","","","","BD_ICV_2022"
"","","","","","","","","","","","","","","","","","","","","","","","","","","","","","","","","","","","BD_ICV_2022"
"","","","","","","","","","","","","","","","","","","","","","","","","","","","","","","","","","","","BD_ICV_2022"
"","","","","","","","","","","","","","","","","","","","","","","","","","","","","","","","","","","","BD_ICV_2022"
"","","","","","","","","","","","","","","","","","","","","","","","","","","","","","","","","","","","BD_ICV_2022"
"","","","","","","","","","","","","","","","","","","","","","","","","","","","","","","","","","","","BD_ICV_2022"
"","","","","","","","","","","","","","","","","","","","","","","","","","","","","","","","","","","","BD_ICV_2022"
"","","","","","","","","","","","","","","","","","","","","","","","","","","","","","","","","","","","BD_ICV_2022"
"","","","","","","","","","","","","","","","","","","","","","","","","","","","","","","","","","","","BD_ICV_2022"
"","","","","","","","","","","","","","","","","","","","","","","","","","","","","","","","","","","","BD_ICV_2022"
"","","","","","","","","","","","","","","","","","","","","","","","","","","","","","","","","","","","BD_ICV_2022"
"","","","","","","","","","","","","","","","","","","","","","","","","","","","","","","","","","","","BD_ICV_2022"
"","","","","","","","","","","","","","","","","","","","","","","","","","","","","","","","","","","","BD_ICV_2022"
"","","","","","","","","","","","","","","","","","","","","","","","","","","","","","","","","","","","BD_ICV_2022"
"","","","","","","","","","","","","","","","","","","","","","","","","","","","","","","","","","","","BD_ICV_2022"
"","","","","","","","","","","","","","","","","","","","","","","","","","","","","","","","","","","","BD_ICV_2022"
"","","","","","","","","","","","","","","","","","","","","","","","","","","","","","","","","","","","BD_ICV_2022"
"","","","","","","","","","","","","","","","","","","","","","","","","","","","","","","","","","","","BD_ICV_2022"
"","","","","","","","","","","","","","","","","","","","","","","","","","","","","","","","","","","","BD_ICV_2022"
"","","","","","","","","","","","","","","","","","","","","","","","","","","","","","","","","","","","BD_ICV_2022"
"","","","","","","","","","","","","","","","","","","","","","","","","","","","","","","","","","","","BD_ICV_2022"
"","","","","","","","","","","","","","","","","","","","","","","","","","","","","","","","","","","","BD_ICV_2022"
"","","","","","","","","","","","","","","","","","","","","","","","","","","","","","","","","","","","BD_ICV_2022"
"","","","","","","","","","","","","","","","","","","","","","","","","","","","","","","","","","","","BD_ICV_2022"
"","","","","","","","","","","","","","","","","","","","","","","","","","","","","","","","","","","","BD_ICV_2022"
"","","","","","","","","","","","","","","","","","","","","","","","","","","","","","","","","","","","BD_ICV_2022"
"","","","","","","","","","","","","","","","","","","","","","","","","","","","","","","","","","","","BD_ICV_2022"
"","","","","","","","","","","","","","","","","","","","","","","","","","","","","","","","","","","","BD_ICV_2022"
"","","","","","","","","","","","","","","","","","","","","","","","","","","","","","","","","","","","BD_ICV_2022"
"","","","","","","","","","","","","","","","","","","","","","","","","","","","","","","","","","","","BD_ICV_2022"
"","","","","","","","","","","","","","","","","","","","","","","","","","","","","","","","","","","","BD_ICV_2022"
"","","","","","","","","","","","","","","","","","","","","","","","","","","","","","","","","","","","BD_ICV_2022"
"","","","","","","","","","","","","","","","","","","","","","","","","","","","","","","","","","","","BD_ICV_2022"
"","","","","","","","","","","","","","","","","","","","","","","","","","","","","","","","","","","","BD_ICV_2022"
"","","","","","","","","","","","","","","","","","","","","","","","","","","","","","","","","","","","BD_ICV_2022"
"","","","","","","","","","","","","","","","","","","","","","","","","","","","","","","","","","","","BD_ICV_2022"
"","","","","","","","","","","","","","","","","","","","","","","","","","","","","","","","","","","","BD_ICV_2022"
"","","","","","","","","","","","","","","","","","","","","","","","","","","","","","","","","","","","BD_ICV_2022"
"","","","","","","","","","","","","","","","","","","","","","","","","","","","","","","","","","","","BD_ICV_2022"
"","","","","","","","","","","","","","","","","","","","","","","","","","","","","","","","","","","","BD_ICV_2022"
"","","","","","","","","","","","","","","","","","","","","","","","","","","","","","","","","","","","BD_ICV_2022"
"","","","","","","","","","","","","","","","","","","","","","","","","","","","","","","","","","","","BD_ICV_2022"
"","","","","","","","","","","","","","","","","","","","","","","","","","","","","","","","","","","","BD_ICV_2022"
"","","","","","","","","","","","","","","","","","","","","","","","","","","","","","","","","","","","BD_ICV_2022"
"","","","","","","","","","","","","","","","","","","","","","","","","","","","","","","","","","","","BD_ICV_2022"
"","","","","","","","","","","","","","","","","","","","","","","","","","","","","","","","","","","","BD_ICV_2022"
"","","","","","","","","","","","","","","","","","","","","","","","","","","","","","","","","","","","BD_ICV_2022"
"","","","","","","","","","","","","","","","","","","","","","","","","","","","","","","","","","","","BD_ICV_2022"
"","","","","","","","","","","","","","","","","","","","","","","","","","","","","","","","","","","","BD_ICV_2022"
"","","","","","","","","","","","","","","","","","","","","","","","","","","","","","","","","","","","BD_ICV_2022"
"","","","","","","","","","","","","","","","","","","","","","","","","","","","","","","","","","","","BD_ICV_2022"
"","","","","","","","","","","","","","","","","","","","","","","","","","","","","","","","","","","","BD_ICV_2022"
"","","","","","","","","","","","","","","","","","","","","","","","","","","","","","","","","","","","BD_ICV_2022"
"","","","","","","","","","","","","","","","","","","","","","","","","","","","","","","","","","","","BD_ICV_2022"
"","","","","","","","","","","","","","","","","","","","","","","","","","","","","","","","","","","","BD_ICV_2022"
"","","","","","","","","","","","","","","","","","","","","","","","","","","","","","","","","","","","BD_ICV_2022"
"","","","","","","","","","","","","","","","","","","","","","","","","","","","","","","","","","","","BD_ICV_2022"
"","","","","","","","","","","","","","","","","","","","","","","","","","","","","","","","","","","","BD_ICV_2022"
"","","","","","","","","","","","","","","","","","","","","","","","","","","","","","","","","","","","BD_ICV_2022"
"","","","","","","","","","","","","","","","","","","","","","","","","","","","","","","","","","","","BD_ICV_2022"
"","","","","","","","","","","","","","","","","","","","","","","","","","","","","","","","","","","","BD_ICV_2022"
"","","","","","","","","","","","","","","","","","","","","","","","","","","","","","","","","","","","BD_ICV_2022"
"","","","","","","","","","","","","","","","","","","","","","","","","","","","","","","","","","","","BD_ICV_2022"
"","","","","","","","","","","","","","","","","","","","","","","","","","","","","","","","","","","","BD_ICV_2022"
"","","","","","","","","","","","","","","","","","","","","","","","","","","","","","","","","","","","BD_ICV_2022"
"","","","","","","","","","","","","","","","","","","","","","","","","","","","","","","","","","","","BD_ICV_2022"
"","","","","","","","","","","","","","","","","","","","","","","","","","","","","","","","","","","","BD_ICV_2022"
"","","","","","","","","","","","","","","","","","","","","","","","","","","","","","","","","","","","BD_ICV_2022"
"","","","","","","","","","","","","","","","","","","","","","","","","","","","","","","","","","","","BD_ICV_2022"
"","","","","","","","","","","","","","","","","","","","","","","","","","","","","","","","","","","","BD_ICV_2022"
"","","","","","","","","","","","","","","","","","","","","","","","","","","","","","","","","","","","BD_ICV_2022"
"","","","","","","","","","","","","","","","","","","","","","","","","","","","","","","","","","","","BD_ICV_2022"
"","","","","","","","","","","","","","","","","","","","","","","","","","","","","","","","","","","","BD_ICV_2022"
"","","","","","","","","","","","","","","","","","","","","","","","","","","","","","","","","","","","BD_ICV_2022"
"","","","","","","","","","","","","","","","","","","","","","","","","","","","","","","","","","","","BD_ICV_2022"
"","","","","","","","","","","","","","","","","","","","","","","","","","","","","","","","","","","","BD_ICV_2022"
"","","","","","","","","","","","","","","","","","","","","","","","","","","","","","","","","","","","BD_ICV_2022"
"","","","","","","","","","","","","","","","","","","","","","","","","","","","","","","","","","","","BD_ICV_2022"
"","","","","","","","","","","","","","","","","","","","","","","","","","","","","","","","","","","","BD_ICV_2022"
"","","","","","","","","","","","","","","","","","","","","","","","","","","","","","","","","","","","BD_ICV_2022"
"","","","","","","","","","","","","","","","","","","","","","","","","","","","","","","","","","","","BD_ICV_2022"
"","","","","","","","","","","","","","","","","","","","","","","","","","","","","","","","","","","","BD_ICV_2022"
"","","","","","","","","","","","","","","","","","","","","","","","","","","","","","","","","","","","BD_ICV_2022"
"","","","","","","","","","","","","","","","","","","","","","","","","","","","","","","","","","","","BD_ICV_2022"
"","","","","","","","","","","","","","","","","","","","","","","","","","","","","","","","","","","","BD_ICV_2022"
"","","","","","","","","","","","","","","","","","","","","","","","","","","","","","","","","","","","BD_ICV_2022"
"","","","","","","","","","","","","","","","","","","","","","","","","","","","","","","","","","","","BD_ICV_2022"
"","","","","","","","","","","","","","","","","","","","","","","","","","","","","","","","","","","","BD_ICV_2022"
"","","","","","","","","","","","","","","","","","","","","","","","","","","","","","","","","","","","BD_ICV_2022"
"","","","","","","","","","","","","","","","","","","","","","","","","","","","","","","","","","","","BD_ICV_2022"
"","","","","","","","","","","","","","","","","","","","","","","","","","","","","","","","","","","","BD_ICV_2022"
"","","","","","","","","","","","","","","","","","","","","","","","","","","","","","","","","","","","BD_ICV_2022"
"","","","","","","","","","","","","","","","","","","","","","","","","","","","","","","","","","","","BD_ICV_2022"
"","","","","","","","","","","","","","","","","","","","","","","","","","","","","","","","","","","","BD_ICV_2022"
"","","","","","","","","","","","","","","","","","","","","","","","","","","","","","","","","","","","BD_ICV_2022"
"","","","","","","","","","","","","","","","","","","","","","","","","","","","","","","","","","","","BD_ICV_2022"
"","","","","","","","","","","","","","","","","","","","","","","","","","","","","","","","","","","","BD_ICV_2022"
"","","","","","","","","","","","","","","","","","","","","","","","","","","","","","","","","","","","BD_ICV_2022"
"","","","","","","","","","","","","","","","","","","","","","","","","","","","","","","","","","","","BD_ICV_2022"
"","","","","","","","","","","","","","","","","","","","","","","","","","","","","","","","","","","","BD_ICV_2022"
"","","","","","","","","","","","","","","","","","","","","","","","","","","","","","","","","","","","BD_ICV_2022"
"","","","","","","","","","","","","","","","","","","","","","","","","","","","","","","","","","","","BD_ICV_2022"
"","","","","","","","","","","","","","","","","","","","","","","","","","","","","","","","","","","","BD_ICV_2022"
"","","","","","","","","","","","","","","","","","","","","","","","","","","","","","","","","","","","BD_ICV_2022"
"","","","","","","","","","","","","","","","","","","","","","","","","","","","","","","","","","","","BD_ICV_2022"
"","","","","","","","","","","","","","","","","","","","","","","","","","","","","","","","","","","","BD_ICV_2022"
"","","","","","","","","","","","","","","","","","","","","","","","","","","","","","","","","","","","BD_ICV_2022"
"","","","","","","","","","","","","","","","","","","","","","","","","","","","","","","","","","","","BD_ICV_2022"
"","","","","","","","","","","","","","","","","","","","","","","","","","","","","","","","","","","","BD_ICV_2022"
"","","","","","","","","","","","","","","","","","","","","","","","","","","","","","","","","","","","BD_ICV_2022"
"","","","","","","","","","","","","","","","","","","","","","","","","","","","","","","","","","","","BD_ICV_2022"
"","","","","","","","","","","","","","","","","","","","","","","","","","","","","","","","","","","","BD_ICV_2022"
"","","","","","","","","","","","","","","","","","","","","","","","","","","","","","","","","","","","BD_ICV_2022"
"","","","","","","","","","","","","","","","","","","","","","","","","","","","","","","","","","","","BD_ICV_2022"
"","","","","","","","","","","","","","","","","","","","","","","","","","","","","","","","","","","","BD_ICV_2022"
"","","","","","","","","","","","","","","","","","","","","","","","","","","","","","","","","","","","BD_ICV_2022"
"","","","","","","","","","","","","","","","","","","","","","","","","","","","","","","","","","","","BD_ICV_2022"
"","","","","","","","","","","","","","","","","","","","","","","","","","","","","","","","","","","","BD_ICV_2022"
"","","","","","","","","","","","","","","","","","","","","","","","","","","","","","","","","","","","BD_ICV_2022"
"","","","","","","","","","","","","","","","","","","","","","","","","","","","","","","","","","","","BD_ICV_2022"
"","","","","","","","","","","","","","","","","","","","","","","","","","","","","","","","","","","","BD_ICV_2022"
"","","","","","","","","","","","","","","","","","","","","","","","","","","","","","","","","","","","BD_ICV_2022"
"","","","","","","","","","","","","","","","","","","","","","","","","","","","","","","","","","","","BD_ICV_2022"
"","","","","","","","","","","","","","","","","","","","","","","","","","","","","","","","","","","","BD_ICV_2022"
"","","","","","","","","","","","","","","","","","","","","","","","","","","","","","","","","","","","BD_ICV_2022"
"","","","","","","","","","","","","","","","","","","","","","","","","","","","","","","","","","","","BD_ICV_2022"
"","","","","","","","","","","","","","","","","","","","","","","","","","","","","","","","","","","","BD_ICV_2022"
"","","","","","","","","","","","","","","","","","","","","","","","","","","","","","","","","","","","BD_ICV_2022"
"","","","","","","","","","","","","","","","","","","","","","","","","","","","","","","","","","","","BD_ICV_2022"
"","","","","","","","","","","","","","","","","","","","","","","","","","","","","","","","","","","","BD_ICV_2022"
"","","","","","","","","","","","","","","","","","","","","","","","","","","","","","","","","","","","BD_ICV_2022"
"","","","","","","","","","","","","","","","","","","","","","","","","","","","","","","","","","","","BD_ICV_2022"
"","","","","","","","","","","","","","","","","","","","","","","","","","","","","","","","","","","","BD_ICV_2022"
"","","","","","","","","","","","","","","","","","","","","","","","","","","","","","","","","","","","BD_ICV_2022"
"","","","","","","","","","","","","","","","","","","","","","","","","","","","","","","","","","","","BD_ICV_2022"
"","","","","","","","","","","","","","","","","","","","","","","","","","","","","","","","","","","","BD_ICV_2022"
"","","","","","","","","","","","","","","","","","","","","","","","","","","","","","","","","","","","BD_ICV_2022"
"","","","","","","","","","","","","","","","","","","","","","","","","","","","","","","","","","","","BD_ICV_2022"
"","","","","","","","","","","","","","","","","","","","","","","","","","","","","","","","","","","","BD_ICV_2022"
"","","","","","","","","","","","","","","","","","","","","","","","","","","","","","","","","","","","BD_ICV_2022"
"","","","","","","","","","","","","","","","","","","","","","","","","","","","","","","","","","","","BD_ICV_2022"
"","","","","","","","","","","","","","","","","","","","","","","","","","","","","","","","","","","","BD_ICV_2022"
"","","","","","","","","","","","","","","","","","","","","","","","","","","","","","","","","","","","BD_ICV_2022"
"","","","","","","","","","","","","","","","","","","","","","","","","","","","","","","","","","","","BD_ICV_2022"
"","","","","","","","","","","","","","","","","","","","","","","","","","","","","","","","","","","","BD_ICV_2022"
"","","","","","","","","","","","","","","","","","","","","","","","","","","","","","","","","","","","BD_ICV_2022"
"","","","","","","","","","","","","","","","","","","","","","","","","","","","","","","","","","","","BD_ICV_2022"
"","","","","","","","","","","","","","","","","","","","","","","","","","","","","","","","","","","","BD_ICV_2022"
"","","","","","","","","","","","","","","","","","","","","","","","","","","","","","","","","","","","BD_ICV_2022"
"","","","","","","","","","","","","","","","","","","","","","","","","","","","","","","","","","","","BD_ICV_2022"
"","","","","","","","","","","","","","","","","","","","","","","","","","","","","","","","","","","","BD_ICV_2022"
"","","","","","","","","","","","","","","","","","","","","","","","","","","","","","","","","","","","BD_ICV_2022"
"","","","","","","","","","","","","","","","","","","","","","","","","","","","","","","","","","","","BD_ICV_2022"
"","","","","","","","","","","","","","","","","","","","","","","","","","","","","","","","","","","","BD_ICV_2022"
"","","","","","","","","","","","","","","","","","","","","","","","","","","","","","","","","","","","BD_ICV_2022"
"","","","","","","","","","","","","","","","","","","","","","","","","","","","","","","","","","","","BD_ICV_2022"
"","","","","","","","","","","","","","","","","","","","","","","","","","","","","","","","","","","","BD_ICV_2022"
"","","","","","","","","","","","","","","","","","","","","","","","","","","","","","","","","","","","BD_ICV_2022"
"","","","","","","","","","","","","","","","","","","","","","","","","","","","","","","","","","","","BD_ICV_2022"
"","","","","","","","","","","","","","","","","","","","","","","","","","","","","","","","","","","","BD_ICV_2022"
"","","","","","","","","","","","","","","","","","","","","","","","","","","","","","","","","","","","BD_ICV_2022"
"","","","","","","","","","","","","","","","","","","","","","","","","","","","","","","","","","","","BD_ICV_2022"
"","","","","","","","","","","","","","","","","","","","","","","","","","","","","","","","","","","","BD_ICV_2022"
"","","","","","","","","","","","","","","","","","","","","","","","","","","","","","","","","","","","BD_ICV_2022"
"","","","","","","","","","","","","","","","","","","","","","","","","","","","","","","","","","","","BD_ICV_2022"
"","","","","","","","","","","","","","","","","","","","","","","","","","","","","","","","","","","","BD_ICV_2022"
"","","","","","","","","","","","","","","","","","","","","","","","","","","","","","","","","","","","BD_ICV_2022"
"","","","","","","","","","","","","","","","","","","","","","","","","","","","","","","","","","","","BD_ICV_2022"
"","","","","","","","","","","","","","","","","","","","","","","","","","","","","","","","","","","","BD_ICV_2022"
"","","","","","","","","","","","","","","","","","","","","","","","","","","","","","","","","","","","BD_ICV_2022"
"","","","","","","","","","","","","","","","","","","","","","","","","","","","","","","","","","","","BD_ICV_2022"
"","","","","","","","","","","","","","","","","","","","","","","","","","","","","","","","","","","","BD_ICV_2022"
"","","","","","","","","","","","","","","","","","","","","","","","","","","","","","","","","","","","BD_ICV_2022"
"","","","","","","","","","","","","","","","","","","","","","","","","","","","","","","","","","","","BD_ICV_2022"
"","","","","","","","","","","","","","","","","","","","","","","","","","","","","","","","","","","","BD_ICV_2022"
"","","","","","","","","","","","","","","","","","","","","","","","","","","","","","","","","","","","BD_ICV_2022"
"","","","","","","","","","","","","","","","","","","","","","","","","","","","","","","","","","","","BD_ICV_2022"
"","","","","","","","","","","","","","","","","","","","","","","","","","","","","","","","","","","","BD_ICV_2022"
"","","","","","","","","","","","","","","","","","","","","","","","","","","","","","","","","","","","BD_ICV_2022"
"","","","","","","","","","","","","","","","","","","","","","","","","","","","","","","","","","","","BD_ICV_2022"
"","","","","","","","","","","","","","","","","","","","","","","","","","","","","","","","","","","","BD_ICV_2022"
"","","","","","","","","","","","","","","","","","","","","","","","","","","","","","","","","","","","BD_ICV_2022"
"","","","","","","","","","","","","","","","","","","","","","","","","","","","","","","","","","","","BD_ICV_2022"
"","","","","","","","","","","","","","","","","","","","","","","","","","","","","","","","","","","","BD_ICV_2022"
"","","","","","","","","","","","","","","","","","","","","","","","","","","","","","","","","","","","BD_ICV_2022"
"","","","","","","","","","","","","","","","","","","","","","","","","","","","","","","","","","","","BD_ICV_2022"
"","","","","","","","","","","","","","","","","","","","","","","","","","","","","","","","","","","","BD_ICV_2022"
"","","","","","","","","","","","","","","","","","","","","","","","","","","","","","","","","","","","BD_ICV_2022"
"","","","","","","","","","","","","","","","","","","","","","","","","","","","","","","","","","","","BD_ICV_2022"
"","","","","","","","","","","","","","","","","","","","","","","","","","","","","","","","","","","","BD_ICV_2022"
"","","","","","","","","","","","","","","","","","","","","","","","","","","","","","","","","","","","BD_ICV_2022"
"","","","","","","","","","","","","","","","","","","","","","","","","","","","","","","","","","","","BD_ICV_2022"
"","","","","","","","","","","","","","","","","","","","","","","","","","","","","","","","","","","","BD_ICV_2022"
"","","","","","","","","","","","","","","","","","","","","","","","","","","","","","","","","","","","BD_ICV_2022"
"","","","","","","","","","","","","","","","","","","","","","","","","","","","","","","","","","","","BD_ICV_2022"
"","","","","","","","","","","","","","","","","","","","","","","","","","","","","","","","","","","","BD_ICV_2022"
"","","","","","","","","","","","","","","","","","","","","","","","","","","","","","","","","","","","BD_ICV_2022"
"","","","","","","","","","","","","","","","","","","","","","","","","","","","","","","","","","","","BD_ICV_2022"
"","","","","","","","","","","","","","","","","","","","","","","","","","","","","","","","","","","","BD_ICV_2022"
"","","","","","","","","","","","","","","","","","","","","","","","","","","","","","","","","","","","BD_ICV_2022"
"","","","","","","","","","","","","","","","","","","","","","","","","","","","","","","","","","","","BD_ICV_2022"
"","","","","","","","","","","","","","","","","","","","","","","","","","","","","","","","","","","","BD_ICV_2022"
"","","","","","","","","","","","","","","","","","","","","","","","","","","","","","","","","","","","BD_ICV_2022"
"","","","","","","","","","","","","","","","","","","","","","","","","","","","","","","","","","","","BD_ICV_2022"
"","","","","","","","","","","","","","","","","","","","","","","","","","","","","","","","","","","","BD_ICV_2022"
"","","","","","","","","","","","","","","","","","","","","","","","","","","","","","","","","","","","BD_ICV_2022"
"","","","","","","","","","","","","","","","","","","","","","","","","","","","","","","","","","","","BD_ICV_2022"
"","","","","","","","","","","","","","","","","","","","","","","","","","","","","","","","","","","","BD_ICV_2022"
"","","","","","","","","","","","","","","","","","","","","","","","","","","","","","","","","","","","BD_ICV_2022"
"","","","","","","","","","","","","","","","","","","","","","","","","","","","","","","","","","","","BD_ICV_2022"
"","","","","","","","","","","","","","","","","","","","","","","","","","","","","","","","","","","","BD_ICV_2022"
"","","","","","","","","","","","","","","","","","","","","","","","","","","","","","","","","","","","BD_ICV_2022"
"","","","","","","","","","","","","","","","","","","","","","","","","","","","","","","","","","","","BD_ICV_2022"
"","","","","","","","","","","","","","","","","","","","","","","","","","","","","","","","","","","","BD_ICV_2022"
"","","","","","","","","","","","","","","","","","","","","","","","","","","","","","","","","","","","BD_ICV_2022"
"","","","","","","","","","","","","","","","","","","","","","","","","","","","","","","","","","","","BD_ICV_2022"
"","","","","","","","","","","","","","","","","","","","","","","","","","","","","","","","","","","","BD_ICV_2022"
"","","","","","","","","","","","","","","","","","","","","","","","","","","","","","","","","","","","BD_ICV_2022"
"","","","","","","","","","","","","","","","","","","","","","","","","","","","","","","","","","","","BD_ICV_2022"
"","","","","","","","","","","","","","","","","","","","","","","","","","","","","","","","","","","","BD_ICV_2022"
"","","","","","","","","","","","","","","","","","","","","","","","","","","","","","","","","","","","BD_ICV_2022"
"","","","","","","","","","","","","","","","","","","","","","","","","","","","","","","","","","","","BD_ICV_2022"
"","","","","","","","","","","","","","","","","","","","","","","","","","","","","","","","","","","","BD_ICV_2022"
"","","","","","","","","","","","","","","","","","","","","","","","","","","","","","","","","","","","BD_ICV_2022"
"","","","","","","","","","","","","","","","","","","","","","","","","","","","","","","","","","","","BD_ICV_2022"
"","","","","","","","","","","","","","","","","","","","","","","","","","","","","","","","","","","","BD_ICV_2022"
"","","","","","","","","","","","","","","","","","","","","","","","","","","","","","","","","","","","BD_ICV_2022"
"","","","","","","","","","","","","","","","","","","","","","","","","","","","","","","","","","","","BD_ICV_2022"
"","","","","","","","","","","","","","","","","","","","","","","","","","","","","","","","","","","","BD_ICV_2022"
"","","","","","","","","","","","","","","","","","","","","","","","","","","","","","","","","","","","BD_ICV_2022"
"","","","","","","","","","","","","","","","","","","","","","","","","","","","","","","","","","","","BD_ICV_2022"
"","","","","","","","","","","","","","","","","","","","","","","","","","","","","","","","","","","","BD_ICV_2022"
"","","","","","","","","","","","","","","","","","","","","","","","","","","","","","","","","","","","BD_ICV_2022"
"","","","","","","","","","","","","","","","","","","","","","","","","","","","","","","","","","","","BD_ICV_2022"
"","","","","","","","","","","","","","","","","","","","","","","","","","","","","","","","","","","","BD_ICV_2022"
"","","","","","","","","","","","","","","","","","","","","","","","","","","","","","","","","","","","BD_ICV_2022"
"","","","","","","","","","","","","","","","","","","","","","","","","","","","","","","","","","","","BD_ICV_2022"
"","","","","","","","","","","","","","","","","","","","","","","","","","","","","","","","","","","","BD_ICV_2022"
"","","","","","","","","","","","","","","","","","","","","","","","","","","","","","","","","","","","BD_ICV_2022"
"","","","","","","","","","","","","","","","","","","","","","","","","","","","","","","","","","","","BD_ICV_2022"
"","","","","","","","","","","","","","","","","","","","","","","","","","","","","","","","","","","","BD_ICV_2022"
"","","","","","","","","","","","","","","","","","","","","","","","","","","","","","","","","","","","BD_ICV_2022"
"","","","","","","","","","","","","","","","","","","","","","","","","","","","","","","","","","","","BD_ICV_2022"
"","","","","","","","","","","","","","","","","","","","","","","","","","","","","","","","","","","","BD_ICV_2022"
"","","","","","","","","","","","","","","","","","","","","","","","","","","","","","","","","","","","BD_ICV_2022"
"","","","","","","","","","","","","","","","","","","","","","","","","","","","","","","","","","","","BD_ICV_2022"
"","","","","","","","","","","","","","","","","","","","","","","","","","","","","","","","","","","","BD_ICV_2022"
"","","","","","","","","","","","","","","","","","","","","","","","","","","","","","","","","","","","BD_ICV_2022"
"","","","","","","","","","","","","","","","","","","","","","","","","","","","","","","","","","","","BD_ICV_2022"
"","","","","","","","","","","","","","","","","","","","","","","","","","","","","","","","","","","","BD_ICV_2022"
"","","","","","","","","","","","","","","","","","","","","","","","","","","","","","","","","","","","BD_ICV_2022"
"","","","","","","","","","","","","","","","","","","","","","","","","","","","","","","","","","","","BD_ICV_2022"
"","","","","","","","","","","","","","","","","","","","","","","","","","","","","","","","","","","","BD_ICV_2022"
"","","","","","","","","","","","","","","","","","","","","","","","","","","","","","","","","","","","BD_ICV_2022"
"","","","","","","","","","","","","","","","","","","","","","","","","","","","","","","","","","","","BD_ICV_2022"
"","","","","","","","","","","","","","","","","","","","","","","","","","","","","","","","","","","","BD_ICV_2022"
"","","","","","","","","","","","","","","","","","","","","","","","","","","","","","","","","","","","BD_ICV_2022"
"","","","","","","","","","","","","","","","","","","","","","","","","","","","","","","","","","","","BD_ICV_2022"
"","","","","","","","","","","","","","","","","","","","","","","","","","","","","","","","","","","","BD_ICV_2022"
"","","","","","","","","","","","","","","","","","","","","","","","","","","","","","","","","","","","BD_ICV_2022"
"","","","","","","","","","","","","","","","","","","","","","","","","","","","","","","","","","","","BD_ICV_2022"
"","","","","","","","","","","","","","","","","","","","","","","","","","","","","","","","","","","","BD_ICV_2022"
"","","","","","","","","","","","","","","","","","","","","","","","","","","","","","","","","","","","BD_ICV_2022"
"","","","","","","","","","","","","","","","","","","","","","","","","","","","","","","","","","","","BD_ICV_2022"
"","","","","","","","","","","","","","","","","","","","","","","","","","","","","","","","","","","","BD_ICV_2022"
"","","","","","","","","","","","","","","","","","","","","","","","","","","","","","","","","","","","BD_ICV_2022"
"","","","","","","","","","","","","","","","","","","","","","","","","","","","","","","","","","","","BD_ICV_2022"
"","","","","","","","","","","","","","","","","","","","","","","","","","","","","","","","","","","","BD_ICV_2022"
"","","","","","","","","","","","","","","","","","","","","","","","","","","","","","","","","","","","BD_ICV_2022"
"","","","","","","","","","","","","","","","","","","","","","","","","","","","","","","","","","","","BD_ICV_2022"
"","","","","","","","","","","","","","","","","","","","","","","","","","","","","","","","","","","","BD_ICV_2022"
"","","","","","","","","","","","","","","","","","","","","","","","","","","","","","","","","","","","BD_ICV_2022"
"","","","","","","","","","","","","","","","","","","","","","","","","","","","","","","","","","","","BD_ICV_2022"
"","","","","","","","","","","","","","","","","","","","","","","","","","","","","","","","","","","","BD_ICV_2022"
"","","","","","","","","","","","","","","","","","","","","","","","","","","","","","","","","","","","BD_ICV_2022"
"","","","","","","","","","","","","","","","","","","","","","","","","","","","","","","","","","","","BD_ICV_2022"
"","","","","","","","","","","","","","","","","","","","","","","","","","","","","","","","","","","","BD_ICV_2022"
"","","","","","","","","","","","","","","","","","","","","","","","","","","","","","","","","","","","BD_ICV_2022"
"","","","","","","","","","","","","","","","","","","","","","","","","","","","","","","","","","","","BD_ICV_2022"
"","","","","","","","","","","","","","","","","","","","","","","","","","","","","","","","","","","","BD_ICV_2022"
"","","","","","","","","","","","","","","","","","","","","","","","","","","","","","","","","","","","BD_ICV_2022"
"","","","","","","","","","","","","","","","","","","","","","","","","","","","","","","","","","","","BD_ICV_2022"
"","","","","","","","","","","","","","","","","","","","","","","","","","","","","","","","","","","","BD_ICV_2022"
"","","","","","","","","","","","","","","","","","","","","","","","","","","","","","","","","","","","BD_ICV_2022"
"","","","","","","","","","","","","","","","","","","","","","","","","","","","","","","","","","","","BD_ICV_2022"
"","","","","","","","","","","","","","","","","","","","","","","","","","","","","","","","","","","","BD_ICV_2022"
"","","","","","","","","","","","","","","","","","","","","","","","","","","","","","","","","","","","BD_ICV_2022"
"","","","","","","","","","","","","","","","","","","","","","","","","","","","","","","","","","","","BD_ICV_2022"
"","","","","","","","","","","","","","","","","","","","","","","","","","","","","","","","","","","","BD_ICV_2022"
"","","","","","","","","","","","","","","","","","","","","","","","","","","","","","","","","","","","BD_ICV_2022"
"","","","","","","","","","","","","","","","","","","","","","","","","","","","","","","","","","","","BD_ICV_2022"
"","","","","","","","","","","","","","","","","","","","","","","","","","","","","","","","","","","","BD_ICV_2022"
"","","","","","","","","","","","","","","","","","","","","","","","","","","","","","","","","","","","BD_ICV_2022"
"","","","","","","","","","","","","","","","","","","","","","","","","","","","","","","","","","","","BD_ICV_2022"
"","","","","","","","","","","","","","","","","","","","","","","","","","","","","","","","","","","","BD_ICV_2022"
"","","","","","","","","","","","","","","","","","","","","","","","","","","","","","","","","","","","BD_ICV_2022"
"","","","","","","","","","","","","","","","","","","","","","","","","","","","","","","","","","","","BD_ICV_2022"
"","","","","","","","","","","","","","","","","","","","","","","","","","","","","","","","","","","","BD_ICV_2022"
"","","","","","","","","","","","","","","","","","","","","","","","","","","","","","","","","","","","BD_ICV_2022"
"","","","","","","","","","","","","","","","","","","","","","","","","","","","","","","","","","","","BD_ICV_2022"
"","","","","","","","","","","","","","","","","","","","","","","","","","","","","","","","","","","","BD_ICV_2022"
"","","","","","","","","","","","","","","","","","","","","","","","","","","","","","","","","","","","BD_ICV_2022"
"","","","","","","","","","","","","","","","","","","","","","","","","","","","","","","","","","","","BD_ICV_2022"
"","","","","","","","","","","","","","","","","","","","","","","","","","","","","","","","","","","","BD_ICV_2022"
"","","","","","","","","","","","","","","","","","","","","","","","","","","","","","","","","","","","BD_ICV_2022"
"","","","","","","","","","","","","","","","","","","","","","","","","","","","","","","","","","","","BD_ICV_2022"
"","","","","","","","","","","","","","","","","","","","","","","","","","","","","","","","","","","","BD_ICV_2022"
"","","","","","","","","","","","","","","","","","","","","","","","","","","","","","","","","","","","BD_ICV_2022"
"","","","","","","","","","","","","","","","","","","","","","","","","","","","","","","","","","","","BD_ICV_2022"
"","","","","","","","","","","","","","","","","","","","","","","","","","","","","","","","","","","","BD_ICV_2022"
"","","","","","","","","","","","","","","","","","","","","","","","","","","","","","","","","","","","BD_ICV_2022"
"","","","","","","","","","","","","","","","","","","","","","","","","","","","","","","","","","","","BD_ICV_2022"
"","","","","","","","","","","","","","","","","","","","","","","","","","","","","","","","","","","","BD_ICV_2022"
"","","","","","","","","","","","","","","","","","","","","","","","","","","","","","","","","","","","BD_ICV_2022"
"","","","","","","","","","","","","","","","","","","","","","","","","","","","","","","","","","","","BD_ICV_2022"
"","","","","","","","","","","","","","","","","","","","","","","","","","","","","","","","","","","","BD_ICV_2022"
"","","","","","","","","","","","","","","","","","","","","","","","","","","","","","","","","","","","BD_ICV_2022"
"","","","","","","","","","","","","","","","","","","","","","","","","","","","","","","","","","","","BD_ICV_2022"
"","","","","","","","","","","","","","","","","","","","","","","","","","","","","","","","","","","","BD_ICV_2022"
"","","","","","","","","","","","","","","","","","","","","","","","","","","","","","","","","","","","BD_ICV_2022"
"","","","","","","","","","","","","","","","","","","","","","","","","","","","","","","","","","","","BD_ICV_2022"
"","","","","","","","","","","","","","","","","","","","","","","","","","","","","","","","","","","","BD_ICV_2022"
"","","","","","","","","","","","","","","","","","","","","","","","","","","","","","","","","","","","BD_ICV_2022"
"","","","","","","","","","","","","","","","","","","","","","","","","","","","","","","","","","","","BD_ICV_2022"
"","","","","","","","","","","","","","","","","","","","","","","","","","","","","","","","","","","","BD_ICV_2022"
"","","","","","","","","","","","","","","","","","","","","","","","","","","","","","","","","","","","BD_ICV_2022"
"","","","","","","","","","","","","","","","","","","","","","","","","","","","","","","","","","","","BD_ICV_2022"
"","","","","","","","","","","","","","","","","","","","","","","","","","","","","","","","","","","","BD_ICV_2022"
"","","","","","","","","","","","","","","","","","","","","","","","","","","","","","","","","","","","BD_ICV_2022"
"","","","","","","","","","","","","","","","","","","","","","","","","","","","","","","","","","","","BD_ICV_2022"
"","","","","","","","","","","","","","","","","","","","","","","","","","","","","","","","","","","","BD_ICV_2022"
"","","","","","","","","","","","","","","","","","","","","","","","","","","","","","","","","","","","BD_ICV_2022"
"","","","","","","","","","","","","","","","","","","","","","","","","","","","","","","","","","","","BD_ICV_2022"
"","","","","","","","","","","","","","","","","","","","","","","","","","","","","","","","","","","","BD_ICV_2022"
"","","","","","","","","","","","","","","","","","","","","","","","","","","","","","","","","","","","BD_ICV_2022"
"","","","","","","","","","","","","","","","","","","","","","","","","","","","","","","","","","","","BD_ICV_2022"
"","","","","","","","","","","","","","","","","","","","","","","","","","","","","","","","","","","","BD_ICV_2022"
"","","","","","","","","","","","","","","","","","","","","","","","","","","","","","","","","","","","BD_ICV_2022"
"","","","","","","","","","","","","","","","","","","","","","","","","","","","","","","","","","","","BD_ICV_2022"
"","","","","","","","","","","","","","","","","","","","","","","","","","","","","","","","","","","","BD_ICV_2022"
"","","","","","","","","","","","","","","","","","","","","","","","","","","","","","","","","","","","BD_ICV_2022"
"","","","","","","","","","","","","","","","","","","","","","","","","","","","","","","","","","","","BD_ICV_2022"
"","","","","","","","","","","","","","","","","","","","","","","","","","","","","","","","","","","","BD_ICV_2022"
"","","","","","","","","","","","","","","","","","","","","","","","","","","","","","","","","","","","BD_ICV_2022"
"","","","","","","","","","","","","","","","","","","","","","","","","","","","","","","","","","","","BD_ICV_2022"
"","","","","","","","","","","","","","","","","","","","","","","","","","","","","","","","","","","","BD_ICV_2022"
"","","","","","","","","","","","","","","","","","","","","","","","","","","","","","","","","","","","BD_ICV_2022"
"","","","","","","","","","","","","","","","","","","","","","","","","","","","","","","","","","","","BD_ICV_2022"
"","","","","","","","","","","","","","","","","","","","","","","","","","","","","","","","","","","","BD_ICV_2022"
"","","","","","","","","","","","","","","","","","","","","","","","","","","","","","","","","","","","BD_ICV_2022"
"","","","","","","","","","","","","","","","","","","","","","","","","","","","","","","","","","","","BD_ICV_2022"
"","","","","","","","","","","","","","","","","","","","","","","","","","","","","","","","","","","","BD_ICV_2022"
"","","","","","","","","","","","","","","","","","","","","","","","","","","","","","","","","","","","BD_ICV_2022"
"","","","","","","","","","","","","","","","","","","","","","","","","","","","","","","","","","","","BD_ICV_2022"
"","","","","","","","","","","","","","","","","","","","","","","","","","","","","","","","","","","","BD_ICV_2022"
"","","","","","","","","","","","","","","","","","","","","","","","","","","","","","","","","","","","BD_ICV_2022"
"","","","","","","","","","","","","","","","","","","","","","","","","","","","","","","","","","","","BD_ICV_2022"
"","","","","","","","","","","","","","","","","","","","","","","","","","","","","","","","","","","","BD_ICV_2022"
"","","","","","","","","","","","","","","","","","","","","","","","","","","","","","","","","","","","BD_ICV_2022"
"","","","","","","","","","","","","","","","","","","","","","","","","","","","","","","","","","","","BD_ICV_2022"
"","","","","","","","","","","","","","","","","","","","","","","","","","","","","","","","","","","","BD_ICV_2022"
"","","","","","","","","","","","","","","","","","","","","","","","","","","","","","","","","","","","BD_ICV_2022"
"","","","","","","","","","","","","","","","","","","","","","","","","","","","","","","","","","","","BD_ICV_2022"
"","","","","","","","","","","","","","","","","","","","","","","","","","","","","","","","","","","","BD_ICV_2022"
"","","","","","","","","","","","","","","","","","","","","","","","","","","","","","","","","","","","BD_ICV_2022"
"","","","","","","","","","","","","","","","","","","","","","","","","","","","","","","","","","","","BD_ICV_2022"
"","","","","","","","","","","","","","","","","","","","","","","","","","","","","","","","","","","","BD_ICV_2022"
"","","","","","","","","","","","","","","","","","","","","","","","","","","","","","","","","","","","BD_ICV_2022"
"","","","","","","","","","","","","","","","","","","","","","","","","","","","","","","","","","","","BD_ICV_2022"
"","","","","","","","","","","","","","","","","","","","","","","","","","","","","","","","","","","","BD_ICV_2022"
"","","","","","","","","","","","","","","","","","","","","","","","","","","","","","","","","","","","BD_ICV_2022"
"","","","","","","","","","","","","","","","","","","","","","","","","","","","","","","","","","","","BD_ICV_2022"
"","","","","","","","","","","","","","","","","","","","","","","","","","","","","","","","","","","","BD_ICV_2022"
"","","","","","","","","","","","","","","","","","","","","","","","","","","","","","","","","","","","BD_ICV_2022"
"","","","","","","","","","","","","","","","","","","","","","","","","","","","","","","","","","","","BD_ICV_2022"
"","","","","","","","","","","","","","","","","","","","","","","","","","","","","","","","","","","","BD_ICV_2022"
"","","","","","","","","","","","","","","","","","","","","","","","","","","","","","","","","","","","BD_ICV_2022"
"","","","","","","","","","","","","","","","","","","","","","","","","","","","","","","","","","","","BD_ICV_2022"
"","","","","","","","","","","","","","","","","","","","","","","","","","","","","","","","","","","","BD_ICV_2022"
"","","","","","","","","","","","","","","","","","","","","","","","","","","","","","","","","","","","BD_ICV_2022"
"","","","","","","","","","","","","","","","","","","","","","","","","","","","","","","","","","","","BD_ICV_2022"
"","","","","","","","","","","","","","","","","","","","","","","","","","","","","","","","","","","","BD_ICV_2022"
"","","","","","","","","","","","","","","","","","","","","","","","","","","","","","","","","","","","BD_ICV_2022"
"","","","","","","","","","","","","","","","","","","","","","","","","","","","","","","","","","","","BD_ICV_2022"
"","","","","","","","","","","","","","","","","","","","","","","","","","","","","","","","","","","","BD_ICV_2022"
"","","","","","","","","","","","","","","","","","","","","","","","","","","","","","","","","","","","BD_ICV_2022"
"","","","","","","","","","","","","","","","","","","","","","","","","","","","","","","","","","","","BD_ICV_2022"
"","","","","","","","","","","","","","","","","","","","","","","","","","","","","","","","","","","","BD_ICV_2022"
"","","","","","","","","","","","","","","","","","","","","","","","","","","","","","","","","","","","BD_ICV_2022"
"","","","","","","","","","","","","","","","","","","","","","","","","","","","","","","","","","","","BD_ICV_2022"
"","","","","","","","","","","","","","","","","","","","","","","","","","","","","","","","","","","","BD_ICV_2022"
"","","","","","","","","","","","","","","","","","","","","","","","","","","","","","","","","","","","BD_ICV_2022"
"","","","","","","","","","","","","","","","","","","","","","","","","","","","","","","","","","","","BD_ICV_2022"
"","","","","","","","","","","","","","","","","","","","","","","","","","","","","","","","","","","","BD_ICV_2022"
"","","","","","","","","","","","","","","","","","","","","","","","","","","","","","","","","","","","BD_ICV_2022"
"","","","","","","","","","","","","","","","","","","","","","","","","","","","","","","","","","","","BD_ICV_2022"
"","","","","","","","","","","","","","","","","","","","","","","","","","","","","","","","","","","","BD_ICV_2022"
"","","","","","","","","","","","","","","","","","","","","","","","","","","","","","","","","","","","BD_ICV_2022"
"","","","","","","","","","","","","","","","","","","","","","","","","","","","","","","","","","","","BD_ICV_2022"
"","","","","","","","","","","","","","","","","","","","","","","","","","","","","","","","","","","","BD_ICV_2022"
"","","","","","","","","","","","","","","","","","","","","","","","","","","","","","","","","","","","BD_ICV_2022"
"","","","","","","","","","","","","","","","","","","","","","","","","","","","","","","","","","","","BD_ICV_2022"
"","","","","","","","","","","","","","","","","","","","","","","","","","","","","","","","","","","","BD_ICV_2022"
"","","","","","","","","","","","","","","","","","","","","","","","","","","","","","","","","","","","BD_ICV_2022"
"","","","","","","","","","","","","","","","","","","","","","","","","","","","","","","","","","","","BD_ICV_2022"
"","","","","","","","","","","","","","","","","","","","","","","","","","","","","","","","","","","","BD_ICV_2022"
"","","","","","","","","","","","","","","","","","","","","","","","","","","","","","","","","","","","BD_ICV_2022"
"","","","","","","","","","","","","","","","","","","","","","","","","","","","","","","","","","","","BD_ICV_2022"
"","","","","","","","","","","","","","","","","","","","","","","","","","","","","","","","","","","","BD_ICV_2022"
"","","","","","","","","","","","","","","","","","","","","","","","","","","","","","","","","","","","BD_ICV_2022"
"","","","","","","","","","","","","","","","","","","","","","","","","","","","","","","","","","","","BD_ICV_2022"
"","","","","","","","","","","","","","","","","","","","","","","","","","","","","","","","","","","","BD_ICV_2022"
"","","","","","","","","","","","","","","","","","","","","","","","","","","","","","","","","","","","BD_ICV_2022"
"","","","","","","","","","","","","","","","","","","","","","","","","","","","","","","","","","","","BD_ICV_2022"
"","","","","","","","","","","","","","","","","","","","","","","","","","","","","","","","","","","","BD_ICV_2022"
"","","","","","","","","","","","","","","","","","","","","","","","","","","","","","","","","","","","BD_ICV_2022"
"","","","","","","","","","","","","","","","","","","","","","","","","","","","","","","","","","","","BD_ICV_2022"
"","","","","","","","","","","","","","","","","","","","","","","","","","","","","","","","","","","","BD_ICV_2022"
"","","","","","","","","","","","","","","","","","","","","","","","","","","","","","","","","","","","BD_ICV_2022"
"","","","","","","","","","","","","","","","","","","","","","","","","","","","","","","","","","","","BD_ICV_2022"
"","","","","","","","","","","","","","","","","","","","","","","","","","","","","","","","","","","","BD_ICV_2022"
"","","","","","","","","","","","","","","","","","","","","","","","","","","","","","","","","","","","BD_ICV_2022"
"","","","","","","","","","","","","","","","","","","","","","","","","","","","","","","","","","","","BD_ICV_2022"
"","","","","","","","","","","","","","","","","","","","","","","","","","","","","","","","","","","","BD_ICV_2022"
"","","","","","","","","","","","","","","","","","","","","","","","","","","","","","","","","","","","BD_ICV_2022"
"","","","","","","","","","","","","","","","","","","","","","","","","","","","","","","","","","","","BD_ICV_2022"
"","","","","","","","","","","","","","","","","","","","","","","","","","","","","","","","","","","","BD_ICV_2022"
"","","","","","","","","","","","","","","","","","","","","","","","","","","","","","","","","","","","BD_ICV_2022"
"","","","","","","","","","","","","","","","","","","","","","","","","","","","","","","","","","","","BD_ICV_2022"
"","","","","","","","","","","","","","","","","","","","","","","","","","","","","","","","","","","","BD_ICV_2022"
"","","","","","","","","","","","","","","","","","","","","","","","","","","","","","","","","","","","BD_ICV_2022"
"","","","","","","","","","","","","","","","","","","","","","","","","","","","","","","","","","","","BD_ICV_2022"
"","","","","","","","","","","","","","","","","","","","","","","","","","","","","","","","","","","","BD_ICV_2022"
"","","","","","","","","","","","","","","","","","","","","","","","","","","","","","","","","","","","BD_ICV_2022"
"","","","","","","","","","","","","","","","","","","","","","","","","","","","","","","","","","","","BD_ICV_2022"
"","","","","","","","","","","","","","","","","","","","","","","","","","","","","","","","","","","","BD_ICV_2022"
"","","","","","","","","","","","","","","","","","","","","","","","","","","","","","","","","","","","BD_ICV_2022"
"","","","","","","","","","","","","","","","","","","","","","","","","","","","","","","","","","","","BD_ICV_2022"
"","","","","","","","","","","","","","","","","","","","","","","","","","","","","","","","","","","","BD_ICV_2022"
"","","","","","","","","","","","","","","","","","","","","","","","","","","","","","","","","","","","BD_ICV_2022"
"","","","","","","","","","","","","","","","","","","","","","","","","","","","","","","","","","","","BD_ICV_2022"
"","","","","","","","","","","","","","","","","","","","","","","","","","","","","","","","","","","","BD_ICV_2022"
"","","","","","","","","","","","","","","","","","","","","","","","","","","","","","","","","","","","BD_ICV_2022"
"","","","","","","","","","","","","","","","","","","","","","","","","","","","","","","","","","","","BD_ICV_2022"
"","","","","","","","","","","","","","","","","","","","","","","","","","","","","","","","","","","","BD_ICV_2022"
"","","","","","","","","","","","","","","","","","","","","","","","","","","","","","","","","","","","BD_ICV_2022"
"","","","","","","","","","","","","","","","","","","","","","","","","","","","","","","","","","","","BD_ICV_2022"
"","","","","","","","","","","","","","","","","","","","","","","","","","","","","","","","","","","","BD_ICV_2022"
"","","","","","","","","","","","","","","","","","","","","","","","","","","","","","","","","","","","BD_ICV_2022"
"","","","","","","","","","","","","","","","","","","","","","","","","","","","","","","","","","","","BD_ICV_2022"
"","","","","","","","","","","","","","","","","","","","","","","","","","","","","","","","","","","","BD_ICV_2022"
"","","","","","","","","","","","","","","","","","","","","","","","","","","","","","","","","","","","BD_ICV_2022"
"","","","","","","","","","","","","","","","","","","","","","","","","","","","","","","","","","","","BD_ICV_2022"
"","","","","","","","","","","","","","","","","","","","","","","","","","","","","","","","","","","","BD_ICV_2022"
"","","","","","","","","","","","","","","","","","","","","","","","","","","","","","","","","","","","BD_ICV_2022"
"","","","","","","","","","","","","","","","","","","","","","","","","","","","","","","","","","","","BD_ICV_2022"
"","","","","","","","","","","","","","","","","","","","","","","","","","","","","","","","","","","","BD_ICV_2022"
"","","","","","","","","","","","","","","","","","","","","","","","","","","","","","","","","","","","BD_ICV_2022"
"","","","","","","","","","","","","","","","","","","","","","","","","","","","","","","","","","","","BD_ICV_2022"
"","","","","","","","","","","","","","","","","","","","","","","","","","","","","","","","","","","","BD_ICV_2022"
"","","","","","","","","","","","","","","","","","","","","","","","","","","","","","","","","","","","BD_ICV_2022"
"","","","","","","","","","","","","","","","","","","","","","","","","","","","","","","","","","","","BD_ICV_2022"
"","","","","","","","","","","","","","","","","","","","","","","","","","","","","","","","","","","","BD_ICV_2022"
"","","","","","","","","","","","","","","","","","","","","","","","","","","","","","","","","","","","BD_ICV_2022"
"","","","","","","","","","","","","","","","","","","","","","","","","","","","","","","","","","","","BD_ICV_2022"
"","","","","","","","","","","","","","","","","","","","","","","","","","","","","","","","","","","","BD_ICV_2022"
"","","","","","","","","","","","","","","","","","","","","","","","","","","","","","","","","","","","BD_ICV_2022"
"","","","","","","","","","","","","","","","","","","","","","","","","","","","","","","","","","","","BD_ICV_2022"
"","","","","","","","","","","","","","","","","","","","","","","","","","","","","","","","","","","","BD_ICV_2022"
"","","","","","","","","","","","","","","","","","","","","","","","","","","","","","","","","","","","BD_ICV_2022"
"","","","","","","","","","","","","","","","","","","","","","","","","","","","","","","","","","","","BD_ICV_2022"
"","","","","","","","","","","","","","","","","","","","","","","","","","","","","","","","","","","","BD_ICV_2022"
"","","","","","","","","","","","","","","","","","","","","","","","","","","","","","","","","","","","BD_ICV_2022"
"","","","","","","","","","","","","","","","","","","","","","","","","","","","","","","","","","","","BD_ICV_2022"
"","","","","","","","","","","","","","","","","","","","","","","","","","","","","","","","","","","","BD_ICV_2022"
"","","","","","","","","","","","","","","","","","","","","","","","","","","","","","","","","","","","BD_ICV_2022"
"","","","","","","","","","","","","","","","","","","","","","","","","","","","","","","","","","","","BD_ICV_2022"
"","","","","","","","","","","","","","","","","","","","","","","","","","","","","","","","","","","","BD_ICV_2022"
"","","","","","","","","","","","","","","","","","","","","","","","","","","","","","","","","","","","BD_ICV_2022"
"","","","","","","","","","","","","","","","","","","","","","","","","","","","","","","","","","","","BD_ICV_2022"
"","","","","","","","","","","","","","","","","","","","","","","","","","","","","","","","","","","","BD_ICV_2022"
"","","","","","","","","","","","","","","","","","","","","","","","","","","","","","","","","","","","BD_ICV_2022"
"","","","","","","","","","","","","","","","","","","","","","","","","","","","","","","","","","","","BD_ICV_2022"
"","","","","","","","","","","","","","","","","","","","","","","","","","","","","","","","","","","","BD_ICV_2022"
"","","","","","","","","","","","","","","","","","","","","","","","","","","","","","","","","","","","BD_ICV_2022"
"","","","","","","","","","","","","","","","","","","","","","","","","","","","","","","","","","","","BD_ICV_2022"
"","","","","","","","","","","","","","","","","","","","","","","","","","","","","","","","","","","","BD_ICV_2022"
"","","","","","","","","","","","","","","","","","","","","","","","","","","","","","","","","","","","BD_ICV_2022"
"","","","","","","","","","","","","","","","","","","","","","","","","","","","","","","","","","","","BD_ICV_2022"
"","","","","","","","","","","","","","","","","","","","","","","","","","","","","","","","","","","","BD_ICV_2022"
"","","","","","","","","","","","","","","","","","","","","","","","","","","","","","","","","","","","BD_ICV_2022"
"","","","","","","","","","","","","","","","","","","","","","","","","","","","","","","","","","","","BD_ICV_2022"
"","","","","","","","","","","","","","","","","","","","","","","","","","","","","","","","","","","","BD_ICV_2022"
"","","","","","","","","","","","","","","","","","","","","","","","","","","","","","","","","","","","BD_ICV_2022"
"","","","","","","","","","","","","","","","","","","","","","","","","","","","","","","","","","","","BD_ICV_2022"
"","","","","","","","","","","","","","","","","","","","","","","","","","","","","","","","","","","","BD_ICV_2022"
"","","","","","","","","","","","","","","","","","","","","","","","","","","","","","","","","","","","BD_ICV_2022"
"","","","","","","","","","","","","","","","","","","","","","","","","","","","","","","","","","","","BD_ICV_2022"
"","","","","","","","","","","","","","","","","","","","","","","","","","","","","","","","","","","","BD_ICV_2022"
"","","","","","","","","","","","","","","","","","","","","","","","","","","","","","","","","","","","BD_ICV_2022"
"","","","","","","","","","","","","","","","","","","","","","","","","","","","","","","","","","","","BD_ICV_2022"
"","","","","","","","","","","","","","","","","","","","","","","","","","","","","","","","","","","","BD_ICV_2022"
"","","","","","","","","","","","","","","","","","","","","","","","","","","","","","","","","","","","BD_ICV_2022"
"","","","","","","","","","","","","","","","","","","","","","","","","","","","","","","","","","","","BD_ICV_2022"
"","","","","","","","","","","","","","","","","","","","","","","","","","","","","","","","","","","","BD_ICV_2022"
"","","","","","","","","","","","","","","","","","","","","","","","","","","","","","","","","","","","BD_ICV_2022"
"","","","","","","","","","","","","","","","","","","","","","","","","","","","","","","","","","","","BD_ICV_2022"
"","","","","","","","","","","","","","","","","","","","","","","","","","","","","","","","","","","","BD_ICV_2022"
"","","","","","","","","","","","","","","","","","","","","","","","","","","","","","","","","","","","BD_ICV_2022"
"","","","","","","","","","","","","","","","","","","","","","","","","","","","","","","","","","","","BD_ICV_2022"
"","","","","","","","","","","","","","","","","","","","","","","","","","","","","","","","","","","","BD_ICV_2022"
"","","","","","","","","","","","","","","","","","","","","","","","","","","","","","","","","","","","BD_ICV_2022"
"","","","","","","","","","","","","","","","","","","","","","","","","","","","","","","","","","","","BD_ICV_2022"
"","","","","","","","","","","","","","","","","","","","","","","","","","","","","","","","","","","","BD_ICV_2022"
"","","","","","","","","","","","","","","","","","","","","","","","","","","","","","","","","","","","BD_ICV_2022"
"","","","","","","","","","","","","","","","","","","","","","","","","","","","","","","","","","","","BD_ICV_2022"
"","","","","","","","","","","","","","","","","","","","","","","","","","","","","","","","","","","","BD_ICV_2022"
"","","","","","","","","","","","","","","","","","","","","","","","","","","","","","","","","","","","BD_ICV_2022"
"","","","","","","","","","","","","","","","","","","","","","","","","","","","","","","","","","","","BD_ICV_2022"
"","","","","","","","","","","","","","","","","","","","","","","","","","","","","","","","","","","","BD_ICV_2022"
"","","","","","","","","","","","","","","","","","","","","","","","","","","","","","","","","","","","BD_ICV_2022"
"","","","","","","","","","","","","","","","","","","","","","","","","","","","","","","","","","","","BD_ICV_2022"
"","","","","","","","","","","","","","","","","","","","","","","","","","","","","","","","","","","","BD_ICV_2022"
"","","","","","","","","","","","","","","","","","","","","","","","","","","","","","","","","","","","BD_ICV_2022"
"","","","","","","","","","","","","","","","","","","","","","","","","","","","","","","","","","","","BD_ICV_2022"
"","","","","","","","","","","","","","","","","","","","","","","","","","","","","","","","","","","","BD_ICV_2022"
"","","","","","","","","","","","","","","","","","","","","","","","","","","","","","","","","","","","BD_ICV_2022"
"","","","","","","","","","","","","","","","","","","","","","","","","","","","","","","","","","","","BD_ICV_2022"
"","","","","","","","","","","","","","","","","","","","","","","","","","","","","","","","","","","","BD_ICV_2022"
"","","","","","","","","","","","","","","","","","","","","","","","","","","","","","","","","","","","BD_ICV_2022"
"","","","","","","","","","","","","","","","","","","","","","","","","","","","","","","","","","","","BD_ICV_2022"
"","","","","","","","","","","","","","","","","","","","","","","","","","","","","","","","","","","","BD_ICV_2022"
"","","","","","","","","","","","","","","","","","","","","","","","","","","","","","","","","","","","BD_ICV_2022"
"","","","","","","","","","","","","","","","","","","","","","","","","","","","","","","","","","","","BD_ICV_2022"
"","","","","","","","","","","","","","","","","","","","","","","","","","","","","","","","","","","","BD_ICV_2022"
"","","","","","","","","","","","","","","","","","","","","","","","","","","","","","","","","","","","BD_ICV_2022"
"","","","","","","","","","","","","","","","","","","","","","","","","","","","","","","","","","","","BD_ICV_2022"
"","","","","","","","","","","","","","","","","","","","","","","","","","","","","","","","","","","","BD_ICV_2022"
"","","","","","","","","","","","","","","","","","","","","","","","","","","","","","","","","","","","BD_ICV_2022"
"","","","","","","","","","","","","","","","","","","","","","","","","","","","","","","","","","","","BD_ICV_2022"
"","","","","","","","","","","","","","","","","","","","","","","","","","","","","","","","","","","","BD_ICV_2022"
"","","","","","","","","","","","","","","","","","","","","","","","","","","","","","","","","","","","BD_ICV_2022"
"","","","","","","","","","","","","","","","","","","","","","","","","","","","","","","","","","","","BD_ICV_2022"
"","","","","","","","","","","","","","","","","","","","","","","","","","","","","","","","","","","","BD_ICV_2022"
"","","","","","","","","","","","","","","","","","","","","","","","","","","","","","","","","","","","BD_ICV_2022"
"","","","","","","","","","","","","","","","","","","","","","","","","","","","","","","","","","","","BD_ICV_2022"
"","","","","","","","","","","","","","","","","","","","","","","","","","","","","","","","","","","","BD_ICV_2022"
"","","","","","","","","","","","","","","","","","","","","","","","","","","","","","","","","","","","BD_ICV_2022"
"","","","","","","","","","","","","","","","","","","","","","","","","","","","","","","","","","","","BD_ICV_2022"
"","","","","","","","","","","","","","","","","","","","","","","","","","","","","","","","","","","","BD_ICV_2022"
"","","","","","","","","","","","","","","","","","","","","","","","","","","","","","","","","","","","BD_ICV_2022"
"","","","","","","","","","","","","","","","","","","","","","","","","","","","","","","","","","","","BD_ICV_2022"
"","","","","","","","","","","","","","","","","","","","","","","","","","","","","","","","","","","","BD_ICV_2022"
"","","","","","","","","","","","","","","","","","","","","","","","","","","","","","","","","","","","BD_ICV_2022"
"","","","","","","","","","","","","","","","","","","","","","","","","","","","","","","","","","","","BD_ICV_2022"
"","","","","","","","","","","","","","","","","","","","","","","","","","","","","","","","","","","","BD_ICV_2022"
"","","","","","","","","","","","","","","","","","","","","","","","","","","","","","","","","","","","BD_ICV_2022"
"","","","","","","","","","","","","","","","","","","","","","","","","","","","","","","","","","","","BD_ICV_2022"
"","","","","","","","","","","","","","","","","","","","","","","","","","","","","","","","","","","","BD_ICV_2022"
"","","","","","","","","","","","","","","","","","","","","","","","","","","","","","","","","","","","BD_ICV_2022"
"","","","","","","","","","","","","","","","","","","","","","","","","","","","","","","","","","","","BD_ICV_2022"
"","","","","","","","","","","","","","","","","","","","","","","","","","","","","","","","","","","","BD_ICV_2022"
"","","","","","","","","","","","","","","","","","","","","","","","","","","","","","","","","","","","BD_ICV_2022"
"","","","","","","","","","","","","","","","","","","","","","","","","","","","","","","","","","","","BD_ICV_2022"
"","","","","","","","","","","","","","","","","","","","","","","","","","","","","","","","","","","","BD_ICV_2022"
"","","","","","","","","","","","","","","","","","","","","","","","","","","","","","","","","","","","BD_ICV_2022"
"","","","","","","","","","","","","","","","","","","","","","","","","","","","","","","","","","","","BD_ICV_2022"
"","","","","","","","","","","","","","","","","","","","","","","","","","","","","","","","","","","","BD_ICV_2022"
"","","","","","","","","","","","","","","","","","","","","","","","","","","","","","","","","","","","BD_ICV_2022"
"","","","","","","","","","","","","","","","","","","","","","","","","","","","","","","","","","","","BD_ICV_2022"
"","","","","","","","","","","","","","","","","","","","","","","","","","","","","","","","","","","","BD_ICV_2022"
"","","","","","","","","","","","","","","","","","","","","","","","","","","","","","","","","","","","BD_ICV_2022"
"","","","","","","","","","","","","","","","","","","","","","","","","","","","","","","","","","","","BD_ICV_2022"
"","","","","","","","","","","","","","","","","","","","","","","","","","","","","","","","","","","","BD_ICV_2022"
"","","","","","","","","","","","","","","","","","","","","","","","","","","","","","","","","","","","BD_ICV_2022"
"","","","","","","","","","","","","","","","","","","","","","","","","","","","","","","","","","","","BD_ICV_2022"
"","","","","","","","","","","","","","","","","","","","","","","","","","","","","","","","","","","","BD_ICV_2022"
"","","","","","","","","","","","","","","","","","","","","","","","","","","","","","","","","","","","BD_ICV_2022"
"","","","","","","","","","","","","","","","","","","","","","","","","","","","","","","","","","","","BD_ICV_2022"
"","","","","","","","","","","","","","","","","","","","","","","","","","","","","","","","","","","","BD_ICV_2022"
"","","","","","","","","","","","","","","","","","","","","","","","","","","","","","","","","","","","BD_ICV_2022"
"","","","","","","","","","","","","","","","","","","","","","","","","","","","","","","","","","","","BD_ICV_2022"
"","","","","","","","","","","","","","","","","","","","","","","","","","","","","","","","","","","","BD_ICV_2022"
"","","","","","","","","","","","","","","","","","","","","","","","","","","","","","","","","","","","BD_ICV_2022"
"","","","","","","","","","","","","","","","","","","","","","","","","","","","","","","","","","","","BD_ICV_2022"
"","","","","","","","","","","","","","","","","","","","","","","","","","","","","","","","","","","","BD_ICV_2022"
"","","","","","","","","","","","","","","","","","","","","","","","","","","","","","","","","","","","BD_ICV_2022"
"","","","","","","","","","","","","","","","","","","","","","","","","","","","","","","","","","","","BD_ICV_2022"
"","","","","","","","","","","","","","","","","","","","","","","","","","","","","","","","","","","","BD_ICV_2022"
"","","","","","","","","","","","","","","","","","","","","","","","","","","","","","","","","","","","BD_ICV_2022"
"","","","","","","","","","","","","","","","","","","","","","","","","","","","","","","","","","","","BD_ICV_2022"
"","","","","","","","","","","","","","","","","","","","","","","","","","","","","","","","","","","","BD_ICV_2022"
"","","","","","","","","","","","","","","","","","","","","","","","","","","","","","","","","","","","BD_ICV_2022"
"","","","","","","","","","","","","","","","","","","","","","","","","","","","","","","","","","","","BD_ICV_2022"
"","","","","","","","","","","","","","","","","","","","","","","","","","","","","","","","","","","","BD_ICV_2022"
"","","","","","","","","","","","","","","","","","","","","","","","","","","","","","","","","","","","BD_ICV_2022"
"","","","","","","","","","","","","","","","","","","","","","","","","","","","","","","","","","","","BD_ICV_2022"
"","","","","","","","","","","","","","","","","","","","","","","","","","","","","","","","","","","","BD_ICV_2022"
"","","","","","","","","","","","","","","","","","","","","","","","","","","","","","","","","","","","BD_ICV_2022"
"","","","","","","","","","","","","","","","","","","","","","","","","","","","","","","","","","","","BD_ICV_2022"
"","","","","","","","","","","","","","","","","","","","","","","","","","","","","","","","","","","","BD_ICV_2022"
"","","","","","","","","","","","","","","","","","","","","","","","","","","","","","","","","","","","BD_ICV_2022"
"","","","","","","","","","","","","","","","","","","","","","","","","","","","","","","","","","","","BD_ICV_2022"
"","","","","","","","","","","","","","","","","","","","","","","","","","","","","","","","","","","","BD_ICV_2022"
"","","","","","","","","","","","","","","","","","","","","","","","","","","","","","","","","","","","BD_ICV_2022"
"","","","","","","","","","","","","","","","","","","","","","","","","","","","","","","","","","","","BD_ICV_2022"
"","","","","","","","","","","","","","","","","","","","","","","","","","","","","","","","","","","","BD_ICV_2022"
"","","","","","","","","","","","","","","","","","","","","","","","","","","","","","","","","","","","BD_ICV_2022"
"","","","","","","","","","","","","","","","","","","","","","","","","","","","","","","","","","","","BD_ICV_2022"
"","","","","","","","","","","","","","","","","","","","","","","","","","","","","","","","","","","","BD_ICV_2022"
"","","","","","","","","","","","","","","","","","","","","","","","","","","","","","","","","","","","BD_ICV_2022"
"","","","","","","","","","","","","","","","","","","","","","","","","","","","","","","","","","","","BD_ICV_2022"
"","","","","","","","","","","","","","","","","","","","","","","","","","","","","","","","","","","","BD_ICV_2022"
"","","","","","","","","","","","","","","","","","","","","","","","","","","","","","","","","","","","BD_ICV_2022"
"","","","","","","","","","","","","","","","","","","","","","","","","","","","","","","","","","","","BD_ICV_2022"
"","","","","","","","","","","","","","","","","","","","","","","","","","","","","","","","","","","","BD_ICV_2022"
"","","","","","","","","","","","","","","","","","","","","","","","","","","","","","","","","","","","BD_ICV_2022"
"","","","","","","","","","","","","","","","","","","","","","","","","","","","","","","","","","","","BD_ICV_2022"
"","","","","","","","","","","","","","","","","","","","","","","","","","","","","","","","","","","","BD_ICV_2022"
"","","","","","","","","","","","","","","","","","","","","","","","","","","","","","","","","","","","BD_ICV_2022"
"","","","","","","","","","","","","","","","","","","","","","","","","","","","","","","","","","","","BD_ICV_2022"
"","","","","","","","","","","","","","","","","","","","","","","","","","","","","","","","","","","","BD_ICV_2022"
"","","","","","","","","","","","","","","","","","","","","","","","","","","","","","","","","","","","BD_ICV_2022"
"","","","","","","","","","","","","","","","","","","","","","","","","","","","","","","","","","","","BD_ICV_2022"
"","","","","","","","","","","","","","","","","","","","","","","","","","","","","","","","","","","","BD_ICV_2022"
"","","","","","","","","","","","","","","","","","","","","","","","","","","","","","","","","","","","BD_ICV_2022"
"","","","","","","","","","","","","","","","","","","","","","","","","","","","","","","","","","","","BD_ICV_2022"
"","","","","","","","","","","","","","","","","","","","","","","","","","","","","","","","","","","","BD_ICV_2022"
"","","","","","","","","","","","","","","","","","","","","","","","","","","","","","","","","","","","BD_ICV_2022"
"","","","","","","","","","","","","","","","","","","","","","","","","","","","","","","","","","","","BD_ICV_2022"
"","","","","","","","","","","","","","","","","","","","","","","","","","","","","","","","","","","","BD_ICV_2022"
"","","","","","","","","","","","","","","","","","","","","","","","","","","","","","","","","","","","BD_ICV_2022"
"","","","","","","","","","","","","","","","","","","","","","","","","","","","","","","","","","","","BD_ICV_2022"
"","","","","","","","","","","","","","","","","","","","","","","","","","","","","","","","","","","","BD_ICV_2022"
"","","","","","","","","","","","","","","","","","","","","","","","","","","","","","","","","","","","BD_ICV_2022"
"","","","","","","","","","","","","","","","","","","","","","","","","","","","","","","","","","","","BD_ICV_2022"
"","","","","","","","","","","","","","","","","","","","","","","","","","","","","","","","","","","","BD_ICV_2022"
"","","","","","","","","","","","","","","","","","","","","","","","","","","","","","","","","","","","BD_ICV_2022"
"","","","","","","","","","","","","","","","","","","","","","","","","","","","","","","","","","","","BD_ICV_2022"
"","","","","","","","","","","","","","","","","","","","","","","","","","","","","","","","","","","","BD_ICV_2022"
"","","","","","","","","","","","","","","","","","","","","","","","","","","","","","","","","","","","BD_ICV_2022"
"","","","","","","","","","","","","","","","","","","","","","","","","","","","","","","","","","","","BD_ICV_2022"
"","","","","","","","","","","","","","","","","","","","","","","","","","","","","","","","","","","","BD_ICV_2022"
"","","","","","","","","","","","","","","","","","","","","","","","","","","","","","","","","","","","BD_ICV_2022"
"","","","","","","","","","","","","","","","","","","","","","","","","","","","","","","","","","","","BD_ICV_2022"
"","","","","","","","","","","","","","","","","","","","","","","","","","","","","","","","","","","","BD_ICV_2022"
"","","","","","","","","","","","","","","","","","","","","","","","","","","","","","","","","","","","BD_ICV_2022"
"","","","","","","","","","","","","","","","","","","","","","","","","","","","","","","","","","","","BD_ICV_2022"
"","","","","","","","","","","","","","","","","","","","","","","","","","","","","","","","","","","","BD_ICV_2022"
"","","","","","","","","","","","","","","","","","","","","","","","","","","","","","","","","","","","BD_ICV_2022"
"","","","","","","","","","","","","","","","","","","","","","","","","","","","","","","","","","","","BD_ICV_2022"
"","","","","","","","","","","","","","","","","","","","","","","","","","","","","","","","","","","","BD_ICV_2022"
"","","","","","","","","","","","","","","","","","","","","","","","","","","","","","","","","","","","BD_ICV_2022"
"","","","","","","","","","","","","","","","","","","","","","","","","","","","","","","","","","","","BD_ICV_2022"
"","","","","","","","","","","","","","","","","","","","","","","","","","","","","","","","","","","","BD_ICV_2022"
"","","","","","","","","","","","","","","","","","","","","","","","","","","","","","","","","","","","BD_ICV_2022"
"","","","","","","","","","","","","","","","","","","","","","","","","","","","","","","","","","","","BD_ICV_2022"
"","","","","","","","","","","","","","","","","","","","","","","","","","","","","","","","","","","","BD_ICV_2022"
"","","","","","","","","","","","","","","","","","","","","","","","","","","","","","","","","","","","BD_ICV_2022"
"","","","","","","","","","","","","","","","","","","","","","","","","","","","","","","","","","","","BD_ICV_2022"
"","","","","","","","","","","","","","","","","","","","","","","","","","","","","","","","","","","","BD_ICV_2022"
"","","","","","","","","","","","","","","","","","","","","","","","","","","","","","","","","","","","BD_ICV_2022"
"","","","","","","","","","","","","","","","","","","","","","","","","","","","","","","","","","","","BD_ICV_2022"
"","","","","","","","","","","","","","","","","","","","","","","","","","","","","","","","","","","","BD_ICV_2022"
"","","","","","","","","","","","","","","","","","","","","","","","","","","","","","","","","","","","BD_ICV_2022"
"","","","","","","","","","","","","","","","","","","","","","","","","","","","","","","","","","","","BD_ICV_2022"
"","","","","","","","","","","","","","","","","","","","","","","","","","","","","","","","","","","","BD_ICV_2022"
"","","","","","","","","","","","","","","","","","","","","","","","","","","","","","","","","","","","BD_ICV_2022"
"","","","","","","","","","","","","","","","","","","","","","","","","","","","","","","","","","","","BD_ICV_2022"
"","","","","","","","","","","","","","","","","","","","","","","","","","","","","","","","","","","","BD_ICV_2022"
"","","","","","","","","","","","","","","","","","","","","","","","","","","","","","","","","","","","BD_ICV_2022"
"","","","","","","","","","","","","","","","","","","","","","","","","","","","","","","","","","","","BD_ICV_2022"
"","","","","","","","","","","","","","","","","","","","","","","","","","","","","","","","","","","","BD_ICV_2022"
"","","","","","","","","","","","","","","","","","","","","","","","","","","","","","","","","","","","BD_ICV_2022"
"","","","","","","","","","","","","","","","","","","","","","","","","","","","","","","","","","","","BD_ICV_2022"
"","","","","","","","","","","","","","","","","","","","","","","","","","","","","","","","","","","","BD_ICV_2022"
"","","","","","","","","","","","","","","","","","","","","","","","","","","","","","","","","","","","BD_ICV_2022"
"","","","","","","","","","","","","","","","","","","","","","","","","","","","","","","","","","","","BD_ICV_2022"
"","","","","","","","","","","","","","","","","","","","","","","","","","","","","","","","","","","","BD_ICV_2022"
"","","","","","","","","","","","","","","","","","","","","","","","","","","","","","","","","","","","BD_ICV_2022"
"","","","","","","","","","","","","","","","","","","","","","","","","","","","","","","","","","","","BD_ICV_2022"
"","","","","","","","","","","","","","","","","","","","","","","","","","","","","","","","","","","","BD_ICV_2022"
"","","","","","","","","","","","","","","","","","","","","","","","","","","","","","","","","","","","BD_ICV_2022"
"","","","","","","","","","","","","","","","","","","","","","","","","","","","","","","","","","","","BD_ICV_2022"
"","","","","","","","","","","","","","","","","","","","","","","","","","","","","","","","","","","","BD_ICV_2022"
"","","","","","","","","","","","","","","","","","","","","","","","","","","","","","","","","","","","BD_ICV_2022"
"","","","","","","","","","","","","","","","","","","","","","","","","","","","","","","","","","","","BD_ICV_2022"
"","","","","","","","","","","","","","","","","","","","","","","","","","","","","","","","","","","","BD_ICV_2022"
"","","","","","","","","","","","","","","","","","","","","","","","","","","","","","","","","","","","BD_ICV_2022"
"","","","","","","","","","","","","","","","","","","","","","","","","","","","","","","","","","","","BD_ICV_2022"
"","","","","","","","","","","","","","","","","","","","","","","","","","","","","","","","","","","","BD_ICV_2022"
"","","","","","","","","","","","","","","","","","","","","","","","","","","","","","","","","","","","BD_ICV_2022"
"","","","","","","","","","","","","","","","","","","","","","","","","","","","","","","","","","","","BD_ICV_2022"
"","","","","","","","","","","","","","","","","","","","","","","","","","","","","","","","","","","","BD_ICV_2022"
"","","","","","","","","","","","","","","","","","","","","","","","","","","","","","","","","","","","BD_ICV_2022"
"","","","","","","","","","","","","","","","","","","","","","","","","","","","","","","","","","","","BD_ICV_2022"
"","","","","","","","","","","","","","","","","","","","","","","","","","","","","","","","","","","","BD_ICV_2022"
"","","","","","","","","","","","","","","","","","","","","","","","","","","","","","","","","","","","BD_ICV_2022"
"","","","","","","","","","","","","","","","","","","","","","","","","","","","","","","","","","","","BD_ICV_2022"
"","","","","","","","","","","","","","","","","","","","","","","","","","","","","","","","","","","","BD_ICV_2022"
"","","","","","","","","","","","","","","","","","","","","","","","","","","","","","","","","","","","BD_ICV_2022"
"","","","","","","","","","","","","","","","","","","","","","","","","","","","","","","","","","","","BD_ICV_2022"
"","","","","","","","","","","","","","","","","","","","","","","","","","","","","","","","","","","","BD_ICV_2022"
"","","","","","","","","","","","","","","","","","","","","","","","","","","","","","","","","","","","BD_ICV_2022"
"","","","","","","","","","","","","","","","","","","","","","","","","","","","","","","","","","","","BD_ICV_2022"
"","","","","","","","","","","","","","","","","","","","","","","","","","","","","","","","","","","","BD_ICV_2022"
"","","","","","","","","","","","","","","","","","","","","","","","","","","","","","","","","","","","BD_ICV_2022"
"","","","","","","","","","","","","","","","","","","","","","","","","","","","","","","","","","","","BD_ICV_2022"
"","","","","","","","","","","","","","","","","","","","","","","","","","","","","","","","","","","","BD_ICV_2022"
"","","","","","","","","","","","","","","","","","","","","","","","","","","","","","","","","","","","BD_ICV_2022"
"","","","","","","","","","","","","","","","","","","","","","","","","","","","","","","","","","","","BD_ICV_2022"
"","","","","","","","","","","","","","","","","","","","","","","","","","","","","","","","","","","","BD_ICV_2022"
"","","","","","","","","","","","","","","","","","","","","","","","","","","","","","","","","","","","BD_ICV_2022"
"","","","","","","","","","","","","","","","","","","","","","","","","","","","","","","","","","","","BD_ICV_2022"
"","","","","","","","","","","","","","","","","","","","","","","","","","","","","","","","","","","","BD_ICV_2022"
"","","","","","","","","","","","","","","","","","","","","","","","","","","","","","","","","","","","BD_ICV_2022"
"","","","","","","","","","","","","","","","","","","","","","","","","","","","","","","","","","","","BD_ICV_2022"
"","","","","","","","","","","","","","","","","","","","","","","","","","","","","","","","","","","","BD_ICV_2022"
"","","","","","","","","","","","","","","","","","","","","","","","","","","","","","","","","","","","BD_ICV_2022"
"","","","","","","","","","","","","","","","","","","","","","","","","","","","","","","","","","","","BD_ICV_2022"
"","","","","","","","","","","","","","","","","","","","","","","","","","","","","","","","","","","","BD_ICV_2022"
"","","","","","","","","","","","","","","","","","","","","","","","","","","","","","","","","","","","BD_ICV_2022"
"","","","","","","","","","","","","","","","","","","","","","","","","","","","","","","","","","","","BD_ICV_2022"
"","","","","","","","","","","","","","","","","","","","","","","","","","","","","","","","","","","","BD_ICV_2022"
"","","","","","","","","","","","","","","","","","","","","","","","","","","","","","","","","","","","BD_ICV_2022"
"","","","","","","","","","","","","","","","","","","","","","","","","","","","","","","","","","","","BD_ICV_2022"
"","","","","","","","","","","","","","","","","","","","","","","","","","","","","","","","","","","","BD_ICV_2022"
"","","","","","","","","","","","","","","","","","","","","","","","","","","","","","","","","","","","BD_ICV_2022"
"","","","","","","","","","","","","","","","","","","","","","","","","","","","","","","","","","","","BD_ICV_2022"
"","","","","","","","","","","","","","","","","","","","","","","","","","","","","","","","","","","","BD_ICV_2022"
"","","","","","","","","","","","","","","","","","","","","","","","","","","","","","","","","","","","BD_ICV_2022"
"","","","","","","","","","","","","","","","","","","","","","","","","","","","","","","","","","","","BD_ICV_2022"
"","","","","","","","","","","","","","","","","","","","","","","","","","","","","","","","","","","","BD_ICV_2022"
"","","","","","","","","","","","","","","","","","","","","","","","","","","","","","","","","","","","BD_ICV_2022"
"","","","","","","","","","","","","","","","","","","","","","","","","","","","","","","","","","","","BD_ICV_2022"
"","","","","","","","","","","","","","","","","","","","","","","","","","","","","","","","","","","","BD_ICV_2022"
"","","","","","","","","","","","","","","","","","","","","","","","","","","","","","","","","","","","BD_ICV_2022"
"","","","","","","","","","","","","","","","","","","","","","","","","","","","","","","","","","","","BD_ICV_2022"
"","","","","","","","","","","","","","","","","","","","","","","","","","","","","","","","","","","","BD_ICV_2022"
"","","","","","","","","","","","","","","","","","","","","","","","","","","","","","","","","","","","BD_ICV_2022"
"","","","","","","","","","","","","","","","","","","","","","","","","","","","","","","","","","","","BD_ICV_2022"
"","","","","","","","","","","","","","","","","","","","","","","","","","","","","","","","","","","","BD_ICV_2022"
"","","","","","","","","","","","","","","","","","","","","","","","","","","","","","","","","","","","BD_ICV_2022"
"","","","","","","","","","","","","","","","","","","","","","","","","","","","","","","","","","","","BD_ICV_2022"
"","","","","","","","","","","","","","","","","","","","","","","","","","","","","","","","","","","","BD_ICV_2022"
"","","","","","","","","","","","","","","","","","","","","","","","","","","","","","","","","","","","BD_ICV_2022"
"","","","","","","","","","","","","","","","","","","","","","","","","","","","","","","","","","","","BD_ICV_2022"
"","","","","","","","","","","","","","","","","","","","","","","","","","","","","","","","","","","","BD_ICV_2022"
"","","","","","","","","","","","","","","","","","","","","","","","","","","","","","","","","","","","BD_ICV_2022"
"","","","","","","","","","","","","","","","","","","","","","","","","","","","","","","","","","","","BD_ICV_2022"
"","","","","","","","","","","","","","","","","","","","","","","","","","","","","","","","","","","","BD_ICV_2022"
"","","","","","","","","","","","","","","","","","","","","","","","","","","","","","","","","","","","BD_ICV_2022"
"","","","","","","","","","","","","","","","","","","","","","","","","","","","","","","","","","","","BD_ICV_2022"
"","","","","","","","","","","","","","","","","","","","","","","","","","","","","","","","","","","","BD_ICV_2022"
"","","","","","","","","","","","","","","","","","","","","","","","","","","","","","","","","","","","BD_ICV_2022"
"","","","","","","","","","","","","","","","","","","","","","","","","","","","","","","","","","","","BD_ICV_2022"
"","","","","","","","","","","","","","","","","","","","","","","","","","","","","","","","","","","","BD_ICV_2022"
"","","","","","","","","","","","","","","","","","","","","","","","","","","","","","","","","","","","BD_ICV_2022"
"","","","","","","","","","","","","","","","","","","","","","","","","","","","","","","","","","","","BD_ICV_2022"
"","","","","","","","","","","","","","","","","","","","","","","","","","","","","","","","","","","","BD_ICV_2022"
"","","","","","","","","","","","","","","","","","","","","","","","","","","","","","","","","","","","BD_ICV_2022"
"","","","","","","","","","","","","","","","","","","","","","","","","","","","","","","","","","","","BD_ICV_2022"
"","","","","","","","","","","","","","","","","","","","","","","","","","","","","","","","","","","","BD_ICV_2022"
"","","","","","","","","","","","","","","","","","","","","","","","","","","","","","","","","","","","BD_ICV_2022"
"","","","","","","","","","","","","","","","","","","","","","","","","","","","","","","","","","","","BD_ICV_2022"
"","","","","","","","","","","","","","","","","","","","","","","","","","","","","","","","","","","","BD_ICV_2022"
"","","","","","","","","","","","","","","","","","","","","","","","","","","","","","","","","","","","BD_ICV_2022"
"","","","","","","","","","","","","","","","","","","","","","","","","","","","","","","","","","","","BD_ICV_2022"
"","","","","","","","","","","","","","","","","","","","","","","","","","","","","","","","","","","","BD_ICV_2022"
"","","","","","","","","","","","","","","","","","","","","","","","","","","","","","","","","","","","BD_ICV_2022"
"","","","","","","","","","","","","","","","","","","","","","","","","","","","","","","","","","","","BD_ICV_2022"
"","","","","","","","","","","","","","","","","","","","","","","","","","","","","","","","","","","","BD_ICV_2022"
"","","","","","","","","","","","","","","","","","","","","","","","","","","","","","","","","","","","BD_ICV_2022"
"","","","","","","","","","","","","","","","","","","","","","","","","","","","","","","","","","","","BD_ICV_2022"
"","","","","","","","","","","","","","","","","","","","","","","","","","","","","","","","","","","","BD_ICV_2022"
"","","","","","","","","","","","","","","","","","","","","","","","","","","","","","","","","","","","BD_ICV_2022"
"","","","","","","","","","","","","","","","","","","","","","","","","","","","","","","","","","","","BD_ICV_2022"
"","","","","","","","","","","","","","","","","","","","","","","","","","","","","","","","","","","","BD_ICV_2022"
"","","","","","","","","","","","","","","","","","","","","","","","","","","","","","","","","","","","BD_ICV_2022"
"","","","","","","","","","","","","","","","","","","","","","","","","","","","","","","","","","","","BD_ICV_2022"
"","","","","","","","","","","","","","","","","","","","","","","","","","","","","","","","","","","","BD_ICV_2022"
"","","","","","","","","","","","","","","","","","","","","","","","","","","","","","","","","","","","BD_ICV_2022"
"","","","","","","","","","","","","","","","","","","","","","","","","","","","","","","","","","","","BD_ICV_2022"
"","","","","","","","","","","","","","","","","","","","","","","","","","","","","","","","","","","","BD_ICV_2022"
"","","","","","","","","","","","","","","","","","","","","","","","","","","","","","","","","","","","BD_ICV_2022"
"","","","","","","","","","","","","","","","","","","","","","","","","","","","","","","","","","","","BD_ICV_2022"
"","","","","","","","","","","","","","","","","","","","","","","","","","","","","","","","","","","","BD_ICV_2022"
"","","","","","","","","","","","","","","","","","","","","","","","","","","","","","","","","","","","BD_ICV_2022"
"","","","","","","","","","","","","","","","","","","","","","","","","","","","","","","","","","","","BD_ICV_2022"
"","","","","","","","","","","","","","","","","","","","","","","","","","","","","","","","","","","","BD_ICV_2022"
"","","","","","","","","","","","","","","","","","","","","","","","","","","","","","","","","","","","BD_ICV_2022"
"","","","","","","","","","","","","","","","","","","","","","","","","","","","","","","","","","","","BD_ICV_2022"
"","","","","","","","","","","","","","","","","","","","","","","","","","","","","","","","","","","","BD_ICV_2022"
"","","","","","","","","","","","","","","","","","","","","","","","","","","","","","","","","","","","BD_ICV_2022"
"","","","","","","","","","","","","","","","","","","","","","","","","","","","","","","","","","","","BD_ICV_2022"
"","","","","","","","","","","","","","","","","","","","","","","","","","","","","","","","","","","","BD_ICV_2022"
"","","","","","","","","","","","","","","","","","","","","","","","","","","","","","","","","","","","BD_ICV_2022"
"","","","","","","","","","","","","","","","","","","","","","","","","","","","","","","","","","","","BD_ICV_2022"
"","","","","","","","","","","","","","","","","","","","","","","","","","","","","","","","","","","","BD_ICV_2022"
"","","","","","","","","","","","","","","","","","","","","","","","","","","","","","","","","","","","BD_ICV_2022"
"","","","","","","","","","","","","","","","","","","","","","","","","","","","","","","","","","","","BD_ICV_2022"
"","","","","","","","","","","","","","","","","","","","","","","","","","","","","","","","","","","","BD_ICV_2022"
"","","","","","","","","","","","","","","","","","","","","","","","","","","","","","","","","","","","BD_ICV_2022"
"","","","","","","","","","","","","","","","","","","","","","","","","","","","","","","","","","","","BD_ICV_2022"
"","","","","","","","","","","","","","","","","","","","","","","","","","","","","","","","","","","","BD_ICV_2022"
"","","","","","","","","","","","","","","","","","","","","","","","","","","","","","","","","","","","BD_ICV_2022"
"","","","","","","","","","","","","","","","","","","","","","","","","","","","","","","","","","","","BD_ICV_2022"
"","","","","","","","","","","","","","","","","","","","","","","","","","","","","","","","","","","","BD_ICV_2022"
"","","","","","","","","","","","","","","","","","","","","","","","","","","","","","","","","","","","BD_ICV_2022"
"","","","","","","","","","","","","","","","","","","","","","","","","","","","","","","","","","","","BD_ICV_2022"
"","","","","","","","","","","","","","","","","","","","","","","","","","","","","","","","","","","","BD_ICV_2022"
"","","","","","","","","","","","","","","","","","","","","","","","","","","","","","","","","","","","BD_ICV_2022"
"","","","","","","","","","","","","","","","","","","","","","","","","","","","","","","","","","","","BD_ICV_2022"
"","","","","","","","","","","","","","","","","","","","","","","","","","","","","","","","","","","","BD_ICV_2022"
"","","","","","","","","","","","","","","","","","","","","","","","","","","","","","","","","","","","BD_ICV_2022"
"","","","","","","","","","","","","","","","","","","","","","","","","","","","","","","","","","","","BD_ICV_2022"
"","","","","","","","","","","","","","","","","","","","","","","","","","","","","","","","","","","","BD_ICV_2022"
"","","","","","","","","","","","","","","","","","","","","","","","","","","","","","","","","","","","BD_ICV_2022"
"","","","","","","","","","","","","","","","","","","","","","","","","","","","","","","","","","","","BD_ICV_2022"
"","","","","","","","","","","","","","","","","","","","","","","","","","","","","","","","","","","","BD_ICV_2022"
"","","","","","","","","","","","","","","","","","","","","","","","","","","","","","","","","","","","BD_ICV_2022"
"","","","","","","","","","","","","","","","","","","","","","","","","","","","","","","","","","","","BD_ICV_2022"
"","","","","","","","","","","","","","","","","","","","","","","","","","","","","","","","","","","","BD_ICV_2022"
"","","","","","","","","","","","","","","","","","","","","","","","","","","","","","","","","","","","BD_ICV_2022"
"","","","","","","","","","","","","","","","","","","","","","","","","","","","","","","","","","","","BD_ICV_2022"
"","","","","","","","","","","","","","","","","","","","","","","","","","","","","","","","","","","","BD_ICV_2022"
"","","","","","","","","","","","","","","","","","","","","","","","","","","","","","","","","","","","BD_ICV_2022"
"","","","","","","","","","","","","","","","","","","","","","","","","","","","","","","","","","","","BD_ICV_2022"
"","","","","","","","","","","","","","","","","","","","","","","","","","","","","","","","","","","","BD_ICV_2022"
"","","","","","","","","","","","","","","","","","","","","","","","","","","","","","","","","","","","BD_ICV_2022"
"","","","","","","","","","","","","","","","","","","","","","","","","","","","","","","","","","","","BD_ICV_2022"
"","","","","","","","","","","","","","","","","","","","","","","","","","","","","","","","","","","","BD_ICV_2022"
"","","","","","","","","","","","","","","","","","","","","","","","","","","","","","","","","","","","BD_ICV_2022"
"","","","","","","","","","","","","","","","","","","","","","","","","","","","","","","","","","","","BD_ICV_2022"
"","","","","","","","","","","","","","","","","","","","","","","","","","","","","","","","","","","","BD_ICV_2022"
"","","","","","","","","","","","","","","","","","","","","","","","","","","","","","","","","","","","BD_ICV_2022"
"","","","","","","","","","","","","","","","","","","","","","","","","","","","","","","","","","","","BD_ICV_2022"
"","","","","","","","","","","","","","","","","","","","","","","","","","","","","","","","","","","","BD_ICV_2022"
"","","","","","","","","","","","","","","","","","","","","","","","","","","","","","","","","","","","BD_ICV_2022"
"","","","","","","","","","","","","","","","","","","","","","","","","","","","","","","","","","","","BD_ICV_2022"
"","","","","","","","","","","","","","","","","","","","","","","","","","","","","","","","","","","","BD_ICV_2022"
"","","","","","","","","","","","","","","","","","","","","","","","","","","","","","","","","","","","BD_ICV_2022"
"","","","","","","","","","","","","","","","","","","","","","","","","","","","","","","","","","","","BD_ICV_2022"
"","","","","","","","","","","","","","","","","","","","","","","","","","","","","","","","","","","","BD_ICV_2022"
"","","","","","","","","","","","","","","","","","","","","","","","","","","","","","","","","","","","BD_ICV_2022"
"","","","","","","","","","","","","","","","","","","","","","","","","","","","","","","","","","","","BD_ICV_2022"
"","","","","","","","","","","","","","","","","","","","","","","","","","","","","","","","","","","","BD_ICV_2022"
"","","","","","","","","","","","","","","","","","","","","","","","","","","","","","","","","","","","BD_ICV_2022"
"","","","","","","","","","","","","","","","","","","","","","","","","","","","","","","","","","","","BD_ICV_2022"
"","","","","","","","","","","","","","","","","","","","","","","","","","","","","","","","","","","","BD_ICV_2022"
"","","","","","","","","","","","","","","","","","","","","","","","","","","","","","","","","","","","BD_ICV_2022"
"","","","","","","","","","","","","","","","","","","","","","","","","","","","","","","","","","","","BD_ICV_2022"
"","","","","","","","","","","","","","","","","","","","","","","","","","","","","","","","","","","","BD_ICV_2022"
"","","","","","","","","","","","","","","","","","","","","","","","","","","","","","","","","","","","BD_ICV_2022"
"","","","","","","","","","","","","","","","","","","","","","","","","","","","","","","","","","","","BD_ICV_2022"
"","","","","","","","","","","","","","","","","","","","","","","","","","","","","","","","","","","","BD_ICV_2022"
"","","","","","","","","","","","","","","","","","","","","","","","","","","","","","","","","","","","BD_ICV_2022"
"","","","","","","","","","","","","","","","","","","","","","","","","","","","","","","","","","","","BD_ICV_2022"
"","","","","","","","","","","","","","","","","","","","","","","","","","","","","","","","","","","","BD_ICV_2022"
"","","","","","","","","","","","","","","","","","","","","","","","","","","","","","","","","","","","BD_ICV_2022"
"","","","","","","","","","","","","","","","","","","","","","","","","","","","","","","","","","","","BD_ICV_2022"
"","","","","","","","","","","","","","","","","","","","","","","","","","","","","","","","","","","","BD_ICV_2022"
"","","","","","","","","","","","","","","","","","","","","","","","","","","","","","","","","","","","BD_ICV_2022"
"","","","","","","","","","","","","","","","","","","","","","","","","","","","","","","","","","","","BD_ICV_2022"
"","","","","","","","","","","","","","","","","","","","","","","","","","","","","","","","","","","","BD_ICV_2022"
"","","","","","","","","","","","","","","","","","","","","","","","","","","","","","","","","","","","BD_ICV_2022"
"","","","","","","","","","","","","","","","","","","","","","","","","","","","","","","","","","","","BD_ICV_2022"
"","","","","","","","","","","","","","","","","","","","","","","","","","","","","","","","","","","","BD_ICV_2022"
"","","","","","","","","","","","","","","","","","","","","","","","","","","","","","","","","","","","BD_ICV_2022"
"","","","","","","","","","","","","","","","","","","","","","","","","","","","","","","","","","","","BD_ICV_2022"
"","","","","","","","","","","","","","","","","","","","","","","","","","","","","","","","","","","","BD_ICV_2022"
"","","","","","","","","","","","","","","","","","","","","","","","","","","","","","","","","","","","BD_ICV_2022"
"","","","","","","","","","","","","","","","","","","","","","","","","","","","","","","","","","","","BD_ICV_2022"
"","","","","","","","","","","","","","","","","","","","","","","","","","","","","","","","","","","","BD_ICV_2022"
"","","","","","","","","","","","","","","","","","","","","","","","","","","","","","","","","","","","BD_ICV_2022"
"","","","","","","","","","","","","","","","","","","","","","","","","","","","","","","","","","","","BD_ICV_2022"
"","","","","","","","","","","","","","","","","","","","","","","","","","","","","","","","","","","","BD_ICV_2022"
"","","","","","","","","","","","","","","","","","","","","","","","","","","","","","","","","","","","BD_ICV_2022"
"","","","","","","","","","","","","","","","","","","","","","","","","","","","","","","","","","","","BD_ICV_2022"
"","","","","","","","","","","","","","","","","","","","","","","","","","","","","","","","","","","","BD_ICV_2022"
"","","","","","","","","","","","","","","","","","","","","","","","","","","","","","","","","","","","BD_ICV_2022"
"","","","","","","","","","","","","","","","","","","","","","","","","","","","","","","","","","","","BD_ICV_2022"
"","","","","","","","","","","","","","","","","","","","","","","","","","","","","","","","","","","","BD_ICV_2022"
"","","","","","","","","","","","","","","","","","","","","","","","","","","","","","","","","","","","BD_ICV_2022"
"","","","","","","","","","","","","","","","","","","","","","","","","","","","","","","","","","","","BD_ICV_2022"
"","","","","","","","","","","","","","","","","","","","","","","","","","","","","","","","","","","","BD_ICV_2022"
"","","","","","","","","","","","","","","","","","","","","","","","","","","","","","","","","","","","BD_ICV_2022"
"","","","","","","","","","","","","","","","","","","","","","","","","","","","","","","","","","","","BD_ICV_2022"
"","","","","","","","","","","","","","","","","","","","","","","","","","","","","","","","","","","","BD_ICV_2022"
"","","","","","","","","","","","","","","","","","","","","","","","","","","","","","","","","","","","BD_ICV_2022"
"","","","","","","","","","","","","","","","","","","","","","","","","","","","","","","","","","","","BD_ICV_2022"
"","","","","","","","","","","","","","","","","","","","","","","","","","","","","","","","","","","","BD_ICV_2022"
"","","","","","","","","","","","","","","","","","","","","","","","","","","","","","","","","","","","BD_ICV_2022"
"","","","","","","","","","","","","","","","","","","","","","","","","","","","","","","","","","","","BD_ICV_2022"
"","","","","","","","","","","","","","","","","","","","","","","","","","","","","","","","","","","","BD_ICV_2022"
"","","","","","","","","","","","","","","","","","","","","","","","","","","","","","","","","","","","BD_ICV_2022"
"","","","","","","","","","","","","","","","","","","","","","","","","","","","","","","","","","","","BD_ICV_2022"
"","","","","","","","","","","","","","","","","","","","","","","","","","","","","","","","","","","","BD_ICV_2022"
"","","","","","","","","","","","","","","","","","","","","","","","","","","","","","","","","","","","BD_ICV_2022"
"","","","","","","","","","","","","","","","","","","","","","","","","","","","","","","","","","","","BD_ICV_2022"
"","","","","","","","","","","","","","","","","","","","","","","","","","","","","","","","","","","","BD_ICV_2022"
"","","","","","","","","","","","","","","","","","","","","","","","","","","","","","","","","","","","BD_ICV_2022"
"","","","","","","","","","","","","","","","","","","","","","","","","","","","","","","","","","","","BD_ICV_2022"
"","","","","","","","","","","","","","","","","","","","","","","","","","","","","","","","","","","","BD_ICV_2022"
"","","","","","","","","","","","","","","","","","","","","","","","","","","","","","","","","","","","BD_ICV_2022"
"","","","","","","","","","","","","","","","","","","","","","","","","","","","","","","","","","","","BD_ICV_2022"
"","","","","","","","","","","","","","","","","","","","","","","","","","","","","","","","","","","","BD_ICV_2022"
"","","","","","","","","","","","","","","","","","","","","","","","","","","","","","","","","","","","BD_ICV_2022"
"","","","","","","","","","","","","","","","","","","","","","","","","","","","","","","","","","","","BD_ICV_2022"
"","","","","","","","","","","","","","","","","","","","","","","","","","","","","","","","","","","","BD_ICV_2022"
"","","","","","","","","","","","","","","","","","","","","","","","","","","","","","","","","","","","BD_ICV_2022"
"","","","","","","","","","","","","","","","","","","","","","","","","","","","","","","","","","","","BD_ICV_2022"
"","","","","","","","","","","","","","","","","","","","","","","","","","","","","","","","","","","","BD_ICV_2022"
"","","","","","","","","","","","","","","","","","","","","","","","","","","","","","","","","","","","BD_ICV_2022"
"","","","","","","","","","","","","","","","","","","","","","","","","","","","","","","","","","","","BD_ICV_2022"
"","","","","","","","","","","","","","","","","","","","","","","","","","","","","","","","","","","","BD_ICV_2022"
"","","","","","","","","","","","","","","","","","","","","","","","","","","","","","","","","","","","BD_ICV_2022"
"","","","","","","","","","","","","","","","","","","","","","","","","","","","","","","","","","","","BD_ICV_2022"
"","","","","","","","","","","","","","","","","","","","","","","","","","","","","","","","","","","","BD_ICV_2022"
"","","","","","","","","","","","","","","","","","","","","","","","","","","","","","","","","","","","BD_ICV_2022"
"","","","","","","","","","","","","","","","","","","","","","","","","","","","","","","","","","","","BD_ICV_2022"
"","","","","","","","","","","","","","","","","","","","","","","","","","","","","","","","","","","","BD_ICV_2022"
"","","","","","","","","","","","","","","","","","","","","","","","","","","","","","","","","","","","BD_ICV_2022"
"","","","","","","","","","","","","","","","","","","","","","","","","","","","","","","","","","","","BD_ICV_2022"
"","","","","","","","","","","","","","","","","","","","","","","","","","","","","","","","","","","","BD_ICV_2022"
"","","","","","","","","","","","","","","","","","","","","","","","","","","","","","","","","","","","BD_ICV_2022"
"","","","","","","","","","","","","","","","","","","","","","","","","","","","","","","","","","","","BD_ICV_2022"
"","","","","","","","","","","","","","","","","","","","","","","","","","","","","","","","","","","","BD_ICV_2022"
"","","","","","","","","","","","","","","","","","","","","","","","","","","","","","","","","","","","BD_ICV_2022"
"","","","","","","","","","","","","","","","","","","","","","","","","","","","","","","","","","","","BD_ICV_2022"
"","","","","","","","","","","","","","","","","","","","","","","","","","","","","","","","","","","","BD_ICV_2022"
"","","","","","","","","","","","","","","","","","","","","","","","","","","","","","","","","","","","BD_ICV_2022"
"","","","","","","","","","","","","","","","","","","","","","","","","","","","","","","","","","","","BD_ICV_2022"
"","","","","","","","","","","","","","","","","","","","","","","","","","","","","","","","","","","","BD_ICV_2022"
"","","","","","","","","","","","","","","","","","","","","","","","","","","","","","","","","","","","BD_ICV_2022"
"","","","","","","","","","","","","","","","","","","","","","","","","","","","","","","","","","","","BD_ICV_2022"
"","","","","","","","","","","","","","","","","","","","","","","","","","","","","","","","","","","","BD_ICV_2022"
"","","","","","","","","","","","","","","","","","","","","","","","","","","","","","","","","","","","BD_ICV_2022"
"","","","","","","","","","","","","","","","","","","","","","","","","","","","","","","","","","","","BD_ICV_2022"
"","","","","","","","","","","","","","","","","","","","","","","","","","","","","","","","","","","","BD_ICV_2022"
"","","","","","","","","","","","","","","","","","","","","","","","","","","","","","","","","","","","BD_ICV_2022"
"","","","","","","","","","","","","","","","","","","","","","","","","","","","","","","","","","","","BD_ICV_2022"
"","","","","","","","","","","","","","","","","","","","","","","","","","","","","","","","","","","","BD_ICV_2022"
"","","","","","","","","","","","","","","","","","","","","","","","","","","","","","","","","","","","BD_ICV_2022"
"","","","","","","","","","","","","","","","","","","","","","","","","","","","","","","","","","","","BD_ICV_2022"
"","","","","","","","","","","","","","","","","","","","","","","","","","","","","","","","","","","","BD_ICV_2022"
"","","","","","","","","","","","","","","","","","","","","","","","","","","","","","","","","","","","BD_ICV_2022"
"","","","","","","","","","","","","","","","","","","","","","","","","","","","","","","","","","","","BD_ICV_2022"
"","","","","","","","","","","","","","","","","","","","","","","","","","","","","","","","","","","","BD_ICV_2022"
"","","","","","","","","","","","","","","","","","","","","","","","","","","","","","","","","","","","BD_ICV_2022"
"","","","","","","","","","","","","","","","","","","","","","","","","","","","","","","","","","","","BD_ICV_2022"
"","","","","","","","","","","","","","","","","","","","","","","","","","","","","","","","","","","","BD_ICV_2022"
"","","","","","","","","","","","","","","","","","","","","","","","","","","","","","","","","","","","BD_ICV_2022"
"","","","","","","","","","","","","","","","","","","","","","","","","","","","","","","","","","","","BD_ICV_2022"
"","","","","","","","","","","","","","","","","","","","","","","","","","","","","","","","","","","","BD_ICV_2022"
"","","","","","","","","","","","","","","","","","","","","","","","","","","","","","","","","","","","BD_ICV_2022"
"","","","","","","","","","","","","","","","","","","","","","","","","","","","","","","","","","","","BD_ICV_2022"
"","","","","","","","","","","","","","","","","","","","","","","","","","","","","","","","","","","","BD_ICV_2022"
"","","","","","","","","","","","","","","","","","","","","","","","","","","","","","","","","","","","BD_ICV_2022"
"","","","","","","","","","","","","","","","","","","","","","","","","","","","","","","","","","","","BD_ICV_2022"
"","","","","","","","","","","","","","","","","","","","","","","","","","","","","","","","","","","","BD_ICV_2022"
"","","","","","","","","","","","","","","","","","","","","","","","","","","","","","","","","","","","BD_ICV_2022"
"","","","","","","","","","","","","","","","","","","","","","","","","","","","","","","","","","","","BD_ICV_2022"
"","","","","","","","","","","","","","","","","","","","","","","","","","","","","","","","","","","","BD_ICV_2022"
"","","","","","","","","","","","","","","","","","","","","","","","","","","","","","","","","","","","BD_ICV_2022"
"","","","","","","","","","","","","","","","","","","","","","","","","","","","","","","","","","","","BD_ICV_2022"
"","","","","","","","","","","","","","","","","","","","","","","","","","","","","","","","","","","","BD_ICV_2022"
"","","","","","","","","","","","","","","","","","","","","","","","","","","","","","","","","","","","BD_ICV_2022"
"","","","","","","","","","","","","","","","","","","","","","","","","","","","","","","","","","","","BD_ICV_2022"
"","","","","","","","","","","","","","","","","","","","","","","","","","","","","","","","","","","","BD_ICV_2022"
"","","","","","","","","","","","","","","","","","","","","","","","","","","","","","","","","","","","BD_ICV_2022"
"","","","","","","","","","","","","","","","","","","","","","","","","","","","","","","","","","","","BD_ICV_2022"
"","","","","","","","","","","","","","","","","","","","","","","","","","","","","","","","","","","","BD_ICV_2022"
"","","","","","","","","","","","","","","","","","","","","","","","","","","","","","","","","","","","BD_ICV_2022"
"","","","","","","","","","","","","","","","","","","","","","","","","","","","","","","","","","","","BD_ICV_2022"
"","","","","","","","","","","","","","","","","","","","","","","","","","","","","","","","","","","","BD_ICV_2022"
"","","","","","","","","","","","","","","","","","","","","","","","","","","","","","","","","","","","BD_ICV_2022"
"","","","","","","","","","","","","","","","","","","","","","","","","","","","","","","","","","","","BD_ICV_2022"
"","","","","","","","","","","","","","","","","","","","","","","","","","","","","","","","","","","","BD_ICV_2022"
"","","","","","","","","","","","","","","","","","","","","","","","","","","","","","","","","","","","BD_ICV_2022"
"","","","","","","","","","","","","","","","","","","","","","","","","","","","","","","","","","","","BD_ICV_2022"
"","","","","","","","","","","","","","","","","","","","","","","","","","","","","","","","","","","","BD_ICV_2022"
"","","","","","","","","","","","","","","","","","","","","","","","","","","","","","","","","","","","BD_ICV_2022"
"","","","","","","","","","","","","","","","","","","","","","","","","","","","","","","","","","","","BD_ICV_2022"
"","","","","","","","","","","","","","","","","","","","","","","","","","","","","","","","","","","","BD_ICV_2022"
"","","","","","","","","","","","","","","","","","","","","","","","","","","","","","","","","","","","BD_ICV_2022"
"","","","","","","","","","","","","","","","","","","","","","","","","","","","","","","","","","","","BD_ICV_2022"
"","","","","","","","","","","","","","","","","","","","","","","","","","","","","","","","","","","","BD_ICV_2022"
"","","","","","","","","","","","","","","","","","","","","","","","","","","","","","","","","","","","BD_ICV_2022"
"","","","","","","","","","","","","","","","","","","","","","","","","","","","","","","","","","","","BD_ICV_2022"
"","","","","","","","","","","","","","","","","","","","","","","","","","","","","","","","","","","","BD_ICV_2022"
"","","","","","","","","","","","","","","","","","","","","","","","","","","","","","","","","","","","BD_ICV_2022"
"","","","","","","","","","","","","","","","","","","","","","","","","","","","","","","","","","","","BD_ICV_2022"
"","","","","","","","","","","","","","","","","","","","","","","","","","","","","","","","","","","","BD_ICV_2022"
"","","","","","","","","","","","","","","","","","","","","","","","","","","","","","","","","","","","BD_ICV_2022"
"","","","","","","","","","","","","","","","","","","","","","","","","","","","","","","","","","","","BD_ICV_2022"
"","","","","","","","","","","","","","","","","","","","","","","","","","","","","","","","","","","","BD_ICV_2022"
"","","","","","","","","","","","","","","","","","","","","","","","","","","","","","","","","","","","BD_ICV_2022"
"","","","","","","","","","","","","","","","","","","","","","","","","","","","","","","","","","","","BD_ICV_2022"
"","","","","","","","","","","","","","","","","","","","","","","","","","","","","","","","","","","","BD_ICV_2022"
"","","","","","","","","","","","","","","","","","","","","","","","","","","","","","","","","","","","BD_ICV_2022"
"","","","","","","","","","","","","","","","","","","","","","","","","","","","","","","","","","","","BD_ICV_2022"
"","","","","","","","","","","","","","","","","","","","","","","","","","","","","","","","","","","","BD_ICV_2022"
"","","","","","","","","","","","","","","","","","","","","","","","","","","","","","","","","","","","BD_ICV_2022"
"","","","","","","","","","","","","","","","","","","","","","","","","","","","","","","","","","","","BD_ICV_2022"
"","","","","","","","","","","","","","","","","","","","","","","","","","","","","","","","","","","","BD_ICV_2022"
"","","","","","","","","","","","","","","","","","","","","","","","","","","","","","","","","","","","BD_ICV_2022"
"","","","","","","","","","","","","","","","","","","","","","","","","","","","","","","","","","","","BD_ICV_2022"
"","","","","","","","","","","","","","","","","","","","","","","","","","","","","","","","","","","","BD_ICV_2022"
"","","","","","","","","","","","","","","","","","","","","","","","","","","","","","","","","","","","BD_ICV_2022"
"","","","","","","","","","","","","","","","","","","","","","","","","","","","","","","","","","","","BD_ICV_2022"
"","","","","","","","","","","","","","","","","","","","","","","","","","","","","","","","","","","","BD_ICV_2022"
"","","","","","","","","","","","","","","","","","","","","","","","","","","","","","","","","","","","BD_ICV_2022"
"","","","","","","","","","","","","","","","","","","","","","","","","","","","","","","","","","","","BD_ICV_2022"
"","","","","","","","","","","","","","","","","","","","","","","","","","","","","","","","","","","","BD_ICV_2022"
"","","","","","","","","","","","","","","","","","","","","","","","","","","","","","","","","","","","BD_ICV_2022"
"","","","","","","","","","","","","","","","","","","","","","","","","","","","","","","","","","","","BD_ICV_2022"
"","","","","","","","","","","","","","","","","","","","","","","","","","","","","","","","","","","","BD_ICV_2022"
"","","","","","","","","","","","","","","","","","","","","","","","","","","","","","","","","","","","BD_ICV_2022"
"","","","","","","","","","","","","","","","","","","","","","","","","","","","","","","","","","","","BD_ICV_2022"
"","","","","","","","","","","","","","","","","","","","","","","","","","","","","","","","","","","","BD_ICV_2022"
"","","","","","","","","","","","","","","","","","","","","","","","","","","","","","","","","","","","BD_ICV_2022"
"","","","","","","","","","","","","","","","","","","","","","","","","","","","","","","","","","","","BD_ICV_2022"
"","","","","","","","","","","","","","","","","","","","","","","","","","","","","","","","","","","","BD_ICV_2022"
"","","","","","","","","","","","","","","","","","","","","","","","","","","","","","","","","","","","BD_ICV_2022"
"","","","","","","","","","","","","","","","","","","","","","","","","","","","","","","","","","","","BD_ICV_2022"
"","","","","","","","","","","","","","","","","","","","","","","","","","","","","","","","","","","","BD_ICV_2022"
"","","","","","","","","","","","","","","","","","","","","","","","","","","","","","","","","","","","BD_ICV_2022"
"","","","","","","","","","","","","","","","","","","","","","","","","","","","","","","","","","","","BD_ICV_2022"
